sample_theme,openalex_id,doi,year,themes,title,abstract,judgment,note
dark_vessels,W2224714789,,2015,dark_vessels,CRIMEA ELECTRIFIES UKRAINIAN POLITICS,"CRIMEA ELECTRIFIES UKRAINIAN POLITICS. (By Tatyana Ivzhenko. Nezavisimaya
 gazeta, Nov. 23, 2015, p. 1. Condensed text:) . . . situation along the
 border of Kherson Province and the Crimea once again found itself in the spotlight
 late last week, when unknown persons blew up four pylons that carry high-voltage
 power lines in Genichesky and Chaplinsky districts. pylons did not collapse
 but were damaged. ... On Saturday [Nov. 21], Ukrainian police tried push back activists blockading
 the Crimea in order give emergency crews access the pylons. According to
 the Ukrainian media, the operation was headed by Ilya Kiva, head of the Ukrainian
 Internal Affairs Ministry's antinarcotics department. He explained, The main
 task was protect the lives of the protesters at the site of the accident - the damaged pylons are still carrying 350,000 volts of electricity, and if one
 of them were collapse, it would kill anyone within 500 meters of it. ... But those explanations came later. According Crimean Tatar leader Mustafa
 Dzhemilev, in the morning, the police did not explain why they stormed [the
 protesters]: That's why activists blocking [the roads] thought that someone had
 decided help out the [Russian] occupying forces. A fight broke out, resulting
 in injured police officers, activists and journalists. During the day, it became
 known that emergency crews had completed grounding the pylons. But the evening
 brought reports of new explosions. The pylons have just ",not relevant,News digest on Ukrainian politics; 'went dark' means a blackout.
dark_vessels,W2592354307,10.1163/22116427_008010013,2017,dark_vessels;iuu_remote_sensing,How Satellites Can Support the Information Requirements of the Polar Code,"In 2000, the International Maritime Organization (IMO) adopted a new requirement for all international and cargo ships exceeding a certain size, and all passenger ships, to carry Automatic Identification System (AIS) transponders capable of providing information about the ship to other ships and to coastal authorities automatically. The requirement became effective for all ships on 31 December 2004. AIS provides other vessels with information about, for example, a ship’s identity, position, course, speed and destination. The IMO is finalizing implementation of the Polar Code for the safety of vessels, which will apply in both polar waters and will require additional information about the profile of the fleets of ships operating there. However it must be noted that the AIS data is generally only available from legitimate operators (for example, licensed fishers, tourist operators and vessels on government service) and if the AIS transponder is turned off, the vessel becomes virtually invisible. This methodology, therefore, is not a stand-alone system. Norway has currently two satellites in polar orbit capable of receiving AIS signals. AIS is an excellent tool to track tourist vessels and as such create situational awareness and assist in search and rescue operations in the Arctic. The paper presents findings from three regions in the High Arctic: east of the coast of Greenland, north of Svalbard and surrounding the Russian archipelago of Franz Joseph Land, for the years 2010 t",relevant,
dark_vessels,W2608946399,10.33012/2017.14958,2017,dark_vessels,Counteracting the Effects of GNSS Jamming in a Maritime Multi-Target Scenario by Fusing AIS with Radar Data,"With the introduction of the Automatic Identification System (AIS) in 2004, GNSS became a cornerstone for traffic situation assessment in the maritime domain. In this paper we study the impact of GNSS jamming on AIS and explore means of compensating potential AIS outages by fusing AIS with a GPS independent sensor such as radar. An IMM-JPDA filter was designed for multi-target tracking in presence of radar measurements originating from clutter. To demonstrate the working principle of the proposed scheme a dedicated measurement campaign was conducted in the Baltic Sea. In total three vessels were involved, two of them performing highly dynamic maneuvers at sea with the third vessel being anchored in the center of these maneuvers. This static vessel did not only monitor the scene by her radar, but was also equipped with a commercial high power GPS jammer.",relevant,
dark_vessels,W2793227382,10.1093/icesjms/fsx230,2017,dark_vessels,A comparison of VMS and AIS data: the effect of data coverage and vessel position recording frequency on estimates of fishing footprints,"Abstract Understanding the distribution of fishing activity is fundamental to quantifying its impact on the seabed. Vessel monitoring system (VMS) data provides a means to understand the footprint (extent and intensity) of fishing activity. Automatic Identification System (AIS) data could offer a higher resolution alternative to VMS data, but differences in coverage and interpretation need to be better understood. VMS and AIS data were compared for individual scallop fishing vessels. There were substantial gaps in the AIS data coverage; AIS data only captured 26% of the time spent fishing compared to VMS data. The amount of missing data varied substantially between vessels (45–99% of each individuals' AIS data were missing). A cubic Hermite spline interpolation of VMS data provided the greatest similarity between VMS and AIS data. But the scale at which the data were analysed (size of the grid cells) had the greatest influence on estimates of fishing footprints. The present gaps in coverage of AIS may make it inappropriate for absolute estimates of fishing activity. VMS already provides a means of collecting more complete fishing position data, shielded from public view. Hence, there is an incentive to increase the VMS poll frequency to calculate more accurate fishing footprints.",relevant,
dark_vessels,W2889603650,10.23919/icif.2018.8455854,2018,dark_vessels,Maritime Anomaly Detection Based on Mean-Reverting Stochastic Processes Applied to a Real-World Scenario,"A novel anomaly detection procedure is presented, based on the Ornstein-Uhlenbeck (OU) mean-reverting stochastic process. The considered anomaly is a vessel that deviates from a planned route, changing its nominal velocity. In order to hide this behavior, the vessel switches off its Automatic Identification System (AIS) device for a certain time, and then tries to revert to the previous nominal velocity. The decision that has to be taken is either declaring that a deviation happened or not, relying only upon two consecutive AIS contacts. A proper statistical hypothesis testing procedure that builds on the changes in the OU process long-term velocity parameter of the vessel is the core of the proposed approach and enables for the solution of the anomaly detection problem.",relevant,
dark_vessels,W4307930356,10.1126/sciadv.abq2109,2022,dark_vessels,Hot spots of unseen fishing vessels,"Illegal, unreported, and unregulated (IUU) fishing incurs an annual cost of up to US$25 billion in economic losses, results in substantial losses of aquatic life, and has been linked to human rights violations. Vessel tracking data from the automatic identification system (AIS) are powerful tools for combating IUU, yet AIS transponders can be disabled, reducing its efficacy as a surveillance tool. We present a global dataset of AIS disabling in commercial fisheries, which obscures up to 6% (>4.9 M hours) of vessel activity. Disabling hot spots were located near the exclusive economic zones (EEZs) of Argentina and West African nations and in the Northwest Pacific, all regions of IUU concern. Disabling was highest near transshipment hot spots and near EEZ boundaries, particularly contested ones. We also found links between disabling and location hiding from competitors and pirates. These inferences on where and why activities are obscured provide valuable information to improve fisheries management.",relevant,
dark_vessels,W4387802125,10.1109/igarss52108.2023.10282208,2023,dark_vessels;iuu_remote_sensing;sar_ais_fusion,Revealing Dark Vessels in the Mauritius Exclusive Economic Zone (EEZ) Using Multi-Temporal SAR and AIS Data,"The United Nations Development Programme (UNDP) launched the Ocean Innovators program to combat illegal fishing and destructive fishing practices, benefiting Small Island Developing States (SIDS) and Least Developed Countries (LDCs). One of the selected projects, ‘Nereus’, currently being developed by Surrey Space Centre (SSC) and Mauritius Research and Innovation Council (MRIC), utilises AI and satellite data fusion to monitor fishing vessel activity in Mauritius’ Exclusive Economic Zone (EEZ) and Marine Protected Areas (MPAs). The project combines various satellite technologies, including Synthetic Aperture Radar (SAR), Automatic Identification System (AIS) and Vessel Monitoring System (VMS). This paper analyses multi-temporal SAR and AIS data to identify ""dark"" ships that are not transmitting AIS signals. The methodology is applied to the Mauritius EEZ and MPAs, providing authorities with valuable information for informed decision-making and effective Maritime Domain Awareness (MDA).",relevant,
dark_vessels,W4388623220,10.1109/iseee58596.2023.10310540,2023,dark_vessels,Ship Type Classification: a Handwriting Signature Verification Approach for Maritime Trajectories,"Maritime domain agencies play a critical role in generating situational awareness to detect maritime anomalies and prevent illegal fishing, illegal migration, or even hostile naval activities. Traditionally, these tasks rely especially on human cognitive load, but the use of Artificial Intelligence (AI) can potentially enhance these processes. This paper proposes and analyses several AI-based approaches for vessel type classification based on their trajectory analysis. These approaches draw inspiration from various handwriting signature verification techniques such as deep learning, K-nearest neighbours, support vector machines and convolutional neural networks. Thus, different models were trained using AIS processed data collected from the Black Sea region (Romanian Exclusive Economic Zone). The goal was to obtain a model that classifies non-cooperative vessels when detected only by radar sensors. The trained models aim to identify situations such as illegal fishing, search and rescue operations, or law enforcement activities where vessels may have turned off their AIS transponders. These approaches could have significant implications for enhancing maritime surveillance, particularly in situations where conventional methods are ineffective. Overall, this paper represents a promising step towards improving the safety and security of oceans through advanced vessel type classification techniques.",relevant,
dark_vessels,W4392204494,10.1109/saupec60914.2024.10445042,2024,dark_vessels,A Study of AIS Frames Sent by CubeSats into the Ground Station,"The automatic identification system (AIS) refers to a tracking system relying on ship-fitted transceivers; this system is indispensable in vessel traffic service (VTS). When satellites are used to receive AIS signatures, the term satellite AIS (S-AIS) is used. AIS information adds more on marine radar information, which leads the technologies for collision avoidance concerning water transportation. This paper presents an evaluation of the quality of AIS frames received at the ground station and recommends improvements on the current AIS system so that we can detect signal degradation and track vessels that go “AIS dark”.",not relevant,Reception of satellite AIS frames by a CubeSat; radio engineering rather than vessel monitoring (borderline).
dark_vessels,W4406786647,10.1163/15718085-bja10219,2025,dark_vessels,Possible Actions by Coastal States to Protect Their Marine Environment from Oil Tankers in the Dark Fleet,"Abstract An unintended consequence of the sanctions on the Russian Federation, Iran, and Venezuela is the creation of a ‘dark fleet’ of oil tankers that do not comply with the International Maritime Organization (IMO) regulations on the safety of navigation and protection of the marine environment. These tankers are environmental disasters waiting to happen and present a serious threat to the marine environment of coastal States. In this article, we examine these issues and explore the options that coastal States can take under the 1982 United Nations Convention on the Law of the Sea (LOSC) to protect their marine and coastal environment from the tankers in the dark fleet.",not relevant,Legal analysis of coastal-state actions against dark fleet tankers; no detection or monitoring.
dark_vessels,W4409452809,10.22397/wlri.2024.41.1.111,2025,dark_vessels,The Shadow Fleet Tankers : Threats and International Legal Responses,"In response to Russia's invasion of Ukraine in 2022, the Western world, including the G7 and EU, implemented an oil price cap on Russian oil as part of economic sanctions. Consequently, oil tankers transporting Russian oil without complying with the price cap faced strong maritime blockades, including port entry bans, restricted access to waters, and prohibitions on ship-to-ship transfers. However, Russia responded by organizing a shadow fleet of tankers. In fact, several countries like North Korea, Iran, and Venezuela have also operated dark ships to evade sanctions. The shadow fleet evolved from dark ships but differs significantly in scale. At one point, shadow fleets constituted approximately 20% of the world's oil tankers. The International Maritime Organization (IMO) has defined shadow fleets as vessels operating illegally to evade sanctions, safety or environmental regulations, insurance costs, or for illegal activities. Shadow fleets are characterized as aging, substandard vessels with inadequate safety equipment and non-existent or inadequate insurance. They also employ deceptive transportation practices such as AIS manipulation and spoofing, frequent flag changes, vessel identity manipulation, and ship-to-ship transfers. Due to these characteristics, shadow fleets pose a serious threat to maritime environment and safety. On December 6, 2023, in IMO Resolution A.1192(33), the IMO warned that the proliferation of shadow fleets is increasing the risk of oil spills and ",not relevant,Legal analysis of shadow fleet tankers; no detection or monitoring.
dark_vessels,W4415217064,10.22789/ihlr.2025.9.28.3.4,2025,dark_vessels,A Study on the Maritime Legal Issues Related to Shadow Fleet,"최근 미국, 유럽연합 등의 대 러시아 경제제재가 강화되면서, 이를 우회하여 비공식적으로 원유 등을 해상운송하기 위한 비공식 해상운송망, 이른바 ‘그림자선단(Dark Fleet)’이 급격하게 확대되고 있다. 조사기관에 따르면, 전 세계 전체 선대의 약 25%가 그림자선단에 속하거나 의심되는 선박에 의해서 운영되고 있는 것으로 조사되었다. 그림자선단은 20년 이상의 노후선박을 편의치적국가(Flag of Convenience)에 선박을 등록하고 선박자동식별장치(AIS)를 조작하여 항로추적을 피하고 해상에서 불법 환적(Ship-to-Ship Transfer)하여 최종 목적지를 위장한다. 심지어, 이들 선박은 경제제재에 따라 해상보험에 가입하지 않거나 보험금 지급능력이 부족한 부실보험에 가입한 채 선박을 운항하고 있어 해상사고 발생 시 피해자 구제에도 취약한 문제점이 있다. 그림자선단은 본질적으로 경제제재의 산물이자 동시에 그 경제제재의 직접적인 대상이다. 경제제재는 특정 국가의 자원·무역 활동을 차단하기 위한 국제사회의 수단이지만, 러시아, 이란 등 대상국가에 대한 경제제재의 효과가 클수록 이를 우회하려는 그림자선단의 수요가 증가하는 역설적인 상황이 발생하고 있다. 또한, 경제제재를 우회해서 운항하는 그림자선단이 확산될수록 오히려 해상사고, 환경오염 등이 증가하고 있다. 이 과정에서 정상적 해운·물류 기업은 운임 및 보험료 상승이라는 간접적 피해를 발생시키고 있다. 이러한 점을 고려하면 그림자선단에 대응하기 위해서는 개별 국가의 경제제재의 강화만으로 한계가 있고, 국제기구, 개별국가, 민간차원의 대응이 함께 이뤄져야 할 것이다. 이 논문에서는 이러한 배경에서 그림자선단이 국제 해상운송질서와 관련 기업의 영업활동에 미치는 법적·실무적 영향을 분석하였다. 여러 선행연구에서는 경제제재의 국제법적 정당성과 그 효과, 또는 그림자선단의 공적 규율 가능성에 대해서 주로 연구되었는데, 본 논문은 해운선사·물류기업·보험사·금융기관 등 민간 주체의 대응을 중심으로 세부 법률문제를 검토하고자 하였다. 구체적으로는 해상운송과 용선계약의 문제, 노후선 매각, 해상보험·재보험의 문제, 금융기관의 컴플라이언스, 한국 물류기업의 공급망 관리 등의 법률문제를 검토하고, 이를 토대로 해운·물류기업, 보험사와 금융기관이 실무적으로 활용할 수 있는 대응방안을 제시하였다.",not relevant,Legal study of the shadow fleet (Korean); no detection or monitoring method (borderline).
dark_vessels,W7155486165,10.5281/zenodo.19745885,2026,dark_vessels;sar_ais_fusion;sar_ship_detection,Abyssal Claims: A FAIR-aligned integration platform for deep-sea and terrestrial mining transparency,"Abyssal Claims is an independently developed, non-commercial web platform (https://something-rare.com) that integrates more than thirty-five publicly funded and open-licensed geospatial datasets onto a single interactive three-dimensional globe. It is designed to make the environmental and governance context of deep-sea mineral extraction and terrestrial industrial mining legible to researchers, journalists, policy analysts and the general public. This deposit documents the platform at a level sufficient to verify its outputs and reimplement equivalent functionality. It contains: - Methods paper (PDF, 20 pages): data sources, system architecture, ingestion strategies, MVT tile generation, overlap view refresh, SAR×AIS dark-vessel detection, plume backtracking, baseline monitoring density grid, search-engine discoverability, limitations, FAIR alignment, references.- Data sources inventory (Excel, 6 sheets): complete per-layer catalogue of 22 sea layers, 13 land layers, 15 derived products, refresh cadence, and licence summary.- Architecture diagram (SVG and PNG).- README (PDF, 4 pages): deposit overview.- CITATION.cff: machine-readable citation metadata. The source code of the platform is not part of this deposit by design. The pipeline is documented at an algorithmic level consistent with established scientific publication practice for research software. Author: Michal Mazurowski (Independent Researcher, ORCID 0009-0007-3786-0310).",not relevant,Data platform for deep-sea mining transparency; vessel monitoring is incidental.
dark_vessels,W7160923711,10.3389/focsu.2026.1804530,2026,dark_vessels;iuu_remote_sensing,At-sea transshipment of fishery catches: a systematic literature review,"Introduction At-sea transshipment is the process of transferring cargo, fuel, crew, and supplies between vessels at sea. Fishery catch transshipment specifically refers to the transfer of fish catches from fishing vessels to refrigerated cargo carriers (reefers) operating beyond national jurisdictions. By enabling fishing vessels to remain at sea for up to 13.3 months, compared with approximately 3 months for non-transshipping vessels, the practice enhances operational efficiency for distant-water fleets while simultaneously functioning as the primary logistical channel for illegal, unreported, and unregulated (IUU) fishing, catch laundering, labor abuses, and the depletion of global marine stocks; IUU losses linked to these activities are estimated at USD 10-23.5 billion annually. Methods A systematic literature review was conducted on 35 peer-reviewed articles published between 2011 and 2025. A multi-database search of Scopus, Web of Science, and Springer Nature returned 2,826 initial records, which were filtered, deduplicated, and screened in full text to yield the final sample. Articles were coded across five thematic categories: monitoring and technology, policy and governance, geopolitical and international relations, economic and social aspects, and environmental sustainability. Results Research interest surged after 2018, with peak output in 2024. Quantitative methodologies dominated (65.7%), followed by mixed-methods and qualitative approaches (17.1% each). Machine l",relevant,Systematic review of at-sea transshipment including AIS-based detection and dark-vessel activity.
dark_vessels,W7167699349,10.1109/ingarss67683.2025.11584037,2025,dark_vessels;sar_ship_detection,Enhanced SAR-Optical Image Fusion for Maritime Dark Ship Detection Using Principal Component Analysis and Wavelet Transform,,relevant,No abstract; judged on title (SAR-optical dark ship detection).
sar_ais_fusion,W2654467866,10.1080/07038992.2017.1342204,2017,sar_ais_fusion;sar_ship_detection,Validating Targets Detected by SAR Ship Detection Engines,"Validating detected targets by ship detection engines without ground-truth data is a very challenging task and this is addressed in this article. Targets detected in synthetic aperture radar (SAR) imagery are validated against automatic identification system (AIS) messages and using visual assessment procedures. Targets detected by the OceanSuite ship detection engine were used as the baseline for validation purposes. OceanSuite has been tuned to minimize the false alarm rate while providing a good overall detection rate. RADARSAT-2 images are often used for ship detection; maritime satellite surveillance radar mode images are considered in this article. An appropriate (spatial and temporal) AIS message is first selected, then the SAR ship signature location is predicted; the predicted ship signature location may be automatically associated with the OceanSuite detections based on proximity. Finally, all detections are validated through visual assessment. Key outcomes of this work are the assessment criteria for declaration as a ship target, tools for automatic validation of SAR detections against AIS-reported targets, and visual assessment results. The RADARSAT-2 images used in this work were collected near Vancouver Island and the Canary Islands. OceanSuite demonstrated a 78% accuracy for AIS-reported targets and over 80% of the validated targets were declared by OceanSuite. Visual assessment showed that a few false targets were declared by the OceanSuite ship detection engi",relevant,
sar_ais_fusion,W2729645863,10.2788/497716,2015,sar_ais_fusion,"PMAR: Piracy, Maritime Awareness & Risks. Trial Implementation under MASE","During one year, from September 2014 to September 2015, the PMAR-MASE project has produced the real-time traffic picture of the reporting ships (that use the AIS or LRIT automatic position reporting system) over the entire Western Indian Ocean, and delivered it via a web viewer to two authorities in Africa with a regional maritime security responsibility: the Anti-Piracy Unit of the Indian Ocean Commission in the Seychelles, and the Regional Maritime Rescue Coordination Centre of the Kenya Maritime Authority in Mombasa. In addition, monthly ship density maps have been produced, and a number of satellite images have been analysed to assess the presence of non-reporting ships. The purpose of the project was familiarisation of maritime authorities in the Eastern-Southern Africa / Indian Ocean region with region-wide maritime monitoring, providing hands-on experience, and developing an understanding of what kind of information level is attainable and how to use the information. This report discusses the activities done under the project, the data that were used, the system design, the processing that was done, the visits to the region, the user feedback, and the performance of the system. The PMAR approach is based on the fusion of AIS and LRIT data from several sources, with satellite AIS being the most valuable data type, supplemented by a limited number of satellite SAR images. It is concluded that this approach provides a very powerful tool for region-wide maritime awareness,",relevant,
sar_ais_fusion,W3027925641,,2020,iuu_remote_sensing;sar_ais_fusion;sar_ship_detection,Andre presfaktorer end næringsstoffer og klimaforandringer – effekter af fiskeri på de marine kvalitetselementer bundfauna og fytoplankton,"As part of a larger project funded by the Danish Environmental Protection Agency (“Effects on the quality elements defined by the EU Water Framework Directive (WFD) of other pressure factors than excess nutrient load and climate change”), fishery with trawl, dredge or other mobile bottom-contacting gear (MBCG) has been identified as a potential risk to all of the quality elements of the WFD (Petersen et al. 2018). In this report, we have analysed effects of fisheries on i) benthic fauna using statistical methods to correlate data on fishing pressure with data on fauna composition and ii) phytoplankton using a 3D dynamic model to show effects of mussel fishery on Chlorophyll a concentration (Chl.a) and iii) cascade effects on phytoplankton and nutrient concentrations in a review study of the literature. For impact on benthic fauna, we have mapped fishing pressure in Danish water bodies using information of vessel activity from VMS (Vessel Monitoring System), AIS (Automatic Identification System) and the BB (Black Box) system. The BB system is used only in the mussel and oyster fishery and monitors vessel position and activity every 10th second, allowing for fishing pressure to be mapped very precisely. The AIS and VMS systems are much less precise as they only record vessel activity once an hour (VMS) or at irregular intervals and vessel coverage (AIS). Slightly less than 50% of the 119 Danish water bodies had fishery with MBCGs in the period 2014-18. Based on data from all th",not relevant,Benthic fauna report; fishing pressure from AIS/VMS used as a covariate; 'SAR' is a fishing-intensity abbreviation.
sar_ais_fusion,W4312430267,10.1109/igarss46834.2022.9883797,2022,dark_vessels;sar_ais_fusion;sar_ship_detection,Mapping Dark Shipping Zones Using Multi-Temporal SAR and AIS Data for Maritime Domain Awareness,"The monitoring of ships which do not report their Au-tomatic Identification System (AIS) information is important for Maritime Domain Awareness (MDA). In this paper, an improved maritime picture is generated by presenting a new methodology to map these so-called ‘dark’ ships over time. Firstly, a robust and accurate data association between Syn-thetic Aperture Radar (SAR) ship detections and AIS data is carried out on multi-temporal SAR imagery and AIS data. Subsequently, Kernel Density Estimation (KDE) is applied to unassigned SAR ship detections to reveal the spatial distri-bution of ‘dark’ zones (i.e. areas where repeated unassign-ments occur). This analysis helps identify areas where ships frequently do not report, which can help guide authorities in the best way to respond. The methodology is validated using Sentinel-l Interferometric Wide (IW) swath mode products and AIS data acquired from the English Channel, UK.",relevant,
sar_ais_fusion,W4387802125,10.1109/igarss52108.2023.10282208,2023,dark_vessels;iuu_remote_sensing;sar_ais_fusion,Revealing Dark Vessels in the Mauritius Exclusive Economic Zone (EEZ) Using Multi-Temporal SAR and AIS Data,"The United Nations Development Programme (UNDP) launched the Ocean Innovators program to combat illegal fishing and destructive fishing practices, benefiting Small Island Developing States (SIDS) and Least Developed Countries (LDCs). One of the selected projects, ‘Nereus’, currently being developed by Surrey Space Centre (SSC) and Mauritius Research and Innovation Council (MRIC), utilises AI and satellite data fusion to monitor fishing vessel activity in Mauritius’ Exclusive Economic Zone (EEZ) and Marine Protected Areas (MPAs). The project combines various satellite technologies, including Synthetic Aperture Radar (SAR), Automatic Identification System (AIS) and Vessel Monitoring System (VMS). This paper analyses multi-temporal SAR and AIS data to identify ""dark"" ships that are not transmitting AIS signals. The methodology is applied to the Mauritius EEZ and MPAs, providing authorities with valuable information for informed decision-making and effective Maritime Domain Awareness (MDA).",relevant,
sar_ais_fusion,W4387829066,10.1109/igarss52108.2023.10281542,2023,dark_vessels;sar_ais_fusion;sar_ship_detection,Ship Classification and Identification from Satellites,"Ships may be found by different types of satellite sensors including Synthetic Aperture Radars (SAR), multispectral, Automatic Identification Systems (AIS) and RF electronic support systems. Several methods are described for detecting, classifying, and identify (ID) ships as well as discriminating them from, e.g., icebergs. For example, AIS data can be used in combination with other sensors both for annotation and for finding dark ships, i.e., ships that have turned off their transponder. The sensor fusion, data combination and matching of various sensor data spatially and temporally are then important. We analyze methods and results for various combinations of sensor data, where we use deep neural networks on annotated datasets for detection, classification, discrimination and ID of ships.",relevant,
sar_ais_fusion,W4388757654,10.1109/metrosea58055.2023.10317101,2023,sar_ais_fusion;sar_ship_detection,Multi-Frequency and Multi-Mission SAR Imagery for Maritime Surveillance by Deep Learning,"In the ambit of Maritime Situational Awareness, (MSA), this paper presents a dataset for vessel detection that encompasses COSMO-SkyMed (X-band), SAOCOM (L-band), and Sentinel-1 (C-band) Synthetic Aperture Radar (SAR) imagery compiled over the same areas with a minimal temporal gap, shorter than 15 minutes, between successive acquisitions. The dataset is further enriched by incorporating auxiliary AIS information and it is organized and annotated to fit the requirements of an Object Detection (OD) architecture. Indeed, thanks to its ability to effectively learn complex and high-level representations from raw data Deep Learning (DL) has emerged as a valuable tool for combining multiple sources or types of features to create a more informative and comprehensive representation. Furthermore, a novel data augmentation technique tailored for SAR-based vessel detection is presented. The main goal of the paper is thus to establish an unprecedented single-look complex (SLC) multi-frequency dataset for SAR ship detection. The dataset is the starting point to construct a universal framework for ship detection that transcends the limitations of frequency dependency, fostering a comprehensive and versatile approach to ship detection across various SAR frequencies. Serving as the inaugural dataset of SLC SAR multi-frequency data, this study also aims at stimulating further exploration in this promising research domain.",relevant,
sar_ais_fusion,W4392159352,10.4236/wjet.2024.121013,2024,sar_ais_fusion;sar_ship_detection,Contribution of SAR Radar Imagery in the Detection of Suspicious Vessels in the Ivorian EEZ,"The present work proposed a method for match SAR and AIS data to detect vessels carrying out suspicious activity in the Ivorian EEZ. Two superposition methods, detected AIS and SAR data, based on point-to-point association on the one hand and point-to-line on the other hand, were used to detect suspicious vessels in Ivorian marine waters. The results showed that most vessels detected in the Ivorian EEZ do not declare their positions to avoid being spotted. These funds are likely to practice illegal, undeclared and unregulated fishing (INN fishing). This clandestine activity is very recurrent in Ivorian waters. This is illustrated by the number of suspicious vessels detected by SAR radar imagery which is greater compared to declared or authorized vessels.",relevant,
sar_ais_fusion,W4402261006,10.1109/igarss53475.2024.10642945,2024,iuu_remote_sensing;sar_ais_fusion;sar_ship_detection,A Model for the Identification of Anomalous Fishing Vessels Using Data Association and Route Prediction Techniques,"Illegal, Unreported and Unregulated (IUU) fishing is a major global issue, costing up to £23 billion in the global economy per year [1]. Although the detection of vessels using Synthetic Aperture Radar (SAR) and Automatic Identification System (AIS) data has gained a lot of attention in recent years, the identification of illegal activities still remains largely unaddressed. This paper presents a model for the detection and identification of anomalous AIS shut-offs and transhipments around the Exclusive Economic Zone (EEZ) at Mauritius as part of the NEREUS project of the University of Surrey. The model combines, in a novel way, various techniques established in literature that consist of target detection in SAR images, vessel classification, construction and extrapolation of vessel tracklines using AIS data and AIS-SAR data association. The proposed model is preliminarily validated using NovaSAR data, as proof of concept, with varied results, that recommend for a change in the detection block.",relevant,
sar_ais_fusion,W4408028350,10.3390/rs17050868,2025,sar_ais_fusion;sar_ship_detection;small_vessel,SVIADF: Small Vessel Identification and Anomaly Detection Based on Wide-Area Remote Sensing Imagery and AIS Data Fusion,"Small target ship detection and anomaly analysis play a pivotal role in ocean remote sensing technologies, offering critical capabilities for maritime surveillance, enhancing maritime safety, and improving traffic management. However, existing methodologies in the field of detection are predominantly based on deep learning models with complex network architectures, which may fail to accurately detect smaller targets. In the classification domain, most studies focus on synthetic aperture radar (SAR) images combined with Automatic Identification System (AIS) data, but these approaches have significant limitations: first, they often overlook further analysis of anomalies arising from mismatched data; second, there is a lack of research on small target ship classification using wide-area optical remote sensing imagery. In this paper, we develop SVIADF, a multi-source information fusion framework for small vessel identification and anomaly detection. The framework consists of two main steps: detection and classification. To address challenges in the detection domain, we introduce the YOLOv8x-CA-CFAR framework. In this approach, YOLOv8x is first utilized to detect suspicious objects and generate image patches, which are then subjected to secondary analysis using CA-CFAR. Experimental results demonstrate that this method achieves improvements in Recall and F1-score by 2.9% and 1.13%, respectively, compared to using YOLOv8x alone. By integrating structural and pixel-based approaches,",relevant,
sar_ais_fusion,W6968553670,10.5281/zenodo.4034077,2019,sar_ais_fusion;sar_ship_detection,D3.1 Maritime Use Case: Initial Requirements and Scenario Definitions,"The present document describes the expert user requirements for the Maritime Situational Awareness (MSA) use case of the INFORE project. To achieve MSA, which is defined as the capability of understanding events, circumstances and activities within and impacting the maritime environment [2], the user has to combine different data sources and perform data analysis tasks in order to derive new information, e.g., activities and events at sea. Using large-scale data fusion techniques and real-time analytics, we can also predict such events, as well as possible risks and threats and enable stakeholders to take actions to prevent them. Given these, this use case relies on the continuous/real-time fusion of heterogeneous data sources for specific areas of interest, combining global and local data, as shown in Figure 1. The term “global data” refers to Copernicus (Sentinel-1 and Sentinel-2 imagery) and Automatic Identification System (AIS) data, while the term “local data” refers to in-situ data sensed by autonomous maritime vessels (mobile platforms) equipped with appropriate sensor devices. Exploiting the continuous/real-time fusion of input data for predicting/forecasting critical events of interest, facilitates proactive decision making, and ultimately improves Maritime Intelligence, Surveillance and Reconnaissance. On the basis of the produced situational awareness, the mobile platforms will be able to autonomously adapt their navigation and sensor configurations to find a trade",relevant,Requirements for a maritime situational awareness use case fusing vessel data sources (borderline).
sar_ais_fusion,W7061880596,,2015,sar_ais_fusion;sar_ship_detection,Sentinel-1 contribution to monitoring maritime activity in the Arctic,"This paper presents results on the use of Sentinel-1 combined with satellite AIS to monitor maritime activity in the Arctic. Such activities are expected to increase, even if not uniformly across the Arctic, as the ice cover in the region retreats due to changes in climate. The objectives of monitoring efforts in the region can vary from country to country, but are generally related to increasing awareness on non-cooperative, small and cruise ships, fisheries, safety at sea, and Search and Rescue. A ship monitoring study has been conducted, involving more than 2,000 Sentinel-1 images acquired during one year in the central Arctic, where the ship densities are high. The main challenges to SAR-based monitoring in this area are described, solutions for some of them are proposed, and analyses of the results are shown. With the high detection thresholds needed to prevent false alarms from sea ice, 16% of the ships detected overall in the Sentinel-1 images have not been correlated to AIS-transmitting ships, and 48% of the AIS-transmitting ships are not correlated to ships detected in the images.",relevant,
sar_ais_fusion,W7161585222,10.3390/rs18101610,2026,sar_ais_fusion;sar_ship_detection,A Learnable Feature Processing Front-End Based Multimodal Fusion Network for SAR Ship Classification,"Ship classification in synthetic aperture radar (SAR) imagery is essential for maritime surveillance but remains challenging due to limited resolution, insufficient textural details, and difficulties in effectively fusing multimodal information. Existing methods either rely on handcrafted features with limited adaptability or employ simplistic fusion strategies that fail to fully exploit the complementary guidance across modalities. To address these issues, we propose a multimodal fusion network based on a learnable feature preprocessing front-end (LFPF-MFN), which integrates polarimetric, textural, and geometric information in an end-to-end learnable manner. Specifically, LFPF-MFN introduces a learnable preprocessing front-end to embed scattering and enhanced textural features. Meanwhile, geometric information from the Automatic Identification System (AIS) is incorporated through textual embedding, and effective multimodal fusion is achieved via a bidirectional cross-attention mechanism. Extensive experiments on the OpenSARShip 2.0 dataset demonstrate that the proposed method achieves state-of-the-art performance in both three-class and six-class classification tasks, validating the effectiveness of each designed module and the superiority of the multimodal fusion strategy.",relevant,
sar_ais_fusion,W7167587580,10.5281/zenodo.21235032,2026,sar_ais_fusion;sar_ship_detection;xview3,"An AI Based Multi-Agent Framework for Maritime Domain Awareness Using SAR Imagery, Weather Intelligence and Retrieval Augmented Reasoning: A Coastal Surveillance Case Study","Maritime domain awareness is a foundational requirement for coastal nations that need to monitor vessel activity, detect anomalies, and respond to threats across their exclusive economic zones. Conventional surveillance based on the Automatic Identification System has a well-known weakness: vessels involved in illicit activity can simply disable their transponders, making them invisible to AIS-based systems. To address this, we developed a system using multiple AI agents that combines spaceborne Synthetic Aperture Radar imagery, marine weather intelligence, navigational advisories, and large language model reasoning into a single maritime surveillance pipeline. The system uses a seven-stage SAR preprocessing chain built on the Sentinel Application Platform along with a YOLOv8 detector with an EfficientNetV2 backbone trained on imagery from the xView3-SAR and HRSID benchmarks. Six cooperating agents are organised around a LangGraph orchestration engine that handles retrieval augmented intelligence synthesis. Experiments on a coastal zone of the Arabian Sea show a detection mean average precision of 91.7 percent at an IoU threshold of 0.50, with precision of 93.2 percent and recall of 89.4 percent, which is better than all the baseline methods tested. The system provides a practical and extensible architecture for AI assisted maritime decision support, with future extensions planned for multi-satellite sensor fusion and real-time AIS correlation.",relevant,
sar_ais_fusion,W7213865140,10.61511/rstde.v2i2.2025.2075,2026,dark_vessels;iuu_remote_sensing;sar_ais_fusion;sar_ship_detection,Remote sensing and AIS integration for strategic maritime surveillance: A geoint-based approach to securing Indonesia's Archipelagic Sea Lanes,"Background: Indonesia’s strategic position within the Indo-Pacific maritime domain underscores its critical role in global trade and regional security. The Indonesian Archipelagic Sea Lanes (ALKI), while legally designated under UNCLOS, remain vulnerable to complex transnational maritime threats—including illegal fishing, smuggling, and terrorism. Surveillance challenges stem from infrastructure limitations and fragmented inter-agency coordination. This necessitates a geospatial intelligence based framework integrating advanced technologies to enhance Maritime Domain Awareness (MDA). Methods: This study employs a descriptive qualitative approach supported by systematic literature review. Academic sources include Scopus-indexed journals (Q1–Q2), national policy documents, and international reports focusing on GEOINT, remote sensing, and maritime threat detection. The analysis is grounded in GEOINT and MDA theories, synthesizing AIS data, satellite imagery (SAR/optical), and naval response capabilities into a conceptual surveillance model for ALKI zones. Findings: Integrating AIS, satellite remote sensing, and rapid naval response significantly enhances detection of dark vessels, spoofing tactics, and unauthorized maritime activities. The effectiveness of the system depends on cross-agency data interoperability, robust satellite infrastructure, and spatially-adaptive response strategies. This framework contributes to predictive operational readiness and informs policy reforms f",relevant,
xview3,W4307481490,10.1117/12.2636037,2022,xview3,Evaluating active learning methods for synthetic aperture radar maritime object detection,"Maritime object detection in synthetic aperture radar (SAR) imagery has seen a resurgence of interest due to the introduction of deep object detection models and large-scale datasets from competitions such as xView3. However, as novel examples are seen in the wild and as new SAR sensors emerge, existing models will need to be retrained with relevant new data. Active learning (AL) aims to automate and optimize this data curation process. In this work, we evaluate state-of-the-art AL algorithms for the task of SAR maritime object detection. Through analyzing and identifying gaps in current AL solutions we seek to motivate efforts to improve their utility in practical settings.",relevant,
xview3,W4308237325,10.1109/icip46576.2022.9898020,2022,iuu_remote_sensing;sar_ship_detection;xview3,DeepSAR: Vessel Detection in SAR Imagery with Noisy Labels,"Unlike traditional optoelectronic satellite imaging, Synthetic Aperture Radar (SAR) allows remote sensing applications to operate under all weather conditions. This makes it uniquely valuable for detecting ships/vessels involved in illegal, unreported, and unregulated (IUU) fishing. While recent work has shown significant improvement in this domain, detecting small objects using noisy point annotations remains an unexplored area. In order to meet the unique challenges of this problem, we propose a progressive training methodology that utilizes two different spatial sampling strategies. Firstly, we use stochastic sampling of background points to reduce the impact of class imbalance and missing labels, and secondly, during the refinement stage, we use hard negative sampling to improve the model. Experimental results on the challenging xView3 dataset show that our method outperforms conventional small object localization methods in a large, noisy dataset of SAR images.Source code for our method can be found at: https://github.com/manupillai308/DeepSAR",relevant,
xview3,W4319978456,10.1109/dicta56598.2022.10034640,2022,iuu_remote_sensing;sar_ship_detection;xview3,SARFish: Space-Based Maritime Surveillance Using Complex Synthetic Aperture Radar Imagery,"Synthetic Aperture Radar (SAR) imagery is an essential part of maritime surveillance since it can operate in most weather conditions, day and night. Space-borne SAR especially can provide a large surveillance coverage in which both ground-range detected (GRD) imagery at a reduced resolution and single-look complex (SLC) imagery at a finer resolution of the same observation scene are available. Recently, a large, fully labeled, Sentinel-1 GRD based dataset, named xView3-SAR, was released to promote machine learning (ML) research in detection and classification of ships in order to assist with monitoring illegal, unreported, and unregulated (IUU) fishing activities. In this paper, the xView3-SAR's companion SLC dataset, called the SARFish, is introduced. The aim is to promote the use of SLC data for improving IUU fishing ship detection and classification. An ML-based algorithm using the combined GRD-SLC SAR data is presented as a base-line model for demonstration. The algorithm consists of a constant false-alarm rate (CFAR) detector whose false-alarm rate is reduced by a cascade of classifiers trained using the GRD data, followed by a ship classifier trained using the SLC data. Preliminary results suggest that despite not using multi-looks to reduce sea-clutter spikes, the use of SLC images does not degrade ship detection. Furthermore, a very modest improvement in ship classification is observed.11Under contract from Rheinmetall Defence Australia Pty Ltd, Adelaide, SA, Australi",relevant,
xview3,W4394843990,10.1109/wacvw60836.2024.00087,2024,iuu_remote_sensing;xview3,The SARFish Dataset and Challenge,"In this paper, we present the SARFish challenge and dataset. The challenge focuses on the use of Synthetic Aperture Radar (SAR) imagery for the identification of vessels involved in illegal, unreported and unregulated (IUU) fishing which damages ecological systems and causes losses for fishing industries and governments worldwide. The SARFish dataset is a free and open large-scale complex-valued SAR dataset which is based upon Sentinel-1 imagery and built upon the xView3 labels. We expect this dataset to help in advancing the state of the art in automated ship de-tection from SAR imagery, contextual representation learning, and the application of deep complex-valued neural networks. We also hope the availability of the SARFish dataset will stimulate developments on other topics of interest that can naturally tackle complex-valued data such as quantum-inspired approaches.",relevant,
xview3,W4402259084,10.1109/igarss53475.2024.10640656,2024,sar_ship_detection;xview3,Deep learning vs. K-CFAR for ship detection in spaceborne SAR imagery,"Ship detection algorithms in Synthetic Aperture Radar (SAR) imagery are broadly categorized into: (i) those that interpret sea clutter according to a pre-defined Probability Density Function (PDF), detecting anomalies in positions within the tail of the PDF based on a specified Probability of False Alarm (PFA); and (ii) those which utilize a sufficiently large training dataset to learn the decision boundary between the target and clutter classes. Despite numerous publications in both categories, a proper quantitative comparison of their performance is lacking. This study is a step towards crossing this chasm by conducting a direct comparison between two real-world representatives: (i) SUMO’s K-distribution Constant False Alarm Rate (K-CFAR/SUMO) detector, and (ii) the Deep Learning Model that topped the xView3 (1stDLM/xView3) challenge organized by the Defense Innovation Unit and Global Fishing Watch. The performance of both algorithms is characterized by tracking the number of False Alarms (FAs) and Missed Detections (MDs) in three labeled Sentinel-1A repeat-pass SAR images acquired in the Gulf of Guinea. The results demonstrate that 1stDLM/xView3 outperforms K-CFAR/SUMO, achieving the best FAs-MDs trade-off.",relevant,
xview3,W4402264151,10.1109/igarss53475.2024.10640689,2024,dark_vessels;iuu_remote_sensing;sar_ship_detection;xview3,Multi-Temporal Sentinel-1 SAR Images For Dark Vessel Detection And Classification Using a Circlenet Model,"Vessel identification through radar imagery aims to address the complex task of not only detecting, but also classifying ships using SAR images. The goal of the xView3 challenge is to test the capabilities of Sentinel-1 data for the identification of fishing vessels. This initiative plays a crucial role in combating illegal fishing activities and mitigating the associated environmental damage. By fostering advancements in ship classification techniques, the challenge seeks to contribute significantly to global efforts in monitoring and preserving marine ecosystems, particularly by curbing illicit fishing practices.Our paper introduces an end-to-end ship identification method that enhances the challenge-winning CircleNet solution. This improvement is achieved through extending the method for analyzing multi-temporal SAR data, facilitating more robust predictions by effectively filtering out spurious detections of stationary objects.",relevant,
xview3,W4407362978,10.1109/ispacs62486.2024.10869003,2024,iuu_remote_sensing;sar_ship_detection;xview3,FAD-SAR: A Novel Fishing Activity Detection System via Synthetic Aperture Radar Images Based on Deep Learning Method,"Illegal, unreported, and unregulated (IUU) fishing activities seriously affect various aspects of human life. However, traditional methods for detecting and monitoring IUU fishing activities at sea have limitations. Although synthetic aperture radar (SAR) can complement existing vessel detection systems, extracting useful information from SAR images using traditional methods remains a challenge, especially in IUU fishing. This paper proposes a deep learning based fishing activity detection system, which is implemented on the xView3 dataset using six classical object detection models: SSD, RetinaNet, FSAF, FCOS, Faster R-CNN, and Cascade R-CNN. In addition, this work employs different enhancement techniques to improve the performance of the Faster R-CNN model. The experimental results demonstrate that training the Faster R-CNN model using the Online Hard Example Mining (OHEM) strategy increases the Avg-F1 value from 0.212 to 0.216.",relevant,
xview3,W4416955967,10.1145/3769102.3772713,2025,sar_ship_detection;xview3,Efficient SAR Vessel Detection for FPGA-Based On-Satellite Sensing,"Rapid analysis of satellite imagery within minutes-to-hours of acquisition is increasingly vital for many remote sensing applications, and is an essential component for developing next-generation autonomous and distributed satellite systems. On-satellite machine learning (ML) has the potential for such rapid analysis, by overcoming latency associated with intermittent satellite connectivity to ground stations or relay satellites, but state-of-the-art models are often too large or power-hungry for on-board deployment. Vessel detection using Synthetic Aperture Radar (SAR) is a critical time-sensitive application in maritime security that exemplifies this challenge. SAR vessel detection has previously been demonstrated only by ML models that either are too large for satellite deployment, have not been developed for sufficiently low-power hardware, or have only been tested on small SAR datasets that do not sufficiently represent the difficulty of the real-world task. Here we systematically explore a suite of architectural adaptations to develop a novel YOLOv8 architecture optimized for this task and FPGA-based processing. We deploy our model on a Kria KV260 MPSoC, and show it can analyze a ~700 megapixel SAR image in less than a minute, within common satellite power constraints (<10W). Our model has detection and classification performance only ~2% and 3% lower than values from state-of-the-art GPU-based models on the largest and most diverse open SAR vessel dataset, xView3-SAR, ",relevant,
xview3,W7133194003,10.52202/068431-2726,2022,dark_vessels;iuu_remote_sensing;sar_ship_detection;xview3,xView3-SAR: Detecting Dark Fishing Activity Using Synthetic Aperture Radar Imagery,"Unsustainable fishing practices worldwide pose a major threat to marine resources and ecosystems. Identifying vessels that do not show up in conventional monitoring systems -- known as ``dark vessels'' -- is key to managing and securing the health of marine environments. With the rise of satellite-based synthetic aperture radar (SAR) imaging and modern machine learning (ML), it is now possible to automate detection of dark vessels day or night, under all-weather conditions. SAR images, however, require a domain-specific treatment and are not widely accessible to the ML community. Maritime objects (vessels and offshore infrastructure) are relatively small and sparse, challenging traditional computer vision approaches. We present the largest labeled dataset for training ML models to detect and characterize vessels and ocean structures in SAR imagery. xView3-SAR consists of nearly 1,000 analysis-ready SAR images from the Sentinel-1 mission that are, on average, 29,400-by-24,400 pixels each. The images are annotated using a combination of automated and manual analysis. Co-located bathymetry and wind state rasters accompany every SAR image. We also provide an overview of the xView3 Computer Vision Challenge, an international competition using xView3-SAR for ship detection and characterization at large scale. We release the data (\href{https://iuu.xview.us/}{https://iuu.xview.us/}) and code (\href{https://github.com/DIUx-xView}{https://github.com/DIUx-xView}) to support ongoing dev",relevant,
xview3,W7139599428,,2023,dark_vessels;iuu_remote_sensing;sar_ship_detection;xview3,[Tools] xView3,Open-source algorithms to detect and characterize illegally fishing dark vessels based on SAR imagery,relevant,
xview3,W7167587580,10.5281/zenodo.21235032,2026,sar_ais_fusion;sar_ship_detection;xview3,"An AI Based Multi-Agent Framework for Maritime Domain Awareness Using SAR Imagery, Weather Intelligence and Retrieval Augmented Reasoning: A Coastal Surveillance Case Study","Maritime domain awareness is a foundational requirement for coastal nations that need to monitor vessel activity, detect anomalies, and respond to threats across their exclusive economic zones. Conventional surveillance based on the Automatic Identification System has a well-known weakness: vessels involved in illicit activity can simply disable their transponders, making them invisible to AIS-based systems. To address this, we developed a system using multiple AI agents that combines spaceborne Synthetic Aperture Radar imagery, marine weather intelligence, navigational advisories, and large language model reasoning into a single maritime surveillance pipeline. The system uses a seven-stage SAR preprocessing chain built on the Sentinel Application Platform along with a YOLOv8 detector with an EfficientNetV2 backbone trained on imagery from the xView3-SAR and HRSID benchmarks. Six cooperating agents are organised around a LangGraph orchestration engine that handles retrieval augmented intelligence synthesis. Experiments on a coastal zone of the Arabian Sea show a detection mean average precision of 91.7 percent at an IoU threshold of 0.50, with precision of 93.2 percent and recall of 89.4 percent, which is better than all the baseline methods tested. The system provides a practical and extensible architecture for AI assisted maritime decision support, with future extensions planned for multi-satellite sensor fusion and real-time AIS correlation.",relevant,
xview3,W7207826674,10.3390/rs18173000,2026,iuu_remote_sensing;sar_ship_detection;viirs_boats;xview3,Satellite Remote Sensing for Fishing Vessel Identification and Monitoring: A Comparative Analysis of Modalities and a Review of Datasets,"With the increase in global fishing activities, the transparency of fishery data has drawn increasing attention. Data transparency enables stakeholders to play a greater role in ensuring that fisheries are legal, ethical, and sustainable. Improving the transparency of fishing vessel data can effectively support vessel monitoring and enhance fishery safety. This paper presents a systematic review of satellite remote sensing modalities and datasets currently available for fishing vessel identification and monitoring. Conducted in accordance with the PRISMA 2020 guidelines, this study employs a dual-track search strategy to retrieve, screen, and synthesize academic literature and public datasets from mainstream databases, including the Web of Science Core Collection, IEEE Xplore, and CNKI. First, the existing remote sensing modalities were classified into three major categories based on their imaging principles: synthetic aperture radar (SAR), optical remote sensing, and nighttime light (NTL) remote sensing. In addition, the mainstream satellite data sources and their corresponding parameters were summarized for each category. Second, an in-depth comparative analysis of these remote sensing modalities is conducted from core dimensions such as target detection sensitivity, robustness under complex environments and meteorological conditions, and spatiotemporal resolution. This reveals the performance limitations and significant complementarity of different sensor data in fishing v",relevant,
iuu_remote_sensing,W2613446435,,2015,iuu_remote_sensing,STUDI PEMANFAATAN ALAT BANTU PENANGKAPAN IKAN DENGAN PUKAT CINCIN (PURSE SEINE) DI SASAK KECAMATAN SASAK RANAH PASISIE KABUPATEN PASAMAN BARAT,"Purse seine fishing is a tool equipped with a ring-shaped bag and purse strap line located under the bottom rope ris which serves to unite the bottom of the net during operation by pulling the strap purse line so that the mesh forming the bag. This study aims to determine the utilization of tools catching up with purse seine (purse seine) in districts bouffant pompadour. Research using descriptive method of data collection by taking a sample unit fleet of purse seine (purse seine) is purposive sample size of ships dominant of the population, judging by the size of the vessel, gear, tools arrest (fish finder), a tool assistive technology used on board additional ring (purse seine) in the area sasak the form of branded Garmin GPS 128 type made in Japan for navigation devices that can determine the exact position coordinates of the earth that can directly receive signals from other satellites. Radio communication, is a navigation tool used by ships ring area Sasak which serves as a means of communication on board the ship to another ship or to shore / beach, sonar made in Japan type 668 brand furuno this tool serves for fishing vessels rings purse seine in the area Sasak is to send sound waves below the surface and then wait for the wave reflection (echo). This sonar own a radius of 10 square km, as well as a compass, which is used for pointing direction of the wind. Trawl fishing technology with cicin (purse seine) in Kenagarian Sasak not optimal because the process is still ma",not relevant,Purse seine gear utilisation study (Indonesian).
iuu_remote_sensing,W2790064035,,2017,iuu_remote_sensing,"High School, Hemorrhage, and a (Mechanical) Heart: the case of Provincetown, Massachusetts","Situated at the tip of Cape Cod, Provincetown, Massachusetts can feel like the end of the earth. It presents a case of transition and the struggle for communities on the margin to maintain a population of year-round residents. For most of the 20th century Provincetown sustained a vibrant community with commercial fishing as its primary sector alongside tourism’s infusion of seasonal visitors and revenue. However, the decline of fisheries, due to stock decline and increasing enclosure, coincided with a dramatic increase in property value largely because of second homebuyers. Presently, the reliance on tourism and the geographic position of Provincetown brings challenges for the local workforce, the provision of affordable housing, and the maintenance of local municipal services. Although many locals do not dispute the present economic importance of tourism, many have come to highlight its lack of suitability as a complete substitute for the fishing industry. During interviews conducted in 2015, respondents spoke about drastic change witnessed over the past three decades both in the local fishing fleet and the wider community. Central were the converging themes of gentrification—or as some referred, “resortification”—the compounding effects of diminishing opportunities in fisheries and the community’s geographic remoteness from much of Cape Cod and larger metropolitan areas. The closure of the local high school, a bellwether of change, emblemized this local transformation. Addi",not relevant,Community case study of Provincetown.
iuu_remote_sensing,W2912708802,10.3390/rs11030353,2019,iuu_remote_sensing;sar_ais_fusion;sar_ship_detection,Maritime Vessel Classification to Monitor Fisheries with SAR: Demonstration in the North Sea,"Integration of methods based on satellite remote sensing into current maritime monitoring strategies could help tackle the problem of global overfishing. Operational software is now available to perform vessel detection on satellite imagery, but research on vessel classification has mainly focused on bulk carriers, container ships, and oil tankers, using high-resolution commercial Synthetic Aperture Radar (SAR) imagery. Here, we present a method based on Random Forest (RF) to distinguish fishing and non-fishing vessels, and apply it to an area in the North Sea. The RF classifier takes as input the vessel’s length, longitude, and latitude, its distance to the nearest shore, and the time of the measurement (am or pm). The classifier is trained and tested on data from the Automatic Identification System (AIS). The overall classification accuracy is 91%, but the precision for the fishing class is only 58% because of specific regions in the study area where activities of fishing and non-fishing vessels overlap. We then apply the classifier to a collection of vessel detections obtained by applying the Search for Unidentified Maritime Objects (SUMO) vessel detector to the 2017 Sentinel-1 SAR images of the North Sea. The trend in our monthly fishing-vessel count agrees with data from Global Fishing Watch on fishing-vessel presence. These initial results suggest that our approach could help monitor intensification or reduction of fishing activity, which is critical in the context of t",relevant,
iuu_remote_sensing,W2982044501,10.1145/3331453.3361661,2019,iuu_remote_sensing;viirs_boats,Use of VIIRS DNB Satellite Images to Detect Nighttime Fishing Vessel Lights in Yellow Sea,"In recent years, using satellite remote sensing data to detect nightlight of fishing vessels has become an important way for understanding the dynamics of fisheries resources and providing information for international fisheries management. In our study, we used the daily Visible Infrared Imaging Radiometer Suite (VIIRS) day/night band (DNB) low-light remote sensing image in 2016 to detect nighttime lights in the Yellow Sea. Multiple threshold identification methods were developed to process DNB image in individual spot groups and mass-shaped spot groups, which could accurately identify lighting points in the two backgrounds. The results shown that 121,673 lighting points were identified for fishing vessels, the number of nightlights in each month could reflect seasonal changes very well. The spatial distribution hotspot map was generated with all nightlight points in 2016, which can provide a reference for understanding fishing activities in Yellow Sea.",relevant,
iuu_remote_sensing,W3145700396,,2015,iuu_remote_sensing;viirs_boats,An Overview on Data Mining of Nighttime Light Remote Sensing,"When observing the Earth from above at night,it is clear that the human settlement and major economic regions emit glorious light.At cloud-free nights,some remote sensing satellites can record visible radiance source,including city light,fishing boat light and fire,and these nighttime cloud-free images are remotely sensed nighttime light images.Different from daytime remote sensing,nighttime light remote sensing provides a unique perspective on human social activities,thus it has been widely used for spatial data mining of socioeconomic domains.Historically,researches on nighttime light remote sensing mostly focus on urban land cover and urban expansion mapping using DMSP/OLS imagery,but the nighttime light images are not the unique remote sensing source to do these works.Through decades of development of nighttime light product,the nighttime light remote sensing application has been extended to numerous interesting and scientific study domains such as econometrics,poverty estimation,light pollution,fishery and armed conflict.Among the application cases,it is surprising to see the Gross Domestic Production(GDP)data can be corrected using the nighttime light data,and it is interesting to see mechanism of several diseases can be revealed by nighttime light images,while nighttime light are the unique remote sensing source to do the above works.As the nighttime light remote sensing has numerous applications,it is important to summarize the application of nighttime light remote se",not relevant,General overview of night-time light remote sensing; fishing boat lights are one of several sources.
iuu_remote_sensing,W3175844481,10.1109/agers51788.2020.9452785,2020,iuu_remote_sensing;viirs_boats,Analysis of Fishing with Led Lights in and around MPA and No Take Zones at Natuna Indonesia through VMS and VIIRS Data,"Protected Areas (MPA) and No Take Zones are an effective tool for marine ecosystem preservation. Indonesia requires fishing vessels larger than 30 gross tons to use a Vessel Monitoring System (VMS). Another way to detect fisheries is through Visible Infrared Radiometer Suite (VIIRS) data. To compare VMS and VIIRS data, an R package, “LLFI” (Led Light Fisheries Identifier) was created. This package provides several R-functions that can calculate the location of VMS using vessels at the overpass time of the VIIRS satellite. An MPA near the Natuna archipelago was chosen as the research area. VMS and VIIRS data for the entire year of 2018 were obtained for this Region of Interest. The R function “vms2viirs” calculated activity for small purse seine fisheries all through the ROI and for bouke ami fisheries in the southwestern part of the ROI. The R Function “vms2viirsanalysis” created three buffers around detected fishing vessels by the VIIRS satellite and linked the closest found vessels from the VMS dataset. The amount of identified vessels for Class C was significantly higher than those for class A and B. Approximately 10% of all detected led lights could be identified with a shipping number from the VMS data set. Only around 8% of identified vessels could be found inside MPA and around 3% could be found in a No Take Zone. Paths of identified vessels that some vessels did cross MPA's and No Take Zones. It can be concluded that the LLFI package is working successfully.",relevant,
iuu_remote_sensing,W4255255172,10.1353/abr.2015.0137,2015,iuu_remote_sensing,Getting It Right,"Getting It Right Rosalie Calabrese (bio) Feasting on Air Eva Miodownik Oppenheim Moon Pie Press www.moonpiepress.com Pages; Print, $15.00 Feasting on Air, Eva Miodownik Oppenheim’s third book of poems published by Moon Pie Press, follows Things as They Are (2005) and Through the Loop of Time (2010). A graduate of Queens College in New York, she completed further studies at Columbia University and in England. Over the years, Oppenheim held positions as an editor, publicity writer, administrator, and co-teacher of a poetry workshop affiliated with Barnard College. She died in 2014, and this, her posthumously published collection, seems to be very much a summing up of her life and experiences. In Feasting on Air, the first poem, “CT Scan,” immediately draws us into the said feast as “A giant negative lights up the unblemished white wall,” and the speaker is “pretending to observe dispassionately…the infinitesimal aberrations” [on the] “lunar landscape of [her] lungs.” The title poem of the book itself is an ode subtitled “To Oxygen,” in which the author says, “I used to breathe you freely…Now I carry you on my back…rationed benevolence…delicately served / pulsing in metered liters / at the push of a button….” This tender poem, however, is one in which a combination of unusual spacing and a lack of punctuation, as in the following lines, interfered with my enjoyment: …wandering under Adirondack pines or along hot sands of Georgica Beach great swallows of you gorgeous summer air r",not relevant,Poetry book review.
iuu_remote_sensing,W4309229364,10.1109/phm-yantai55411.2022.9942031,2022,iuu_remote_sensing,Simulation Analysis of the Satellite Coverage Performance for Identifying Illegal Fishing in Target Sea Area,"as the global marine fishery is faced with increasing demand for fisheries and depletion of offshore resources, illegal fishing continues to be difficult to be eradicated, with multiple negative consequences for fisheries, coastal and marine ecosystems and humans. In order to achieve full coverage observation of the target sea area, this paper proposes a method of using satellites to form a ""remote sensing + communication"" system. Then we analyzed and discussed the coverage characteristics and real-time performance of different number of satellites. Through the constellation design based on the Walker configuration, coverage performance indicators such as the average number of accesses per day, average coverage time per day, and average revisit time is greatly improved. It shows the application of the proposed method in combating illegal fishing.",relevant,
iuu_remote_sensing,W4313149173,10.1109/igarss46834.2022.9883392,2022,iuu_remote_sensing,Assessing the Air Quality Derived from Marine Traffic in the Central Mediterranean and Malta,"This study focuses on air pollution resulting from marine vessels following routes within the Central Mediterranean region. The concentrations of carbon monoxide (CO), nitrogen dioxide (NO2), and sulphur dioxide (SO2), are considered. The analysis is carried out on remotely-sensed data obtained through the high-resolution and state-of-the art TROPOMI sensor on board the SENTINEL-5P satellite that forms part of the COPERNICUS constellation. The pollution data is correlated with the density of passenger ships, fishing boats, as well as cargo and tanker vessels obtained from the official EMODnet Human Activities portal and which was recorded over the same time period and spatial extent. A total of 31 months between 2019 and 2021 are considered. As evident from the presented information, NO2 concentrations clearly follow the vessel route patterns. On the other hand, there is less confidence in the dependence of SO2 and CO levels.",not relevant,Air quality from marine traffic using Sentinel-5P; not vessel monitoring.
iuu_remote_sensing,W4386906344,10.1016/j.ecolind.2023.110934,2023,iuu_remote_sensing,The environmental niche of the squid-jigging fleet in the North Pacific Ocean based on automatic identification system data,"The vast number of fishing fleets and limited regulatory capacity pose challenges to the effective monitoring and management of marine fishery resources. To understand the fishing characteristics of spatial distribution for squid-jigging fleets in the North Pacific Ocean (NPO), satellite-based automatic identification system (AIS) data during 2016 ∼ 2020 and marine environmental data were applied to explore the drivers of fishing activities based on the boosted regression tree (BRT) and generalized additive model (GAM). The results showed that the BRT model has better performance than the GAM. The spatial distribution of squid-jigging fleets has a significant seasonality. Specifically, the spatial distribution of Fishing effort (FE) gradually shifted to the northwest from May to September, while gradually shifted to the southwest from October to November. The favourable area for focusing FE was the 150°E ∼ 165°E, 40°N ∼ 44°N. The latitudinal distribution of FE was not wide and the longitudinal distribution was long. Variations in the marine environment constantly influenced the FE of the squid-jigging fleets. Overall, the influence of sea surface temperature (T0) on FE was most significant. The favourable range of T0 for FE was 12 ∼ 20°C. Water temperature at the 300 m depth (T300) was also an important factor through the fishing season. The favourable range of T300 for FE was 3 ∼ 6°C. There were obvious differences in the influence of other environmental factors on FE in dif",relevant,
iuu_remote_sensing,W4387802125,10.1109/igarss52108.2023.10282208,2023,dark_vessels;iuu_remote_sensing;sar_ais_fusion,Revealing Dark Vessels in the Mauritius Exclusive Economic Zone (EEZ) Using Multi-Temporal SAR and AIS Data,"The United Nations Development Programme (UNDP) launched the Ocean Innovators program to combat illegal fishing and destructive fishing practices, benefiting Small Island Developing States (SIDS) and Least Developed Countries (LDCs). One of the selected projects, ‘Nereus’, currently being developed by Surrey Space Centre (SSC) and Mauritius Research and Innovation Council (MRIC), utilises AI and satellite data fusion to monitor fishing vessel activity in Mauritius’ Exclusive Economic Zone (EEZ) and Marine Protected Areas (MPAs). The project combines various satellite technologies, including Synthetic Aperture Radar (SAR), Automatic Identification System (AIS) and Vessel Monitoring System (VMS). This paper analyses multi-temporal SAR and AIS data to identify ""dark"" ships that are not transmitting AIS signals. The methodology is applied to the Mauritius EEZ and MPAs, providing authorities with valuable information for informed decision-making and effective Maritime Domain Awareness (MDA).",relevant,
iuu_remote_sensing,W4390187693,10.1109/icramet60171.2023.10366711,2023,iuu_remote_sensing;viirs_boats,"VIIRS Day/Night Band Image Processing System for Boat Detection in Java Sea, Indonesia","VIIRS is a sensor onboard NOAA JPSS satellite series. Day/Night Band (DNB) is one of VIIRS outputs that offers overnight monitoring of quantitative low visible and near-infrared light emitted by the earth’s surface. VIIRS DNB composites can generally be used for visual interpretation. In order to get better interpretation and precise result, this paper provides a development of VIIRS DNB image processing system for boat detection in Java Sea, Indonesia. Boat detection is chosen as the preliminary target of this image processing since the light presence in the ocean is brighter than the background. An image processing system was developed to process the raw data of VIIRS DNB in SDR (Sensor Data Record) and EDR (Environmental Data Record) level. Pre-processing and mask-processing are two main processes implemented in this system. Radiance value of VIIRS DNB is applied to mathematical operations as well as wiener and median filters during the preprocessing step. In mask-processing, the system focuses on categorizing and eliminating other lights such as lightning, gas flare, and ionospheric energetic particle using some thresholds based on spike height index (SHI). During the implementation, by taking a sample area in Western Java Sea, an average of 454 boats is detected at night. The image processing time takes less than 4 minutes for one input data. The output data come in CSV format including longitude and latitude of boat, which can be used to monitor marine activities at nig",relevant,
iuu_remote_sensing,W4391377810,10.1051/e3sconf/202448301010,2024,iuu_remote_sensing;viirs_boats,Shelf oceanography and small pelagic fishes in the Java Sea,"The optimization of small pelagic fisheries in the Java Sea could be enhanced by providing oceanographic information for analysis and determining potential fishing grounds. This study aims to investigate shelf oceanographic factors influencing small pelagic fisheries using multidatasets of sea surface temperature and surface salinity CROCO ocean model output (2010 – 2020), distribution of light-fishing vessel position of VIIRS satellite, and small pelagic fish catches landing data (round scads Decapterus spp. and the spotted sardinella Amblygaster sirm) at Pekalongan Fishing Port, Central Java. The results showed that the peak of fishing season for the spotted sardinella occurs during northwest monsoon, in which the eastward monsoon current and Sunda shelf throughflow brings fresher (±32.4 psu) and warmer (±28.5 oC) water into the Java Sea. In contrast, the peak of fishing season for round scads. is associated with saltier (>33.0 psu) and cooler (<28.5 °C) water supplied by the westward monsoon current and Makassar ITF during the southeast monsoon. Alternating intensification of monsoonal current along the northern Java and the southern Kalimantan coast during different monsoon periods is associated with a higher abundance of neritic and oceanic small pelagic fishes, respectively.",not relevant,Oceanography of small pelagic fisheries; VIIRS boat positions used only as a covariate.
iuu_remote_sensing,W4412398754,10.1109/aero63441.2025.11068717,2025,iuu_remote_sensing,Optimal Satellite Network Topology Design with Time-Dependent Traffic Demands,"The use of satellite networks, either with radio frequency or optical links, emerges as a solution to tackle the digital divide problem. Oftentimes, the literature approaches the design of satellite networks using metaheuristic algorithms, which do not guarantee convergence to the global optimum. Furthermore, coverage is frequently adopted as the main fig-ure of merit, neglecting time-dependent traffic demands and the channel capacity of the links during network design. In this paper, we propose a mixed-integer linear programming formulation that simultaneously determines the optimal satellite constellation configuration and its network topology to satisfy strict time-dependent traffic demands, leveraging the concept of traffic matrices. We present two case studies to demonstrate the applicability of the model by defining a heterogeneous set of nodes (i.e., gateways, fishing vessels) with time-varying traffic demands, radio frequency links between satellites and nodes, and optical inter-satellite links. Additionally, the case studies provide insights into the coupled relationship between the satel-lite constellation configuration and the network topology.",not relevant,Satellite communication network topology design.
iuu_remote_sensing,W4414550502,10.3390/su17198641,2025,iuu_remote_sensing,Exploring Nighttime Fishing and Its Impact Factors in the Northwestern South China Sea for Sustainable Fisheries,"The South China Sea (SCS) is an important region of fishery resources. However, its fishery resources have been threatened, mainly because of overfishing. In this study, we explored the distribution of night-time fishing boats and analyzed the relationship between fishing activities and marine environmental factors in the northwestern SCS (NWSCS). Firstly, the spatiotemporal variations in nighttime fishing boats in each month of 2021 in the NWSCS were studied. Meanwhile, a fishery activity center index was used to analyze the overall fishery activity trend in the NWSCS. Finally, the spatiotemporal distribution patterns of corresponding environmental factors (i.e., Chl-a, SSS, SST, latitude, longitude) were analyzed, and the nonlinear relationship between environmental factors and fishery activities was quantitatively studied using the generalized additive model. The results showed that fishery activities were mainly distributed in the waters of Beibu Gulf and the southwest of Hainan Island. Meanwhile, there were obvious seasonal differences (i.e., trimodal distribution) in the intensity of fishery activities in the NWSCS. Chl-a was the most important impact factor with a contribution of 21.7%, followed by SSS, longitude, SST, and latitude, with contributions of 12.8%, 9.4%, 4.2%, and 0.5%, respectively. Fishery activities in the NWSCS were mainly distributed in the area with Chl-a of 0~0.35 mg/m3, SST of 21.2~26.4 °C, and SSS of 32.9~33.8 Practical Salinity Unit. This study r",relevant,
iuu_remote_sensing,W4416725974,10.1109/igarss55030.2025.11243227,2025,iuu_remote_sensing;sar_ship_detection,Impact of Motion on Weak Target Detection Using Polarimetric SAR,"Weak target detection is crucial in maritime applications for fisheries and safety. Synthetic aperture radar (SAR), with its all-time, all-weather, high-resolution imaging capability, is widely used for vessel monitoring. However, weak targets such as fishing vessels have low backscatter, making them difficult to detect in SAR imagery. To investigate the impact of different motion forms on the detectability of weak targets, experiments were conducted using small wooden fishing vessels moving in the range direction, azimuth direction, and stationary. Polarimetric SAR images in C-band and X-band were simultaneously acquired. Based on the acquired radar and AIS data, firstly, the visibility of weak targets in polarimetric SAR images is qualitatively analyzed by visual interpretation. Secondly, the detection rate of weak targets under different motion forms is evaluated by CFAR detection algorithm. In addition, the ship-sea contrast of vessel targets with different motion forms in polarimetric SAR images is quantitatively analyzed. The experimental results indicate that moving vessels are easier to be recognized by visual interpretation and achieve higher CFAR detection rates compared to stationary vessels. Ship-sea contrast was higher when the vessel was moving in the azimuth, whereas stationary vessels were more difficult to be detected. This study aims at enhancing the detection capability and recognition accuracy of small wooden fishing vessels in SAR imagery.",relevant,
iuu_remote_sensing,W4416827876,10.35314/t62fpe35,2025,iuu_remote_sensing;sar_ais_fusion;sar_ship_detection;small_vessel,Early Warning and Real-Time Ship Tracking using AIS Data and Smartphone GPS,"The high risk of maritime accidents in congested waters such as the Malacca Strait requires an affordable safety system specifically for small fishing vessels. This research proposes and evaluates a mobile-based early warning framework that integrates shore-based AIS data with fishermen’s smartphone GPS. The system was tested under 3 operational scenarios using 4G cellular networks over a coastal area of Bengkalis, involving 60 collision simulation events and 180 API requests. Performance evaluation shows an average system latency of 2.3 seconds with a maximum latency of 4.8 seconds. The early warning mechanism successfully detected dangerous proximity (≤50 meters) with an accuracy of 93.3% and an error rate of 6.7%. Position logging via JSON POST achieved a success rate of 96.1% during continuous operation for 2 hours. Although this study demonstrates improved situational awareness and reliable last-known position recording, the system currently uses distance-based detection and does not yet implement CPA/TCPA prediction, which remains future work. The framework contributes as a low-cost monitoring and early warning solution with potential support for SAR operations through reliable historical position data.",relevant,
iuu_remote_sensing,W6957776784,10.60692/cnfhk-gas60,2023,iuu_remote_sensing,The Impact of Tropical Cyclones on Fishing Activities in the Philippines,"This study looks at fishing activity in the Philippines' Exclusive Economic Zone in 2012, as well as how it responded to tropical cyclones. The study identifies the main fishing grounds and examines the impact of tropical cyclone speed on vessel position using satellite images and tropical cyclones data. Data suggest that tropical cyclones have a negative impact on fishing activity, with fewer active boats during and after the storm. The most affected locations include the Sibuyan Sea, Visayan Sea, and Panay Gulf. These tropical cyclones were estimated to reduce commercial fishing production by 7,800 tons per day, affecting more than 188,000 families in Western Visayas.",relevant,Fishing activity from satellite vessel positions; counted relevant (borderline).
iuu_remote_sensing,W7130938537,10.5281/zenodo.18728633,2016,iuu_remote_sensing,Significant modifications of the administrative structure and procedures to revoke the EU Fish Export Ban,"During the last 15 years, there has been a phenomenal expansion in the size of the fishing fleet, number of persons employed as fishers, national marine fish production, and total earnings from fish exports. Meanwhile in the global context The European Union was in attempt to combat fishing irregularities of three kinds VIZ: Illegal, Unreported and Unregulated (IUU) fishing. A bans are key instrument the European Commission (EC) uses to tackle IUU fishing. Accordingly on 15th of January 2015, the EC proposed to ban imports of fisheries products from Sri Lanka based on IUU fishing concerns. Since, Sri Lanka was the second largest exporter of fishery products to the EU in 2013, accounted for Euro 74 million of fisheries imports to Europe. Thus the ban had a strong impact to the fisheries industry of Sri Lanka. As the main implementation agency of fisheries management of Sri Lanka under the Ministry of Fisheries, Department of Fisheries and Aquatic Resources were bounded with a target of implementing a road map with 57 tasks leading to a rapid change in the high seas fisheries operation management process. Significant changes to the regulations concerned, introduction of new management efforts such as Vessel Monitoring system, and fishing trip verification within 24 hours after landing, boat inspections and observer on board were completely new to the administrative system to meet the goal. On the other hand the attitude of the field officers and fishermen on such application wa",not relevant,Administrative reform to lift the EU fish export ban; no monitoring or detection.
iuu_remote_sensing,W7162114145,10.61511/rstde.v3i1.2026.2035,2026,iuu_remote_sensing;sar_ais_fusion;sar_ship_detection;viirs_boats,Developing an AI-enhanced maritime threat detection model: Predictive security framework for illegal fishing and piracy,"Background: The North Natuna Sea, as a strategic area of Indonesia, faces increasingly complex maritime security threats, particularly illegal fishing activities and piracy that threaten economic sovereignty and the stability of aquatic ecosystems. This research develops a maritime threat detection model based on Artificial Intelligence that is capable of predicting and preventing illegal activities through a preventive and proactive approach. Methods: Using a qualitative research method based on documentary studies, this research analyzes patterns of maritime threats, regional geopolitical dynamics, and the limitations of conventional surveillance systems that have historically relied on a reactive approach. The developed predictive model integrates three layers of technology: multi-source data integration (Sentinel-1 satellites, VIIRS, AIS, oceanographic data), predictive analytics utilizing Long Short-Term Memory (LSTM) and Random Forest algorithms, as well as an automated operational response system. Findings: Data analysis indicates that illegal fishing incurs economic losses of USD 25 billion annually on a national scale, with 112 vessels confiscated in the first half of 2024. Meanwhile, piracy incidents have increased from 10 incidents in 2022 to 18 incidents in 2023, affecting 126 crew members in 2024. The research results indicate that the predictive AI model is capable of increasing the detection rate of foreign vessels from 40% to 85% and reducing response time fro",relevant,
small_vessel,W2522414883,10.31217/p.30.1.1,2016,sar_ais_fusion;sar_ship_detection;small_vessel,Small crafts role in maritime traffic and detection by technology integration,"Maritime traffic has always played an important economic, strategic and transportation role for a maritime country. Small vessels, considering total maritime traffic in the Adriatic Sea, play an important role, although their numbers are often not considered as a potential security risk. Although small vessel accidents do not have damage potential as the large ones, they still need to be regarded as a significant risk to safety of navigation. The first part of this paper shows, thru analysis of SAR action statistical data, that the total number of all accidents is dominated by accidents involving small vessels. A particular problem in the maritime traffic monitoring is the fact that small vessels, because of their characteristics, have a reduced detection probability by modern monitoring technologies and as such can be used as a non-traditional security threat. With development of electronic and information technologies, sensor systems, remote sensing and detection systems, as well as global satellite systems, and the introduction of a legal requirement of AIS on board ships, maritime traffic control has become easier, more organized and more reliable. Although application of these technologies has brought some progress in maritime traffic monitoring, small and fast vessels that are not equipped with AIS system can still be relatively unnoticed in all increasing maritime traffic. For this reason, a solution is perceived in the integration of radar, satellite and electro-optic",relevant,
small_vessel,W2986049086,10.3390/app9224836,2019,small_vessel,CISPNet: Automatic Detection of Remote Sensing Images from Google Earth in Complex Scenes Based on Context Information Scene Perception,"The ability to detect small targets and the speed of the target detector are very important for the application of remote sensing image detection, and in this paper, we propose an effective and efficient method (named CISPNet) with high detection accuracy and compact architecture. In particular, according to the characteristics of the data, we apply a context information scene perception (CISP) module to obtain the contextual information for targets of different scales and use k-means clustering to set the aspect ratios and size of the default boxes. The proposed method inherits the network structure of Single Shot MultiBox Detector (SSD) and introduces the CISP module into it. We create a dataset in the Pascal Visual Object Classes (VOC) format, annotated with the three types of detection targets, aircraft, ship, and oiltanker. Experimental results on our remote sensing image dataset as well as the Northwestern Polytechnical University very-high-resolution (NWPU VRH-10) dataset demonstrate that the proposed CISPNet performs much better than the original SSD and other detectors especially for small objects. Specifically, our network can achieve 80.34% mean average precision (mAP) at the speed of 50.7 frames per second (FPS) with the input size 300 × 300 pixels on the remote sensing image dataset. On extended experiments, the performance of CISPNet in fuzzy target detection in remote sensing image is better than that of SSD.",relevant,"Detector for aircraft, ships and oil tankers in remote sensing images; counted relevant (borderline)."
small_vessel,W3035375414,10.1109/radar42522.2020.9114843,2020,small_vessel,Multi-channel Maritime Radar Target Detection using Morphological Component Analysis,"Radar detection of small maritime targets can be difficult due to the dynamic motion of the sea. In this paper, a new space-time signal separation technique is presented which can extract both stationary and moving targets from the background interference. This is achieved with a space-time implementation of the morphological component analysis using a two dimensional short time Fourier transform as the dictionary. An analysis of the choice of penalty parameter is also presented to ensure good separation of the target and interference components. The algorithm performance is demonstrated using a Monte-Carlo simulation with synthetic multi-channel sea clutter data modelled on the Ingara X-band sea clutter data set and the processed output tested against a number of practical detection schemes.",relevant,Maritime radar (not SAR) detection of small targets; counted relevant.
small_vessel,W3205264775,10.1109/igarss47720.2021.9555032,2021,sar_ship_detection;small_vessel,YOLOV3 Based Ship Detection in Visible and Infrared Images,"Ship detection is one of the most important researches in the field of navigation safety and marine environment monitoring. Synthetic aperture radar (SAR) imagery has been used as a promising data source for monitoring maritime activities. However, the resolution of SAR images is limited, and it cannot effectively detect densely distributed and small ships, especially near harbors. In order to effectively manage ships during the day and night, this research uses visible and infrared images for ship detection. In this study, an improved architecture based on You only look once version 3 (Yolov3) is proposed for ship detection. Yolov3 provided multi-scale feature extraction to enhance the recognition of small targets. In addition, the study also considered the influence of Yolov3 parameters on ship detection, including the input image size, the number of filters in convolution layers and the detection scales. The experiment is based on a data set containing six types of ships, and a total of 5, 513 visible and infrared images from the harbors in northern Taiwan. The experimental results show that when the model parameters are selected as: 352x352 input size, the scale of large target deleted and the convolution filters reduced by 30%, Yolov3 has better ship detection performance and computational efficiency. Compared with the original Yolov3 with 87.9% mean average precision (mAP) and 87.0 billion floating point operations per second (BFLOPs), the proposed architecture can achi",relevant,
small_vessel,W4213258329,10.1155/2022/4630155,2022,sar_ship_detection;small_vessel,Achievement of Small Target Detection for Sea Ship Based on CFAR‐DBN,"With the rapid development of marine exploration and marine transportation, the activities of marine ships are becoming more and more frequent. Accurate and rapid detection of the position of marine ships has very important practical and strategic significance. SAR has the characteristics of all‐weather detection. It is an important means of ship detection. Aiming at the problem of fuzzy interference in sea surface ship SAR image detection, a small target image detection algorithm based on constant false alarm rate (CFAR) and depth belief network (DBN) is proposed. Firstly, according to the traditional CFAR detection principle, the whole image to be detected is detected by CFAR globally, and the index matrix is obtained, so as to improve the ship detection speed. Secondly, the output data of the hidden layer of the last layer of DBN are used as the input data of SVM, and the trained DBN model is applied to local detection, so as to improve the accuracy and robustness of ship detection. Finally, the algorithm combining CFAR and DBN is trained and applied in ship detection. Experimental results show that the accuracy of the proposed algorithm under fuzzy interference is better than that of traditional CFAR, BPNN, Fast R‐CNN, and SSD512 algorithms, which proves that the robustness of the combined algorithm is significantly improved.",relevant,
small_vessel,W4225326762,10.3390/s22093447,2022,sar_ship_detection;small_vessel,An Efficient Lightweight SAR Ship Target Detection Network with Improved Regression Loss Function and Enhanced Feature Information Expression,"It is difficult to identify the ship images obtained by a synthetic aperture radar (SAR) due to the influence of dense ships, complex background and small target size, so a deep learning-based target detection algorithm was introduced to obtain better detection performance. However, in order to achieve excellent performance, most of the current target detection algorithms focus on building deep and high-width neural networks, resulting in bloated network structure and reduced detection speed, which is not conducive to the practical application of target detection algorithms. Thereby, an efficient lightweight network Efficient-YOLO for ship detection in complex situations is proposed in the present work. Firstly, a new regression loss function ECIOU is proposed to enhance the detection boxes localization accuracy and model convergence speed. Secondly, We propose the SCUPA module to enhance the multiplexing of picture feature information and the model generalization performance. Thirdly, The GCHE module is proposed to strengthen the network's ability to extract feature information. At last, the effectiveness of our method is tested on the specialized ship dataset: SSDD and HRSID datasets. The results show that Efficient-YOLO outperforms other state-of-the-art algorithms in accuracy, recall and detection speed, with smaller model complexity and model size.",relevant,
small_vessel,W4292454830,10.3390/rs14153829,2022,sar_ship_detection;small_vessel,A-BFPN: An Attention-Guided Balanced Feature Pyramid Network for SAR Ship Detection,"Thanks to the excellent feature representation capabilities of neural networks, target detection methods based on deep learning are now widely applied in synthetic aperture radar (SAR) ship detection. However, the multi-scale variation, small targets with complex background such as islands, sea clutter, and inland facilities in SAR images increase the difficulty for SAR ship detection. To increase the detection performance, in this paper, a novel deep learning network for SAR ship detection, termed as attention-guided balanced feature pyramid network (A-BFPN), is proposed to better exploit semantic and multilevel complementary features, which consists of the following two main steps. First, in order to reduce interferences from complex backgrounds, the enhanced refinement module (ERM) is developed to enable BFPN to learn the dependency features from the channel and space dimensions, respectively, which enhances the representation of ship objects. Second, the channel attention-guided fusion network (CAFN) model is designed to obtain optimized multi-scale features and reduce serious aliasing effects in hybrid feature maps. Finally, we illustrate the effectiveness of the proposed method, adopting the existing SAR Ship Detection Dataset (SSDD) and Large-Scale SAR Ship Detection Dataset-v1.0 (LS-SSDD-v1.0). Experimental results show that the proposed method is superior to the existing algorithms, especially for multi-scale small ship targets under complex background.",relevant,
small_vessel,W4293103855,10.3390/electronics11172657,2022,small_vessel,Improved YOLOv5 Based on Hybrid Domain Attention for Small Object Detection in Optical Remote Sensing Images,"The object detection technology of optical remote sensing images has been widely applied in military investigation, traffic planning, and environmental monitoring, among others. In this paper, a method is proposed for solving the problem of small object detection in optical remote sensing images. In the proposed method, the hybrid domain attention units (HDAUs) of channel and spatial attention mechanisms are combined and employed to improve the feature extraction capability and suppress background noise. In addition, we designed a multiscale dynamic weighted feature fusion network (MDW-Net) to improve adaptive optimization and deep fusion of shallow and deep feature layers. The model is trained and tested on the DIOR dataset, and some ablation and comparative experiments are carried out. The experimental results show that the mAP of the proposed model surpasses that of YOLOv5 by a large margin of +2.3 and has obvious advantages regarding the detection performance for small object categories, such as airplane, ship, and vehicle, which support its application for small target detection in optical remote sensing images.",relevant,Small-object detector reporting ships among its classes (DIOR); counted relevant (borderline).
small_vessel,W4312790920,10.1109/access.2022.3222364,2022,sar_ship_detection;small_vessel,A Decoupled Head and Coordinate Attention Detection Method for Ship Targets in SAR Images,"Currently, deep learning-based synthetic aperture radar (SAR) image ship target detection methods have been widely used in the field of SAR image ship detection. However, these methods suffer from high model complexity and poor performance when detecting small dense targets. To address this problem, this paper proposes a ship target detection algorithm based on the improved YOLO (You Only Look Once) algorithm. In addition, considering the real-time requirements and computational constraints in mobile applications, the YOLOv4 network is modified to make it more lightweight. Moreover, decoupled head and coordinate attention are introduced to preserve YOLOv4’s superb detection performance as much as possible after lightweighting it. First, as the detection head of the YOLOv4 degrades the performance, this study decouples the classification and regression tasks. Second, since the channel attention mechanism ignores the spatial position information, coordinate attention is used to obtain long-range dependencies and accurate position information in the spatial domain. Moreover, the effects of the coordinate attention mechanism in different hierarchical YOLOv4 structures are analyzed. Furthermore, on the basis of the YOLOv4 backbone, another lightweight backbone is added to the model structure to improve model detection performance. Experimental results on the SAR ship detection dataset (SSDD) and the high-resolution SAR images dataset (HRSID) demonstrate that the proposed method ca",relevant,
small_vessel,W4379780991,10.1109/lgrs.2023.3284093,2023,sar_ship_detection;small_vessel,A Super Lightweight and Efficient SAR Image Ship Detector,"The realm of Synthetic Aperture Radar (SAR) ship detection has witnessed widespread adoption of deep learning, owing to its exceptional detection accuracy and end-to-end capabilities. Despite these advantages, the current SAR ship target detection methods still face the challenge of detecting small-scale targets and are difficult to be deployed on satellite platforms due to their complex models and huge computational effort. To overcome these problems, based on the YOLOv5 architecture, we present a super lightweight and efficient SAR ship target detection method named SLit-YOLOv5. Our proposed model comprises two essential components, IMNet and Slim-BiFPN. IMNet serves as the backbone feature extraction network, significantly enhancing the feature extraction capability while reducing the number of parameters by half. Slim-BiFPN achieves adaptive fusion of multi-scale features with fewer parameters. To validate the proposed model, we conducted an experimental evaluation on the SAR ship detection dataset (SSDD), and the results show that our SLit-YOLOv5 model outperforms the currently popular lightweight SAR ship target detection methods with high detection accuracy, low floating-point operations, and very few params.",relevant,
small_vessel,W4391096267,10.1109/icicsp59554.2023.10390664,2023,sar_ship_detection;small_vessel,Ship Detection in SAR Image Based on Switchable Cavity Convolution,"This paper presents an enhanced SAR image detection algorithm for YOLOv7 to address the issue of low detection accuracy of small-target ships and ships in complex backgrounds in synthetic aperture radar images. The proposed algorithm replaces the traditional convolutional layer in the backbone network of YOLOv7 with a convolutional SAConv, thus enhancing the network's capability to detect small targets and large objects. The introduction of the new metric, Wise IoU, into the loss function aims to improve the convergence speed and robustness while mitigating the adverse gradient effects caused by low-quality examples, thereby enhancing the detection of small targets. In the experimental comparison using the SSDD dataset, the improved method is employed to enhance the precision value of the model by increasing the number of model parameters and computational resources compared to the original YOLOv7. The mean Average Precision increases to 96.59%, showing an improvement of 9.33% over the original YOLOv7. Additionally, the accuracy improves by 3.81%, and the recall rate improves by 16.36%. These results demonstrate the superiority of the proposed method, resulting in enhanced precision compared to the original approach. The experimental results demonstrate that the enhanced algorithm significantly improves the detection accuracy of SAR images. Moreover, it effectively mitigates the issues of false positives and missed detections of ships in complex backgrounds.",relevant,
small_vessel,W4403331821,10.23919/fusion59988.2024.10706417,2024,small_vessel,A Cross-modal Fusion Method for Multispectral Small Ship Detection,"The fusion module of RGB and infrared (IR) remote sensing images is the key of multispectral ship detection. Existing works have shown that the cross-attention-based feature fusion can achieve good performance by extracting the complementary information of RGB and IR modalities. However, the existing commonly used cross-attention mechanisms introduce lots of redundancy parameters and mainly focus on global feature interaction of multispectral images, ignoring local detail information that is also important for small ship detection. In this paper, we propose a novel multispectral ship detection approach named LoGFusion. In LoGFusion, we design the cross stage partial module with partial convolution (CSPMPC) to reduce feature redundancy and utilize the local cross-modal fusion module (LoCFM) and global cross-modal fusion module (GCFM) to capture both local and global cross-modal features. Furthermore, we introduce a Multispectral Small Ship Dataset (MSSD) containing over 5k ship targets for small target detection. Experiments on MSSD validate the effectiveness of our method in terms of small ship detection in multispectral images.",relevant,
small_vessel,W4404345408,10.3390/electronics13224470,2024,sar_ship_detection;small_vessel,HCA-RFLA: A SAR Remote Sensing Ship Detection Based on Hierarchical Collaborative Attention Method and Gaussian Receptive Field-Driven Label Assignment Strategy,"Ensuring safety at sea has become a primary focus of marine monitoring, driving the increasing adoption of ship detection technology in the maritime industry. Detecting small ship targets in SAR images presents challenges, as they occupy only a small portion of the image and exhibit subtle features, reducing detection efficiency. To address these challenges, we propose the HCA-RFLA algorithm for ship detection in SAR remote sensing. To better capture small targets, we design a hierarchical collaborative attention (HCA) mechanism that enhances feature representation by integrating multi-level features with contextual information. Additionally, due to the scarcity of positive samples for small targets under IoU and center sampling strategies, we propose a label assignment strategy based on Gaussian receptive fields, known as RFLA. RFLA assigns positive samples to small targets based on the Gaussian distribution between feature points and ground truth, increasing the model’s sensitivity to small samples. The HCA-RFLA was experimentally validated using the SSDD, HRSID, and SSD datasets. Compared to other state-of-the-art methods, HCA-RFLA improves detection accuracy by 6.2%, 4.4%, and 3.6%, respectively. These results demonstrate that HCA-RFLA outperforms existing algorithms in SAR remote sensing ship detection.",relevant,
small_vessel,W4407784139,10.1109/ispa63168.2024.00230,2024,sar_ship_detection;small_vessel,A Rotating Target Detection Algorithm for Ships in SAR Images Based on LAOBB-YOLOv8n,"Aiming to address challenges in SAR image ship detection tasks, such as the dense concentration of inshore ships, small target sizes, and large overlapping areas, this paper proposes an improved algorithm LAOBB-YOLOv8n based on YOLOv8n for detecting rotating ships in SAR images. In this model, we propose the Detect_LSCD detection head, which replaces the BatchNorm in the convolutional layers of the Detect module in YOLOv8n with GroupNorm to improve the positioning and classification capabilities of the detection head; Replace the original Spatial Pyramid Pooling-Fast (SPPF) module with the Attention-based Intrascale Feature Interaction (AIFI) module, which focuses on processing advanced image features through self-attention mechanism, thus improving the flexibility and accuracy of the model in processing complex scenes while reducing unnecessary computational consumption; Based on the original network structure, we add a small target detection layer to improve the detection ability for small targets; Use rotating bounding box instead of traditional horizontal bounding box, which can better accommodate the rotating posture of the target and reduce the overlapping areas between detection boxes, thereby improving the accuracy of inshore target detection. The comparative and ablation experiments are conducted on the RSDD-SAR dataset to verify the model’s effectiveness. The experimental results show that the mAP50 of LAOBB-YOLOv8n reaches 98%, which is 1.4% higher than that of YOL",relevant,
small_vessel,W4411055798,10.36227/techrxiv.174914263.30645868/v1,2025,sar_ship_detection;small_vessel,An Efficient Method for Evaluating the Feasibility of Spaceborne SAR for Ocean Ship Detection,This letter presents an effective method for assessing the feasibility of detecting ocean ships using spaceborne synthetic aperture radar (SAR). The technique employs the minimum detectable radar cross-section criterion under specified false alarm and detection probabilities. The benefits of the proposed method are illustrated by evaluating the feasibility of detecting small ships with SAR from a satellite in very low Earth orbit.,relevant,
small_vessel,W4413264481,10.36287/setsci.22.15.001,2025,iuu_remote_sensing;small_vessel,Advanced Maritime Vessel Detection in Satellite Imagery Using Masati-V2,"Maritime vessel detection in satellite images address real time issues such as maritime security, illegal fishing and environmental monitoring, which require efficient tracking of vessels in large scale. Maritime vessel detection is challenged by limited annotated satellite datasets, varying sea conditions, and the presence of small or overlapping vessels. YOLOv10 is best for maritime vessel detection in satellite images due to its high accuracy, speed and efficiency in handling complex environments. It is able to detect small vessels against vast and cluttered backgrounds. YOLOv10 addresses these challenges through architectural features, which able to detect small objects like ships. It is scalable for tasks like illegal fishing detection and coastal security using satellite images. Using Masati-V2 dataset we have trained algorithms like YOLOv10s and YOLOv10m which are family of YOLOv10.Evaluation is performed using performance metrics which include precision and recall. According to our research, YOLOv10m model gives the best prediction for maritime vessel detection in satellite imagery. Future research will concentrate on enhancing classification models to identify various vessel types, including smaller or overlapping ones, under diverse environmental conditions and also need to explore real-time vessel tracking using temporal data and predictive analytics can be explored to monitor vessels continuously across multiple satellite images for improved situational awareness.",relevant,
small_vessel,W4413967098,10.1109/jstars.2025.3605895,2025,small_vessel,DB-DCNet: Dual-Branch Dense Collaborative Network for Infrared Small Target Detection,"Infrared small target detection (IRSTD) is crucial in aerospace and maritime rescue applications. Since imaging devices, such as satellites, are usually at a very long distance from the targets, the targets appear dim in the images. Existing IRSTD methods predominantly employ single-branch architectures with complex feature extraction modules, which paradoxically achieve limited performance improvement as small targets inherently lack sufficient features for effective characterization. To address this issue, we propose a Dual-Branch Dense Collaborative Network (DB-DCNet), which integrates two specialized detection branches: one focuses on minimizing missed detections through target-sensitive feature learning; the other aims to reduce false alarms via clutter-aware optimization techniques. Both branches adopt the same densely connected network structure but use different feature extraction modules. One branch leverages small-sized kernels and hybrid attention mechanisms to segment target edges accurately, thus effectively decreasing missed detections. On the contrary, the other branch uses convolutions with multiple receptive fields and residual connections to filter out background clutter, significantly suppressing false alarms. The detection results of the two branches are further processed by a lightweight feature selection network for feature selection and fusion, leading to output results with fewer false alarms and missed detections. Comprehensive experiments on the Eart",not relevant,Generic infrared small-target detection; no vessels.
small_vessel,W7125948471,10.1109/icpics66386.2025.11347247,2025,sar_ship_detection;small_vessel,Small Target Detection of Ships in SAR Imaging Based on Improved DETR Algorithm,"SAR imaging technology is a commonly used target recognition method, commonly used for identifying ships at sea. However, the speckle noise present in SAR imaging can cause significant interference to target recognition, and there are also issues such as low recognition accuracy, large target scale changes, missed detections, and false detections for complex targets near the coast. So, for the above issues, we introduced the DV2 module network module to replace the BasicBlock of ResNet-18 in the RT-DETR model backbone network, reducing noise interference while also improving the accuracy of image recognition. Afterwards, we adopted the FDN generalized bilateral focusing pyramid network structure optimization model for the processing layer, and used the EfficientAdditiveAttnetion module as the encoder of the module to extract object features of different scales and capture local contextual information, eliminate the influence of background noise, increase the high detection accuracy of small targets in complex nearshore backgrounds, and enhance the recognition ability of multi-scale targets. Finally, considering that the model parameters may be too complex, we use the PAGCP pruning algorithm to make the model lightweight, ensuring accuracy while reducing parameter redundancy.",relevant,
small_vessel,W7167835494,10.1049/icp.2026.1103,2026,sar_ship_detection;small_vessel,SFDet: star fusion network for SAR image ship detection,"With the deployment of new-generation satellite platforms, Synthetic Aperture Radar (SAR) technology has demonstrated significant value in ocean monitoring, military reconnaissance, and disaster response. This capability enables critical applications including maritime search and rescue, border security, resource exploration, and dual-use military-civilian operations such as precision guidance and target recognition. Target detection, as a pivotal step in SAR image interpretation, requires rapid and accurate localization of objects within complex echo data. Its performance directly impacts SAR engineering effectiveness and remains a core challenge in microwave remote sensing. However, satellite observation limitations cause ship targets to exhibit small size and low signal-to-noise ratio characteristics, often resulting in missed detection of small targets. To address this, we propose the Star Fusion FPN method, which enhances fine-grained feature retention through extended implicit spatial dimensions while strengthening multi-scale feature interaction and alignment, thereby improving small object detection accuracy.",relevant,
small_vessel,W7213903444,10.18686/cest813,2026,small_vessel,Sea-state dependent lognormal modeling of radar sea clutter for significant wave height estimation,"An accurate modeling method of sea clutter is one of the most important factors in improving a radar system used in maritime radar, especially in detecting very small target scopes in a reflection on the sea surface. This paper discusses statistically how the mean () and standard deviation () work in the logarithmic domain (dB), where the data used are the Java Sea surface data based on wave height data (). The results show that the standard deviation observed for clutter, which is the result of the estimate (), has a very similar correlation with the theoretical value and is independent of the value. In contrast to the mean clutter value (), which decreases when there is an increase in the , even with small amplitude conditions. These results indicate that there are differences in physical mechanisms in the statistical parameters of sea clutter, where the clutter variance is strongly influenced by irregularities on the sea surface, while the value of the average scattering is highly dependent on wave geometry. These results have a very real correlation with the latest methods in sea clutter modeling, especially for maritime radar technology and support the development of adaptive clutter models and radar-based sea state estimation, especially in tropical waters such as the Java Sea.",not relevant,Sea clutter statistics for wave height estimation; small-target detection only named as a use.
viirs_boats,W2561939013,10.1109/oceans.2016.7761309,2016,viirs_boats,Estimation of vessel traffic density from Suomi NPP VIIRS day/night band,"Continuous observation of change in vessels activity is important to detect the events and understand the circumstances within the maritime environment. In this paper, we propose the estimation and visualization method of vessel traffic density from day/night band in Visible Infrared Imaging Radiometer Suite (VIIRS) sensor on the Suomi National Polar-orbiting Partnership (Suomi NPP) in order to detect the activity of small vessels that their location data is not reporting by Automatic Identification System (AIS) data. Moreover, we investigate the proposed visualization method in the application on the region of South China Sea.",relevant,
viirs_boats,W2596131037,10.5281/zenodo.1129046,2017,iuu_remote_sensing;sar_ship_detection;small_vessel;viirs_boats,Detection Of Temporal Change Of Fishery And Island Activities By Dnb And Sar On The South China Sea,"Fishery lights on the surface could be detected by the Day and Night Band (DNB) of the Visible Infrared Imaging Radiometer Suite (VIIRS) on the Suomi National Polar-orbiting Partnership (Suomi-NPP). The DNB covers the spectral range of 500 to 900 nm and realized a higher sensitivity. The DNB has a difficulty of identification of fishing lights from lunar lights reflected by clouds, which affects observations for the half of the month. Fishery lights and lights of the surface are identified from lunar lights reflected by clouds by a method using the DNB and the infrared band, where the detection limits are defined as a function of the brightness temperature with a difference from the maximum temperature for each level of DNB radiance and with the contrast of DNB radiance against the background radiance. Fishery boats or structures on islands could be detected by the Synthetic Aperture Radar (SAR) on the polar orbit satellites using the reflected microwave by the surface reflecting targets. The SAR has a difficulty of tradeoff between spatial resolution and coverage while detecting the small targets like fishery boats. A distribution of fishery boats and island activities were detected by the scan-SAR narrow mode of Radarsat-2, which covers 300 km by 300 km with various combinations of polarizations. The fishing boats were detected as a single pixel of highly scattering targets with the scan-SAR narrow mode of which spatial resolution is 30 m. As the look angle dependent scatte",relevant,Fishery lights from DNB with SAR; counted relevant.
viirs_boats,W2767295662,,2017,iuu_remote_sensing;viirs_boats,Elimination of Artificial Bright Pixels in VIIRS DNB Nighttime IMage over the South Atlantic Anomaly Region,"The Visible Infrared Imaging Radiometer Suite (VIIRS) Day/Night Band (DNB) is a panchromatic visible and near-infrared band capable of quantitative measurement of light radiances from 3×10-9 W∙cm-2∙sr-1 to 2×10-2 W∙cm-2∙sr-1. Its extreme sensitivity of the HGS to low lights, together with the nearly constant spatial resolution over the whole swath, enables numerous applications of environmental remote sensing and global monitoring of anthropogenic activities in nighttime. However, the DNB is susceptible to high energy particles (HEPs) hitting over the South Atlantic Anomaly (SAA) region. Although a special algorithm was designed to filter out high radiance pixels induced by HEPs, large amount of artificial bright pixels are still observed in the generated DNB nighttime images, leaving obstacles for several image based applications, such as automatic fishing boat detection over the SAA region. In this study, we investigated DNB nighttime images over the SAA region. It has been shown that the DNB gain selection logic is the possible root cause for the isolated bright pixels in DNB nighttime images over the SAA region. This result was confirmed by a recent DNB special data acquisition over the SAA region. With the knowledge acquired from the analysis of root cause, we explored method to eliminate artificial bright pixels induced by the HEPs over the SAA region. Our method could improve the DNB nighttime image quality over the SAA region and potentially benefits monitoring of ant",relevant,"Removes artefact pixels in VIIRS DNB images, motivated by automatic fishing boat detection; counted relevant (borderline)."
viirs_boats,W2897839944,10.3390/rs10101604,2018,iuu_remote_sensing;viirs_boats,Mapping Fishing Activities and Suitable Fishing Grounds Using Nighttime Satellite Images and Maximum Entropy Modelling,"Fisheries surveys over broad spatial areas are crucial in defining and delineating appropriate fisheries management areas. Yet accurate mapping and tracking of fishing activities remain largely restricted to developed countries with sufficient resources to use automated identification systems and vessel monitoring systems. For many countries, the spatial extent and boundaries of fishing grounds are not completely known. We used satellite images at night to detect fishing grounds in the Philippines for fishing gears that use powerful lights to attract coastal pelagic fishes. We used nightly boat detection data, extracted by U.S. NOAA from the Visible Infrared Imaging Radiometer Suite (VIIRS), for the Philippines from 2012 to 2016, covering 1713 nights, to examine spatio-temporal patterns of fishing activities in the country. Using density-based clustering, we identified 134 core fishing areas (CFAs) ranging in size from 6 to 23,215 km2 within the Philippines’ contiguous maritime zone. The CFAs had different seasonal patterns and range of intensities in total light output, possibly reflecting differences in multi-gear and multi-species signatures of fishing activities in each fishing ground. Using maximum entropy modeling, we identified bathymetry and chlorophyll as the main environmental predictors of spatial occurrence of these CFAs when analyzed together, highlighting the multi-gear nature of the CFAs. Applications of the model to specific CFAs identified different environme",relevant,
viirs_boats,W2922334674,10.21046/2070-7401-2019-16-1-239-242,2019,viirs_boats,Estimation of fishing traffic in the Sea of Japan according to VIIRS radiometer night surveys,современные проблемы дистанционного зондирования Земли из космоса.2019.т. 16.,relevant,No abstract (citation line only); judged on title (fishing traffic from VIIRS night surveys).
viirs_boats,W2979943818,10.2208/jscejoe.75.i_1025,2019,iuu_remote_sensing;viirs_boats,MOVEMENT OF FISHING BOATS WITH FISHING LIGHTS IN THE TSUSHIMA STRAIT IN SUMMER AND FALL USING NIGHTTIME LIGHT SATELLITE IMAGES,水産資源管理の一環として集魚灯漁船(以下，漁船)の動向を調べることは効率な方法の1つと考えられる．そこで本研究ではSuomi-NPP/VIIRSによる夜間光衛星画像を用いて夏季及び秋季の対馬海峡における漁船の動向を調べた．漁船は対馬東沿岸から山口県北沖へ舌状に分布する．漁船の分布と海洋モデルの50m深の流速場を比較すると，漁船は対馬東沿岸から北東へ広がる淀んだ海域及びその縁辺に多く分布する．漁船の分布と50m深の水温場の関係性はあるが，漁船の位置における水温場の最多頻度は2015年8月では19℃台，9月では22℃台及び10月では21℃台であり，漁船が位置する水温場は時期によって異なる．一方，漁船の分布と流速場の関係性を動的に示すことができるので，水温場よりも流速場を解析するほうが漁業操業できる漁場をより効率的に推定できる．,relevant,Japanese abstract; fishing boats with fishing lights from VIIRS night images.
viirs_boats,W2982044501,10.1145/3331453.3361661,2019,iuu_remote_sensing;viirs_boats,Use of VIIRS DNB Satellite Images to Detect Nighttime Fishing Vessel Lights in Yellow Sea,"In recent years, using satellite remote sensing data to detect nightlight of fishing vessels has become an important way for understanding the dynamics of fisheries resources and providing information for international fisheries management. In our study, we used the daily Visible Infrared Imaging Radiometer Suite (VIIRS) day/night band (DNB) low-light remote sensing image in 2016 to detect nighttime lights in the Yellow Sea. Multiple threshold identification methods were developed to process DNB image in individual spot groups and mass-shaped spot groups, which could accurately identify lighting points in the two backgrounds. The results shown that 121,673 lighting points were identified for fishing vessels, the number of nightlights in each month could reflect seasonal changes very well. The spatial distribution hotspot map was generated with all nightlight points in 2016, which can provide a reference for understanding fishing activities in Yellow Sea.",relevant,
viirs_boats,W2984287907,10.1080/01431161.2019.1685722,2019,iuu_remote_sensing;viirs_boats,Spatial variability of fishing grounds in response to oceanic front changes detected by multiple satellite measurements in the East (Japan) sea,"In the East (Japan) Sea, the ocean fronts resulting from coastal upwelling and eddies affect the formation of fishing grounds by creating an environment with abundant food resources. The aim of this study was to examine the relationship between fishing activities and the locations of these ocean fronts. To do this, Day/Night Band (DNB) images were used, and ocean fronts were detected based on satellite ocean colour data. It was found that the illuminated pixels on the DNB images were related to the number of sailed out boats (coefficient of determination, R2 = 0.55) and so may represent the number of fishing activities. Consequently, a new index was developed to assess the spatial correlation between the locations of fishing activities and ocean fronts, referred to as the ‘DNB score,’ which combined the scientific method of determining the locations of regional ocean fronts with the social method of observing the locations of fishing activities based on fishermen’s experiences. The DNB score was approximately 21% for the coastal upwelling front and 44% for the eddy front. Since most boats with lights in the East Sea are known to be fishing for Todarodes pacificus, the relationship between the DNB score and the catch of T. pacificus was also examined. This showed that the DNB score reflected the temporal catch variability and the catch per unit effort of T. pacificus, suggesting that it could be used as an index to evaluate the location of fishing grounds in association with f",relevant,Fishing activity from DNB images against ocean fronts; counted relevant (borderline).
viirs_boats,W3162812363,10.1088/1755-1315/584/1/012053,2020,viirs_boats,Dissemination of angling vessels in the eastern Indian Ocean: a remote sensing perspective,"Abstract Dissemination of angling vessels extracted from Vessels Monitoring System (VMS) platform and the Visible Infrared Imaging Radiometer Suite (VIIRS) boat detection (VBD) data in the eastern Indian Ocean. The data of angling vessels derived VMS platform and VBD data was provided by Ministry of Maritime Affairs and Fisheries Indonesia and Earth Observation Group, respectively. The results showed the number of angling vessels that operated during southeast monsoon was higher than others monsoon. The dissemination of angling vessels originating from the VMS platform with VIIRS-VBD has a similar pattern, especially from Bali – Nusa Tenggara. In the general, the dissemination variety of angling vessels from VMS showed that angling vessels mostly appeared in the waters of Bali – Nusa Tenggara while the angling vessels from VBD appeared from West Java - Nusa Tenggara. The VMS and VBD data opening up a variety of possible future applications for more calculable data analysis of fisheries.",relevant,
viirs_boats,W4318832786,10.31851/jipbp.v17i2.9504,2022,viirs_boats,Kesesuaian Lokasi Kapal Penangkap Ikan dengan Daerah Potensi Penangkapan Ikan Di Perairan Kabupaten Raja Ampat Berdasarkan Data Citra Satelit,"Kepulauan Raja Ampat memiliki kekayaan laut yang sangat berlimpah, perairan Raja Ampat juga masuk kedalam Kawasan Konservasi yang dilindungi, dikelola dengan sistem zonasi. Nelayan yang menangkap ikan di perairan Raja Ampat biasanya berukuran 10 GT, sedangkan perahu di atas 10 GT biasanya merupakan nelayan dari luar Raja Ampat. Penentuan daerah yang berpotensi ikan dapat dilakukan dengan mengkaji data oseanografi yaitu suhu permukaan laut dan klorofil-a. Penelitian ini bertujuan untuk mengetahui kesesuaian kapal nelayan yang menangkap ikan di daerah penangkapan ikan dan bukan di daerah konservasi di Kabupaten Raja Ampat. Metode yang digunakan dalam penelitian ini adalah metode deskriptif dan kuantitatif. Analisis potensi zona penangkapan dilakukan untuk mengetahui lokasi-lokasi yang potensial untuk menangkap ikan berdasarkan suhu permukaan laut dan sebaran klorofil-a yang bersumber dari citra Aqua MODIS. Setelah itu, diidentifikasi keberadaan kapal penangkap ikan. Data kapal berasal dari VIIRS Boat Detection. Rata-rata kandungan klorofil di daerah penelitian adalah 0.63 mg/m3 sementara rata-rata suhu permukaan laut di malam hari adalah 28.83oC. Berdasarkan pengolahan data yang dilakukan menggunakan data VIIRS sepanjang tahun 2021 terdapat 859 unit kapal dan berlayar atau menangkap ikan di beberapa kalster yakni Misool bagian Utara, Misool bagian Tenggara, Perairan seputaran Kota Sorong, dan Waigeo sebelah Barat. Menurut hasil kajian, tidak ditemukan pelanggaran secara peruntu",relevant,Indonesian abstract; compares fishing vessel locations with potential fishing and conservation zones from satellite data (borderline).
viirs_boats,W4391377810,10.1051/e3sconf/202448301010,2024,iuu_remote_sensing;viirs_boats,Shelf oceanography and small pelagic fishes in the Java Sea,"The optimization of small pelagic fisheries in the Java Sea could be enhanced by providing oceanographic information for analysis and determining potential fishing grounds. This study aims to investigate shelf oceanographic factors influencing small pelagic fisheries using multidatasets of sea surface temperature and surface salinity CROCO ocean model output (2010 – 2020), distribution of light-fishing vessel position of VIIRS satellite, and small pelagic fish catches landing data (round scads Decapterus spp. and the spotted sardinella Amblygaster sirm) at Pekalongan Fishing Port, Central Java. The results showed that the peak of fishing season for the spotted sardinella occurs during northwest monsoon, in which the eastward monsoon current and Sunda shelf throughflow brings fresher (±32.4 psu) and warmer (±28.5 oC) water into the Java Sea. In contrast, the peak of fishing season for round scads. is associated with saltier (>33.0 psu) and cooler (<28.5 °C) water supplied by the westward monsoon current and Makassar ITF during the southeast monsoon. Alternating intensification of monsoonal current along the northern Java and the southern Kalimantan coast during different monsoon periods is associated with a higher abundance of neritic and oceanic small pelagic fishes, respectively.",not relevant,Oceanography of small pelagic fisheries; VIIRS boat positions used only as a covariate.
viirs_boats,W4406334403,10.3390/jmse13010121,2025,viirs_boats,Identification and Removal of Light Pollution in Maritime Night-Time Images Based on Spatial Frequency Blocks,"The safety of ships during nighttime navigation has always been a major concern. With the widespread application of technologies such as intelligent recognition, intelligent detection, and unmanned ship navigation at night, nighttime maritime light pollution has significantly affected the effectiveness of these intelligent technologies and navigation safety. Therefore, effectively eliminating nighttime maritime light pollution has become an urgent challenge that needs to be addressed. This paper presents a model based on spatial frequency blocks (SFBs) to solve the problem of light pollution in nighttime sea images. The model includes ResNet-50, an encoder, a decoder, and a discriminator. To enable the model to better remove the influence of light pollution, this study designs a method of first detecting the light pollution area and then removing it. It extracts image information from the space–frequency domain to help eliminate light pollution and retain more image information. The experimental results show that on the nighttime light pollution dataset, the Peak Signal-to-Noise Ratio (PSNR) of the model is improved to 24.91 compared to the current state-of-the-art image restoration model, while the Frechet inception distance (FID) is reduced to 64.85. At the same time, in the real night environment, the model can better remove light pollution to recover the original nighttime information. It has excellent performance and provides a certain reference value for advancing the s",not relevant,Light pollution removal in ship-borne night camera images; 'night-time light' is not VIIRS and no vessel detection.
viirs_boats,W4406774232,10.61310/mjst.v22i2.2179,2024,iuu_remote_sensing;viirs_boats,Boat Detection Using Visible Infrared Imaging Radiometer Suite in Philippine Waters,"The nighttime boat detection system utilizes the Day/Night Band (DNB) from the Visible Infrared Imaging Radiometer Suite (VIIRS) onboard the Suomi National Polar orbiting Partnership (Suomi-NPP) Satellite. However, no locally developed algorithm exists for nighttime boat detection. This study aims to develop an algorithm that processes irradiance data from Suomi-NPP Science Data Records to extract boat locations based on nighttime lights. For the first time in Philippine waters, the study implemented a locally developed nighttime fishing boat detection system and recorded detections for potential temporal analysis of fishing activities. The process of generating the nighttime lights for boat detection involves several filtering steps to exclude extraneous features, such as flashes of lightning, moonlight, stray light, and high-energy atmospheric particles. The filtered radiance spikes and sharpness are then characterized to generate boat detections from the low-light data. Due to the absence of Automated Identification Systems (AIS) for marine vessels in the Philippines, the boat detection algorithm is tested on available AIS data from the Gulf of Mexico. The developed nighttime boat detection algorithm achieved a precision rate of 71.76% comparable to a commercially available system (75.06 %). The AIS and satellite data used for validation were timestamped on May 31, 2022, from 00:12 AM to 00:18 AM (Mexico Local Time). With this system integrated into local monitoring effort",relevant,
viirs_boats,W4409475772,10.1371/journal.pone.0319525,2025,iuu_remote_sensing;viirs_boats,Improving China’s maritime law enforcement operations against overfishing in the South China Sea—Based on a comparison with the Indonesian law enforcement system against IUU Fishing,"Overfishing in the South China Sea has become increasingly severe these years, with Illegal, Unreported, and Unregulated (IUU) fishing being one of the main contributors to this problem. To ensure regional and global food security as well as stability, it is necessary and urgent for the South China Sea coastal states to deal with overfishing effectively. Based on a comparison with the Indonesian law enforcement system against IUU fishing, the paper proposes a path for China to improve its fishery law enforcement system. It also utilizes VIIRS-DNB data analysis to support some viewpoints and highlight areas needing special attention. In the future, China should clarify the legislation, policy, and institutional authority distribution for fishery law enforcement; adopt more effective measures while meeting the necessity requirements of the United Nations Convention on the Law of the Sea; strengthen international cooperation, attempting to reach temporary fishing zone agreements with other coastal states in disputed waters; and involve local fishing communities in the development of the enforcement system.",relevant,Fishery law enforcement comparison that uses VIIRS-DNB analysis; counted relevant (borderline).
viirs_boats,W7034596462,,2024,iuu_remote_sensing;viirs_boats,Use of Celestial Objects for VIIRS Day-Night Band On-orbit Calibration,"The VIIRS has 22 spectral bands: 14 reflective solar bands (RSB), 7 thermal emissive bands (TEB), and 1 day-night band (DNB). The DNB, with a broad banwidth of 500-900 nm, can sense reflected light from space during both day and nighttime, covering an extreme large dynamic range by collecting data at three different gain stages: low gain (LG), mid gain (MG), and high gain (HG). Apart from a broad range of remote sensing applications facilitated by the VIIRS RSB and TEB observations, its DNB nighttime observations have also enabled a number of unique applications, including monitoring and assessment of the trends or patterns of city lights, nighttime fires, fishing boats, and aurora borealis. In this paper, we present the use of celestial objects for the VIIRS DNB on-orbit calibration. Specifically, the use of a sunlit diffuser plate for its LG calibration and gain ratios of its MG to LG and HG to MG, the use of the moon for its LG and stars for its HG stability monitoring are illustrated. Also discussed are existing challenges and limits to different approaches, various strategies and data analysis techniques to carry out these tasks, and results of DNB calibration inter-comparisons among three VIIRS instruments currently operated on the S-NPP, NOAA-20, and NOAA-21.",not relevant,On-orbit calibration of the VIIRS day-night band.
