product_id,platform,mission,mode,polarization,pols,start_utc,stop_utc,orbit_abs,orbit_rel,pass_dir,source,path,aoi_overlap_km2,aoi_coverage,search_start,search_end
S1C_IW_GRDH_1SDV_20260704T095842_20260704T095907_008392_0109AC_2458,SENTINEL-1C,S1C,IW,DV,VV+VH,2026-07-04 09:58:42,2026-07-04 09:59:07,8392,69,ASCENDING,aws:sentinel-s1-l1c,GRD/2026/7/4/IW/DV/S1C_IW_GRDH_1SDV_20260704T095842_20260704T095907_008392_0109AC_2458,8416.1,0.002,2026-07-04,2026-10-02
S1C_IW_GRDH_1SDV_20260704T095907_20260704T095922_008392_0109AC_DD1A,SENTINEL-1C,S1C,IW,DV,VV+VH,2026-07-04 09:59:07,2026-07-04 09:59:22,8392,69,ASCENDING,aws:sentinel-s1-l1c,GRD/2026/7/4/IW/DV/S1C_IW_GRDH_1SDV_20260704T095907_20260704T095922_008392_0109AC_DD1A,12651.1,0.003,2026-07-04,2026-10-02
S1C_IW_GRDH_1SDV_20260704T095947_20260704T100017_008392_0109AD_3303,SENTINEL-1C,S1C,IW,DV,VV+VH,2026-07-04 09:59:47,2026-07-04 10:00:17,8392,69,ASCENDING,aws:sentinel-s1-l1c,GRD/2026/7/4/IW/DV/S1C_IW_GRDH_1SDV_20260704T095947_20260704T100017_008392_0109AD_3303,6082.5,0.002,2026-07-04,2026-10-02
S1D_IW_GRDH_1SDV_20260704T104828_20260704T104858_003523_0063E9_504B,SENTINEL-1D,S1D,IW,DV,VV+VH,2026-07-04 10:48:28,2026-07-04 10:48:58,3523,157,ASCENDING,aws:sentinel-s1-l1c,GRD/2026/7/4/IW/DV/S1D_IW_GRDH_1SDV_20260704T104828_20260704T104858_003523_0063E9_504B,12868.1,0.004,2026-07-04,2026-10-02
S1D_IW_GRDH_1SDV_20260704T104858_20260704T104923_003523_0063E9_B176,SENTINEL-1D,S1D,IW,DV,VV+VH,2026-07-04 10:48:58,2026-07-04 10:49:23,3523,157,ASCENDING,aws:sentinel-s1-l1c,GRD/2026/7/4/IW/DV/S1D_IW_GRDH_1SDV_20260704T104858_20260704T104923_003523_0063E9_B176,31208.1,0.009,2026-07-04,2026-10-02
S1D_IW_GRDH_1SDV_20260704T104923_20260704T104948_003523_0063E9_4BE1,SENTINEL-1D,S1D,IW,DV,VV+VH,2026-07-04 10:49:23,2026-07-04 10:49:48,3523,157,ASCENDING,aws:sentinel-s1-l1c,GRD/2026/7/4/IW/DV/S1D_IW_GRDH_1SDV_20260704T104923_20260704T104948_003523_0063E9_4BE1,3775.3,0.001,2026-07-04,2026-10-02
S1D_IW_GRDH_1SDV_20260704T230039_20260704T230104_003530_006429_F581,SENTINEL-1D,S1D,IW,DV,VV+VH,2026-07-04 23:00:39,2026-07-04 23:01:04,3530,164,DESCENDING,aws:sentinel-s1-l1c,GRD/2026/7/4/IW/DV/S1D_IW_GRDH_1SDV_20260704T230039_20260704T230104_003530_006429_F581,3697.2,0.001,2026-07-04,2026-10-02
S1D_IW_GRDH_1SDV_20260704T230104_20260704T230129_003530_006429_3C9A,SENTINEL-1D,S1D,IW,DV,VV+VH,2026-07-04 23:01:04,2026-07-04 23:01:29,3530,164,DESCENDING,aws:sentinel-s1-l1c,GRD/2026/7/4/IW/DV/S1D_IW_GRDH_1SDV_20260704T230104_20260704T230129_003530_006429_3C9A,40940.9,0.011,2026-07-04,2026-10-02
S1D_IW_GRDH_1SDV_20260704T230129_20260704T230154_003530_006429_28F6,SENTINEL-1D,S1D,IW,DV,VV+VH,2026-07-04 23:01:29,2026-07-04 23:01:54,3530,164,DESCENDING,aws:sentinel-s1-l1c,GRD/2026/7/4/IW/DV/S1D_IW_GRDH_1SDV_20260704T230129_20260704T230154_003530_006429_28F6,42865.9,0.012,2026-07-04,2026-10-02
S1D_IW_GRDH_1SDV_20260704T230154_20260704T230219_003530_006429_79F8,SENTINEL-1D,S1D,IW,DV,VV+VH,2026-07-04 23:01:54,2026-07-04 23:02:19,3530,164,DESCENDING,aws:sentinel-s1-l1c,GRD/2026/7/4/IW/DV/S1D_IW_GRDH_1SDV_20260704T230154_20260704T230219_003530_006429_79F8,41399.8,0.011,2026-07-04,2026-10-02
S1D_IW_GRDH_1SDV_20260704T230219_20260704T230244_003530_006429_561F,SENTINEL-1D,S1D,IW,DV,VV+VH,2026-07-04 23:02:19,2026-07-04 23:02:44,3530,164,DESCENDING,aws:sentinel-s1-l1c,GRD/2026/7/4/IW/DV/S1D_IW_GRDH_1SDV_20260704T230219_20260704T230244_003530_006429_561F,19702.0,0.005,2026-07-04,2026-10-02
S1D_IW_GRDH_1SDV_20260705T112327_20260705T112352_003537_00646F_2B49,SENTINEL-1D,S1D,IW,DV,VV+VH,2026-07-05 11:23:27,2026-07-05 11:23:52,3537,171,ASCENDING,aws:sentinel-s1-l1c,GRD/2026/7/5/IW/DV/S1D_IW_GRDH_1SDV_20260705T112327_20260705T112352_003537_00646F_2B49,148.6,0.0,2026-07-04,2026-10-02
S1D_IW_GRDH_1SDV_20260705T112352_20260705T112417_003537_00646F_FA4C,SENTINEL-1D,S1D,IW,DV,VV+VH,2026-07-05 11:23:52,2026-07-05 11:24:17,3537,171,ASCENDING,aws:sentinel-s1-l1c,GRD/2026/7/5/IW/DV/S1D_IW_GRDH_1SDV_20260705T112352_20260705T112417_003537_00646F_FA4C,7041.8,0.002,2026-07-04,2026-10-02
S1D_IW_GRDH_1SDV_20260705T112417_20260705T112442_003537_00646F_2945,SENTINEL-1D,S1D,IW,DV,VV+VH,2026-07-05 11:24:17,2026-07-05 11:24:42,3537,171,ASCENDING,aws:sentinel-s1-l1c,GRD/2026/7/5/IW/DV/S1D_IW_GRDH_1SDV_20260705T112417_20260705T112442_003537_00646F_2945,17730.6,0.005,2026-07-04,2026-10-02
S1D_IW_GRDH_1SDV_20260705T112442_20260705T112507_003537_00646F_8D0D,SENTINEL-1D,S1D,IW,DV,VV+VH,2026-07-05 11:24:42,2026-07-05 11:25:07,3537,171,ASCENDING,aws:sentinel-s1-l1c,GRD/2026/7/5/IW/DV/S1D_IW_GRDH_1SDV_20260705T112442_20260705T112507_003537_00646F_8D0D,10235.7,0.003,2026-07-04,2026-10-02
S1D_IW_GRDH_1SDV_20260705T112507_20260705T112532_003538_00646F_03D4,SENTINEL-1D,S1D,IW,DV,VV+VH,2026-07-05 11:25:07,2026-07-05 11:25:32,3538,172,ASCENDING,aws:sentinel-s1-l1c,GRD/2026/7/5/IW/DV/S1D_IW_GRDH_1SDV_20260705T112507_20260705T112532_003538_00646F_03D4,6392.0,0.002,2026-07-04,2026-10-02
S1D_IW_GRDH_1SDV_20260705T112532_20260705T112557_003538_00646F_9516,SENTINEL-1D,S1D,IW,DV,VV+VH,2026-07-05 11:25:32,2026-07-05 11:25:57,3538,172,ASCENDING,aws:sentinel-s1-l1c,GRD/2026/7/5/IW/DV/S1D_IW_GRDH_1SDV_20260705T112532_20260705T112557_003538_00646F_9516,4864.0,0.001,2026-07-04,2026-10-02
S1D_IW_GRDH_1SDV_20260705T112557_20260705T112622_003538_00646F_8544,SENTINEL-1D,S1D,IW,DV,VV+VH,2026-07-05 11:25:57,2026-07-05 11:26:22,3538,172,ASCENDING,aws:sentinel-s1-l1c,GRD/2026/7/5/IW/DV/S1D_IW_GRDH_1SDV_20260705T112557_20260705T112622_003538_00646F_8544,12816.5,0.004,2026-07-04,2026-10-02
S1D_IW_GRDH_1SDV_20260705T112622_20260705T112647_003538_00646F_7C07,SENTINEL-1D,S1D,IW,DV,VV+VH,2026-07-05 11:26:22,2026-07-05 11:26:47,3538,172,ASCENDING,aws:sentinel-s1-l1c,GRD/2026/7/5/IW/DV/S1D_IW_GRDH_1SDV_20260705T112622_20260705T112647_003538_00646F_7C07,36523.2,0.01,2026-07-04,2026-10-02
S1D_IW_GRDH_1SDV_20260705T112647_20260705T112712_003538_00646F_D25B,SENTINEL-1D,S1D,IW,DV,VV+VH,2026-07-05 11:26:47,2026-07-05 11:27:12,3538,172,ASCENDING,aws:sentinel-s1-l1c,GRD/2026/7/5/IW/DV/S1D_IW_GRDH_1SDV_20260705T112647_20260705T112712_003538_00646F_D25B,42898.4,0.012,2026-07-04,2026-10-02
S1D_IW_GRDH_1SDV_20260705T112712_20260705T112737_003538_00646F_132C,SENTINEL-1D,S1D,IW,DV,VV+VH,2026-07-05 11:27:12,2026-07-05 11:27:37,3538,172,ASCENDING,aws:sentinel-s1-l1c,GRD/2026/7/5/IW/DV/S1D_IW_GRDH_1SDV_20260705T112712_20260705T112737_003538_00646F_132C,42911.9,0.012,2026-07-04,2026-10-02
S1D_IW_GRDH_1SDV_20260705T112737_20260705T112802_003538_00646F_CA75,SENTINEL-1D,S1D,IW,DV,VV+VH,2026-07-05 11:27:37,2026-07-05 11:28:02,3538,172,ASCENDING,aws:sentinel-s1-l1c,GRD/2026/7/5/IW/DV/S1D_IW_GRDH_1SDV_20260705T112737_20260705T112802_003538_00646F_CA75,42101.4,0.012,2026-07-04,2026-10-02
S1D_IW_GRDH_1SDV_20260705T112802_20260705T112827_003538_00646F_90EB,SENTINEL-1D,S1D,IW,DV,VV+VH,2026-07-05 11:28:02,2026-07-05 11:28:27,3538,172,ASCENDING,aws:sentinel-s1-l1c,GRD/2026/7/5/IW/DV/S1D_IW_GRDH_1SDV_20260705T112802_20260705T112827_003538_00646F_90EB,13393.0,0.004,2026-07-04,2026-10-02
S1D_IW_GRDH_1SDV_20260705T220457_20260705T220527_003544_0064A9_FF6B,SENTINEL-1D,S1D,IW,DV,VV+VH,2026-07-05 22:04:57,2026-07-05 22:05:27,3544,3,DESCENDING,aws:sentinel-s1-l1c,GRD/2026/7/5/IW/DV/S1D_IW_GRDH_1SDV_20260705T220457_20260705T220527_003544_0064A9_FF6B,40624.2,0.011,2026-07-04,2026-10-02
S1D_IW_GRDH_1SDV_20260705T220527_20260705T220552_003544_0064A9_9ECC,SENTINEL-1D,S1D,IW,DV,VV+VH,2026-07-05 22:05:27,2026-07-05 22:05:52,3544,3,DESCENDING,aws:sentinel-s1-l1c,GRD/2026/7/5/IW/DV/S1D_IW_GRDH_1SDV_20260705T220527_20260705T220552_003544_0064A9_9ECC,10697.6,0.003,2026-07-04,2026-10-02
S1D_IW_GRDH_1SDV_20260706T103244_20260706T103313_003552_0064EE_AEEA,SENTINEL-1D,S1D,IW,DV,VV+VH,2026-07-06 10:32:44,2026-07-06 10:33:13,3552,11,ASCENDING,aws:sentinel-s1-l1c,GRD/2026/7/6/IW/DV/S1D_IW_GRDH_1SDV_20260706T103244_20260706T103313_003552_0064EE_AEEA,36952.4,0.01,2026-07-04,2026-10-02
S1D_IW_GRDH_1SDV_20260706T103313_20260706T103338_003552_0064EE_D154,SENTINEL-1D,S1D,IW,DV,VV+VH,2026-07-06 10:33:13,2026-07-06 10:33:38,3552,11,ASCENDING,aws:sentinel-s1-l1c,GRD/2026/7/6/IW/DV/S1D_IW_GRDH_1SDV_20260706T103313_20260706T103338_003552_0064EE_D154,1280.7,0.0,2026-07-04,2026-10-02
S1C_IW_GRDH_1SDV_20260706T111900_20260706T111930_008422_010A9C_BAF2,SENTINEL-1C,S1C,IW,DV,VV+VH,2026-07-06 11:19:00,2026-07-06 11:19:30,8422,99,ASCENDING,aws:sentinel-s1-l1c,GRD/2026/7/6/IW/DV/S1C_IW_GRDH_1SDV_20260706T111900_20260706T111930_008422_010A9C_BAF2,23053.0,0.006,2026-07-04,2026-10-02
S1C_IW_GRDH_1SDV_20260706T215149_20260706T215214_008428_010ACF_2769,SENTINEL-1C,S1C,IW,DV,VV+VH,2026-07-06 21:51:49,2026-07-06 21:52:14,8428,105,DESCENDING,aws:sentinel-s1-l1c,GRD/2026/7/6/IW/DV/S1C_IW_GRDH_1SDV_20260706T215149_20260706T215214_008428_010ACF_2769,6759.0,0.002,2026-07-04,2026-10-02
S1C_IW_GRDH_1SDV_20260706T215214_20260706T215228_008428_010ACF_8E65,SENTINEL-1C,S1C,IW,DV,VV+VH,2026-07-06 21:52:14,2026-07-06 21:52:28,8428,105,DESCENDING,aws:sentinel-s1-l1c,GRD/2026/7/6/IW/DV/S1C_IW_GRDH_1SDV_20260706T215214_20260706T215228_008428_010ACF_8E65,14452.7,0.004,2026-07-04,2026-10-02
S1C_IW_GRDH_1SDV_20260706T215310_20260706T215340_008428_010AD0_83FE,SENTINEL-1C,S1C,IW,DV,VV+VH,2026-07-06 21:53:10,2026-07-06 21:53:40,8428,105,DESCENDING,aws:sentinel-s1-l1c,GRD/2026/7/6/IW/DV/S1C_IW_GRDH_1SDV_20260706T215310_20260706T215340_008428_010AD0_83FE,42796.3,0.012,2026-07-04,2026-10-02
S1C_IW_GRDH_1SDV_20260706T215340_20260706T215405_008428_010AD0_46FC,SENTINEL-1C,S1C,IW,DV,VV+VH,2026-07-06 21:53:40,2026-07-06 21:54:05,8428,105,DESCENDING,aws:sentinel-s1-l1c,GRD/2026/7/6/IW/DV/S1C_IW_GRDH_1SDV_20260706T215340_20260706T215405_008428_010AD0_46FC,38698.8,0.011,2026-07-04,2026-10-02
S1C_IW_GRDH_1SDV_20260706T215405_20260706T215419_008428_010AD0_1C6B,SENTINEL-1C,S1C,IW,DV,VV+VH,2026-07-06 21:54:05,2026-07-06 21:54:19,8428,105,DESCENDING,aws:sentinel-s1-l1c,GRD/2026/7/6/IW/DV/S1C_IW_GRDH_1SDV_20260706T215405_20260706T215419_008428_010AD0_1C6B,19537.1,0.005,2026-07-04,2026-10-02
S1D_IW_GRDH_1SDV_20260706T224253_20260706T224322_003559_006527_F8AE,SENTINEL-1D,S1D,IW,DV,VV+VH,2026-07-06 22:42:53,2026-07-06 22:43:22,3559,18,DESCENDING,aws:sentinel-s1-l1c,GRD/2026/7/6/IW/DV/S1D_IW_GRDH_1SDV_20260706T224253_20260706T224322_003559_006527_F8AE,35177.1,0.01,2026-07-04,2026-10-02
S1D_IW_GRDH_1SDV_20260706T224322_20260706T224347_003559_006527_A59A,SENTINEL-1D,S1D,IW,DV,VV+VH,2026-07-06 22:43:22,2026-07-06 22:43:47,3559,18,DESCENDING,aws:sentinel-s1-l1c,GRD/2026/7/6/IW/DV/S1D_IW_GRDH_1SDV_20260706T224322_20260706T224347_003559_006527_A59A,1665.9,0.0,2026-07-04,2026-10-02
S1D_IW_GRDH_1SDV_20260706T224502_20260706T224527_003559_006527_2B65,SENTINEL-1D,S1D,IW,DV,VV+VH,2026-07-06 22:45:02,2026-07-06 22:45:27,3559,18,DESCENDING,aws:sentinel-s1-l1c,GRD/2026/7/6/IW/DV/S1D_IW_GRDH_1SDV_20260706T224502_20260706T224527_003559_006527_2B65,11563.9,0.003,2026-07-04,2026-10-02
S1D_IW_GRDH_1SDV_20260706T224527_20260706T224546_003559_006527_D64E,SENTINEL-1D,S1D,IW,DV,VV+VH,2026-07-06 22:45:27,2026-07-06 22:45:46,3559,18,DESCENDING,aws:sentinel-s1-l1c,GRD/2026/7/6/IW/DV/S1D_IW_GRDH_1SDV_20260706T224527_20260706T224546_003559_006527_D64E,24154.8,0.007,2026-07-04,2026-10-02
S1D_IW_GRDH_1SDV_20260706T224623_20260706T224652_003559_006528_3003,SENTINEL-1D,S1D,IW,DV,VV+VH,2026-07-06 22:46:23,2026-07-06 22:46:52,3559,18,DESCENDING,aws:sentinel-s1-l1c,GRD/2026/7/6/IW/DV/S1D_IW_GRDH_1SDV_20260706T224623_20260706T224652_003559_006528_3003,46340.5,0.013,2026-07-04,2026-10-02
S1D_IW_GRDH_1SDV_20260706T224652_20260706T224717_003559_006528_9F61,SENTINEL-1D,S1D,IW,DV,VV+VH,2026-07-06 22:46:52,2026-07-06 22:47:17,3559,18,DESCENDING,aws:sentinel-s1-l1c,GRD/2026/7/6/IW/DV/S1D_IW_GRDH_1SDV_20260706T224652_20260706T224717_003559_006528_9F61,38529.7,0.011,2026-07-04,2026-10-02
S1D_IW_GRDH_1SDV_20260706T224717_20260706T224742_003559_006528_96A5,SENTINEL-1D,S1D,IW,DV,VV+VH,2026-07-06 22:47:17,2026-07-06 22:47:42,3559,18,DESCENDING,aws:sentinel-s1-l1c,GRD/2026/7/6/IW/DV/S1D_IW_GRDH_1SDV_20260706T224717_20260706T224742_003559_006528_96A5,18275.4,0.005,2026-07-04,2026-10-02
S1D_IW_GRDH_1SDV_20260706T224742_20260706T224807_003559_006528_C64A,SENTINEL-1D,S1D,IW,DV,VV+VH,2026-07-06 22:47:42,2026-07-06 22:48:07,3559,18,DESCENDING,aws:sentinel-s1-l1c,GRD/2026/7/6/IW/DV/S1D_IW_GRDH_1SDV_20260706T224742_20260706T224807_003559_006528_C64A,25478.5,0.007,2026-07-04,2026-10-02
S1D_IW_GRDH_1SDV_20260706T224807_20260706T224832_003559_006528_5D37,SENTINEL-1D,S1D,IW,DV,VV+VH,2026-07-06 22:48:07,2026-07-06 22:48:32,3559,18,DESCENDING,aws:sentinel-s1-l1c,GRD/2026/7/6/IW/DV/S1D_IW_GRDH_1SDV_20260706T224807_20260706T224832_003559_006528_5D37,6298.6,0.002,2026-07-04,2026-10-02
S1D_IW_GRDH_1SDV_20260707T110706_20260707T110734_003566_006563_2119,SENTINEL-1D,S1D,IW,DV,VV+VH,2026-07-07 11:07:06,2026-07-07 11:07:34,3566,25,ASCENDING,aws:sentinel-s1-l1c,GRD/2026/7/7/IW/DV/S1D_IW_GRDH_1SDV_20260707T110706_20260707T110734_003566_006563_2119,14623.7,0.004,2026-07-04,2026-10-02
S1D_IW_GRDH_1SDV_20260707T111020_20260707T111049_003567_006566_C4D4,SENTINEL-1D,S1D,IW,DV,VV+VH,2026-07-07 11:10:20,2026-07-07 11:10:49,3567,26,ASCENDING,aws:sentinel-s1-l1c,GRD/2026/7/7/IW/DV/S1D_IW_GRDH_1SDV_20260707T111020_20260707T111049_003567_006566_C4D4,33455.9,0.009,2026-07-04,2026-10-02
S1D_IW_GRDH_1SDV_20260707T111049_20260707T111114_003567_006566_AF0A,SENTINEL-1D,S1D,IW,DV,VV+VH,2026-07-07 11:10:49,2026-07-07 11:11:14,3567,26,ASCENDING,aws:sentinel-s1-l1c,GRD/2026/7/7/IW/DV/S1D_IW_GRDH_1SDV_20260707T111049_20260707T111114_003567_006566_AF0A,6030.5,0.002,2026-07-04,2026-10-02
S1D_IW_GRDH_1SDV_20260707T214455_20260707T214524_003573_006596_E52A,SENTINEL-1D,S1D,IW,DV,VV+VH,2026-07-07 21:44:55,2026-07-07 21:45:24,3573,32,DESCENDING,aws:sentinel-s1-l1c,GRD/2026/7/7/IW/DV/S1D_IW_GRDH_1SDV_20260707T214455_20260707T214524_003573_006596_E52A,26320.3,0.007,2026-07-04,2026-10-02
S1D_IW_GRDH_1SDV_20260707T214524_20260707T214549_003573_006596_AA8F,SENTINEL-1D,S1D,IW,DV,VV+VH,2026-07-07 21:45:24,2026-07-07 21:45:49,3573,32,DESCENDING,aws:sentinel-s1-l1c,GRD/2026/7/7/IW/DV/S1D_IW_GRDH_1SDV_20260707T214524_20260707T214549_003573_006596_AA8F,786.8,0.0,2026-07-04,2026-10-02
S1D_IW_GRDH_1SDV_20260707T214549_20260707T214614_003573_006596_E6A5,SENTINEL-1D,S1D,IW,DV,VV+VH,2026-07-07 21:45:49,2026-07-07 21:46:14,3573,32,DESCENDING,aws:sentinel-s1-l1c,GRD/2026/7/7/IW/DV/S1D_IW_GRDH_1SDV_20260707T214549_20260707T214614_003573_006596_E6A5,1475.8,0.0,2026-07-04,2026-10-02
S1D_IW_GRDH_1SDV_20260707T214614_20260707T214639_003573_006596_C514,SENTINEL-1D,S1D,IW,DV,VV+VH,2026-07-07 21:46:14,2026-07-07 21:46:39,3573,32,DESCENDING,aws:sentinel-s1-l1c,GRD/2026/7/7/IW/DV/S1D_IW_GRDH_1SDV_20260707T214614_20260707T214639_003573_006596_C514,14836.1,0.004,2026-07-04,2026-10-02
S1D_IW_GRDH_1SDV_20260707T214639_20260707T214704_003573_006596_2629,SENTINEL-1D,S1D,IW,DV,VV+VH,2026-07-07 21:46:39,2026-07-07 21:47:04,3573,32,DESCENDING,aws:sentinel-s1-l1c,GRD/2026/7/7/IW/DV/S1D_IW_GRDH_1SDV_20260707T214639_20260707T214704_003573_006596_2629,20089.5,0.006,2026-07-04,2026-10-02
S1D_IW_GRDH_1SDV_20260707T214704_20260707T214729_003573_006596_6FCB,SENTINEL-1D,S1D,IW,DV,VV+VH,2026-07-07 21:47:04,2026-07-07 21:47:29,3573,32,DESCENDING,aws:sentinel-s1-l1c,GRD/2026/7/7/IW/DV/S1D_IW_GRDH_1SDV_20260707T214704_20260707T214729_003573_006596_6FCB,6680.0,0.002,2026-07-04,2026-10-02
S1D_IW_GRDH_1SDV_20260707T214729_20260707T214754_003573_006596_84F8,SENTINEL-1D,S1D,IW,DV,VV+VH,2026-07-07 21:47:29,2026-07-07 21:47:54,3573,32,DESCENDING,aws:sentinel-s1-l1c,GRD/2026/7/7/IW/DV/S1D_IW_GRDH_1SDV_20260707T214729_20260707T214754_003573_006596_84F8,1090.3,0.0,2026-07-04,2026-10-02
S1D_IW_GRDH_1SDV_20260708T101647_20260708T101716_003581_0065D3_2301,SENTINEL-1D,S1D,IW,DV,VV+VH,2026-07-08 10:16:47,2026-07-08 10:17:16,3581,40,ASCENDING,aws:sentinel-s1-l1c,GRD/2026/7/8/IW/DV/S1D_IW_GRDH_1SDV_20260708T101647_20260708T101716_003581_0065D3_2301,20331.7,0.006,2026-07-04,2026-10-02
S1C_IW_GRDH_1SDV_20260709T100532_20260709T100557_008465_010C19_403C,SENTINEL-1C,S1C,IW,DV,VV+VH,2026-07-09 10:05:32,2026-07-09 10:05:57,8465,142,ASCENDING,aws:sentinel-s1-l1c,GRD/2026/7/9/IW/DV/S1C_IW_GRDH_1SDV_20260709T100532_20260709T100557_008465_010C19_403C,10152.6,0.003,2026-07-04,2026-10-02
S1C_IW_GRDH_1SDV_20260709T100557_20260709T100622_008465_010C19_592C,SENTINEL-1C,S1C,IW,DV,VV+VH,2026-07-09 10:05:57,2026-07-09 10:06:22,8465,142,ASCENDING,aws:sentinel-s1-l1c,GRD/2026/7/9/IW/DV/S1C_IW_GRDH_1SDV_20260709T100557_20260709T100622_008465_010C19_592C,11641.5,0.003,2026-07-04,2026-10-02
S1C_IW_GRDH_1SDV_20260709T100622_20260709T100647_008465_010C19_8196,SENTINEL-1C,S1C,IW,DV,VV+VH,2026-07-09 10:06:22,2026-07-09 10:06:47,8465,142,ASCENDING,aws:sentinel-s1-l1c,GRD/2026/7/9/IW/DV/S1C_IW_GRDH_1SDV_20260709T100622_20260709T100647_008465_010C19_8196,11519.7,0.003,2026-07-04,2026-10-02
S1C_IW_GRDH_1SDV_20260709T100647_20260709T100720_008465_010C19_F15E,SENTINEL-1C,S1C,IW,DV,VV+VH,2026-07-09 10:06:47,2026-07-09 10:07:20,8465,142,ASCENDING,aws:sentinel-s1-l1c,GRD/2026/7/9/IW/DV/S1C_IW_GRDH_1SDV_20260709T100647_20260709T100720_008465_010C19_F15E,35420.5,0.01,2026-07-04,2026-10-02
S1D_IW_GRDH_1SDV_20260709T230853_20260709T230918_003603_006698_388F,SENTINEL-1D,S1D,IW,DV,VV+VH,2026-07-09 23:08:53,2026-07-09 23:09:18,3603,62,DESCENDING,aws:sentinel-s1-l1c,GRD/2026/7/9/IW/DV/S1D_IW_GRDH_1SDV_20260709T230853_20260709T230918_003603_006698_388F,15489.8,0.004,2026-07-04,2026-10-02
S1D_IW_GRDH_1SDV_20260709T230918_20260709T230943_003603_006698_A73C,SENTINEL-1D,S1D,IW,DV,VV+VH,2026-07-09 23:09:18,2026-07-09 23:09:43,3603,62,DESCENDING,aws:sentinel-s1-l1c,GRD/2026/7/9/IW/DV/S1D_IW_GRDH_1SDV_20260709T230918_20260709T230943_003603_006698_A73C,23673.1,0.006,2026-07-04,2026-10-02
S1D_IW_GRDH_1SDV_20260709T230943_20260709T231008_003603_006698_E49A,SENTINEL-1D,S1D,IW,DV,VV+VH,2026-07-09 23:09:43,2026-07-09 23:10:08,3603,62,DESCENDING,aws:sentinel-s1-l1c,GRD/2026/7/9/IW/DV/S1D_IW_GRDH_1SDV_20260709T230943_20260709T231008_003603_006698_E49A,26666.0,0.007,2026-07-04,2026-10-02
S1D_IW_GRDH_1SDV_20260709T231008_20260709T231033_003603_006698_5999,SENTINEL-1D,S1D,IW,DV,VV+VH,2026-07-09 23:10:08,2026-07-09 23:10:33,3603,62,DESCENDING,aws:sentinel-s1-l1c,GRD/2026/7/9/IW/DV/S1D_IW_GRDH_1SDV_20260709T231008_20260709T231033_003603_006698_5999,4345.7,0.001,2026-07-04,2026-10-02
S1D_IW_GRDH_1SDV_20260710T100003_20260710T100032_003610_0066D8_CF2F,SENTINEL-1D,S1D,IW,DV,VV+VH,2026-07-10 10:00:03,2026-07-10 10:00:32,3610,69,ASCENDING,aws:sentinel-s1-l1c,GRD/2026/7/10/IW/DV/S1D_IW_GRDH_1SDV_20260710T100003_20260710T100032_003610_0066D8_CF2F,4731.0,0.001,2026-07-04,2026-10-02
S1C_IW_GRDH_1SDV_20260710T104813_20260710T104842_008480_010C96_AEA1,SENTINEL-1C,S1C,IW,DV,VV+VH,2026-07-10 10:48:13,2026-07-10 10:48:42,8480,157,ASCENDING,aws:sentinel-s1-l1c,GRD/2026/7/10/IW/DV/S1C_IW_GRDH_1SDV_20260710T104813_20260710T104842_008480_010C96_AEA1,15726.0,0.004,2026-07-04,2026-10-02
S1C_IW_GRDH_1SDV_20260710T104842_20260710T104916_008480_010C96_C689,SENTINEL-1C,S1C,IW,DV,VV+VH,2026-07-10 10:48:42,2026-07-10 10:49:16,8480,157,ASCENDING,aws:sentinel-s1-l1c,GRD/2026/7/10/IW/DV/S1C_IW_GRDH_1SDV_20260710T104842_20260710T104916_008480_010C96_C689,35865.1,0.01,2026-07-04,2026-10-02
S1D_IW_GRDH_1SDV_20260710T113432_20260710T113457_003611_0066E3_9EC8,SENTINEL-1D,S1D,IW,DV,VV+VH,2026-07-10 11:34:32,2026-07-10 11:34:57,3611,70,ASCENDING,aws:sentinel-s1-l1c,GRD/2026/7/10/IW/DV/S1D_IW_GRDH_1SDV_20260710T113432_20260710T113457_003611_0066E3_9EC8,6445.6,0.002,2026-07-04,2026-10-02
S1D_IW_GRDH_1SDV_20260710T113457_20260710T113522_003611_0066E3_F1B3,SENTINEL-1D,S1D,IW,DV,VV+VH,2026-07-10 11:34:57,2026-07-10 11:35:22,3611,70,ASCENDING,aws:sentinel-s1-l1c,GRD/2026/7/10/IW/DV/S1D_IW_GRDH_1SDV_20260710T113457_20260710T113522_003611_0066E3_F1B3,12221.7,0.003,2026-07-04,2026-10-02
S1D_IW_GRDH_1SDV_20260710T113522_20260710T113547_003611_0066E3_2EC5,SENTINEL-1D,S1D,IW,DV,VV+VH,2026-07-10 11:35:22,2026-07-10 11:35:47,3611,70,ASCENDING,aws:sentinel-s1-l1c,GRD/2026/7/10/IW/DV/S1D_IW_GRDH_1SDV_20260710T113522_20260710T113547_003611_0066E3_2EC5,22888.2,0.006,2026-07-04,2026-10-02
S1D_IW_GRDH_1SDV_20260710T113547_20260710T113612_003611_0066E3_626E,SENTINEL-1D,S1D,IW,DV,VV+VH,2026-07-10 11:35:47,2026-07-10 11:36:12,3611,70,ASCENDING,aws:sentinel-s1-l1c,GRD/2026/7/10/IW/DV/S1D_IW_GRDH_1SDV_20260710T113547_20260710T113612_003611_0066E3_626E,8136.8,0.002,2026-07-04,2026-10-02
S1D_IW_GRDH_1SDV_20260710T113612_20260710T113637_003611_0066E3_7660,SENTINEL-1D,S1D,IW,DV,VV+VH,2026-07-10 11:36:12,2026-07-10 11:36:37,3611,70,ASCENDING,aws:sentinel-s1-l1c,GRD/2026/7/10/IW/DV/S1D_IW_GRDH_1SDV_20260710T113612_20260710T113637_003611_0066E3_7660,0.0,0.0,2026-07-04,2026-10-02
S1D_IW_GRDH_1SDV_20260710T221340_20260710T221409_003617_00671B_AC3D,SENTINEL-1D,S1D,IW,DV,VV+VH,2026-07-10 22:13:40,2026-07-10 22:14:09,3617,76,DESCENDING,aws:sentinel-s1-l1c,GRD/2026/7/10/IW/DV/S1D_IW_GRDH_1SDV_20260710T221340_20260710T221409_003617_00671B_AC3D,43501.9,0.012,2026-07-04,2026-10-02
S1D_IW_GRDH_1SDV_20260710T221409_20260710T221434_003617_00671B_FEBA,SENTINEL-1D,S1D,IW,DV,VV+VH,2026-07-10 22:14:09,2026-07-10 22:14:34,3617,76,DESCENDING,aws:sentinel-s1-l1c,GRD/2026/7/10/IW/DV/S1D_IW_GRDH_1SDV_20260710T221409_20260710T221434_003617_00671B_FEBA,12336.6,0.003,2026-07-04,2026-10-02
S1D_IW_GRDH_1SDV_20260710T221434_20260710T221459_003617_00671B_3BAB,SENTINEL-1D,S1D,IW,DV,VV+VH,2026-07-10 22:14:34,2026-07-10 22:14:59,3617,76,DESCENDING,aws:sentinel-s1-l1c,GRD/2026/7/10/IW/DV/S1D_IW_GRDH_1SDV_20260710T221434_20260710T221459_003617_00671B_3BAB,633.6,0.0,2026-07-04,2026-10-02
S1D_IW_GRDH_1SDV_20260710T221549_20260710T221614_003617_00671B_59F4,SENTINEL-1D,S1D,IW,DV,VV+VH,2026-07-10 22:15:49,2026-07-10 22:16:14,3617,76,DESCENDING,aws:sentinel-s1-l1c,GRD/2026/7/10/IW/DV/S1D_IW_GRDH_1SDV_20260710T221549_20260710T221614_003617_00671B_59F4,518.7,0.0,2026-07-04,2026-10-02
S1C_IW_GRDH_1SDV_20260710T230029_20260710T230059_008487_010CD4_515B,SENTINEL-1C,S1C,IW,DV,VV+VH,2026-07-10 23:00:29,2026-07-10 23:00:59,8487,164,DESCENDING,aws:sentinel-s1-l1c,GRD/2026/7/10/IW/DV/S1C_IW_GRDH_1SDV_20260710T230029_20260710T230059_008487_010CD4_515B,12015.5,0.003,2026-07-04,2026-10-02
S1D_IW_GRDH_1SDV_20260711T104028_20260711T104057_003625_006754_B9C1,SENTINEL-1D,S1D,IW,DV,VV+VH,2026-07-11 10:40:28,2026-07-11 10:40:57,3625,84,ASCENDING,aws:sentinel-s1-l1c,GRD/2026/7/11/IW/DV/S1D_IW_GRDH_1SDV_20260711T104028_20260711T104057_003625_006754_B9C1,43176.8,0.012,2026-07-04,2026-10-02
S1D_IW_GRDH_1SDV_20260711T104057_20260711T104122_003625_006754_1212,SENTINEL-1D,S1D,IW,DV,VV+VH,2026-07-11 10:40:57,2026-07-11 10:41:22,3625,84,ASCENDING,aws:sentinel-s1-l1c,GRD/2026/7/11/IW/DV/S1D_IW_GRDH_1SDV_20260711T104057_20260711T104122_003625_006754_1212,22288.6,0.006,2026-07-04,2026-10-02
S1D_IW_GRDH_1SDV_20260712T111527_20260712T111552_003639_0067DA_B224,SENTINEL-1D,S1D,IW,DV,VV+VH,2026-07-12 11:15:27,2026-07-12 11:15:52,3639,98,ASCENDING,aws:sentinel-s1-l1c,GRD/2026/7/12/IW/DV/S1D_IW_GRDH_1SDV_20260712T111527_20260712T111552_003639_0067DA_B224,15465.2,0.004,2026-07-04,2026-10-02
S1D_IW_GRDH_1SDV_20260712T111552_20260712T111617_003639_0067DA_E8D4,SENTINEL-1D,S1D,IW,DV,VV+VH,2026-07-12 11:15:52,2026-07-12 11:16:17,3639,98,ASCENDING,aws:sentinel-s1-l1c,GRD/2026/7/12/IW/DV/S1D_IW_GRDH_1SDV_20260712T111552_20260712T111617_003639_0067DA_E8D4,39651.9,0.011,2026-07-04,2026-10-02
S1D_IW_GRDH_1SDV_20260712T111617_20260712T111642_003639_0067DA_8F14,SENTINEL-1D,S1D,IW,DV,VV+VH,2026-07-12 11:16:17,2026-07-12 11:16:42,3639,98,ASCENDING,aws:sentinel-s1-l1c,GRD/2026/7/12/IW/DV/S1D_IW_GRDH_1SDV_20260712T111617_20260712T111642_003639_0067DA_8F14,41319.7,0.011,2026-07-04,2026-10-02
S1D_IW_GRDH_1SDV_20260712T111642_20260712T111707_003640_0067DA_D477,SENTINEL-1D,S1D,IW,DV,VV+VH,2026-07-12 11:16:42,2026-07-12 11:17:07,3640,99,ASCENDING,aws:sentinel-s1-l1c,GRD/2026/7/12/IW/DV/S1D_IW_GRDH_1SDV_20260712T111642_20260712T111707_003640_0067DA_D477,38437.0,0.011,2026-07-04,2026-10-02
S1D_IW_GRDH_1SDV_20260712T111707_20260712T111732_003640_0067DA_16B4,SENTINEL-1D,S1D,IW,DV,VV+VH,2026-07-12 11:17:07,2026-07-12 11:17:32,3640,99,ASCENDING,aws:sentinel-s1-l1c,GRD/2026/7/12/IW/DV/S1D_IW_GRDH_1SDV_20260712T111707_20260712T111732_003640_0067DA_16B4,42733.5,0.012,2026-07-04,2026-10-02
S1D_IW_GRDH_1SDV_20260712T111732_20260712T111757_003640_0067DA_B2CE,SENTINEL-1D,S1D,IW,DV,VV+VH,2026-07-12 11:17:32,2026-07-12 11:17:57,3640,99,ASCENDING,aws:sentinel-s1-l1c,GRD/2026/7/12/IW/DV/S1D_IW_GRDH_1SDV_20260712T111732_20260712T111757_003640_0067DA_B2CE,42066.6,0.012,2026-07-04,2026-10-02
S1D_IW_GRDH_1SDV_20260712T111757_20260712T111822_003640_0067DA_FA79,SENTINEL-1D,S1D,IW,DV,VV+VH,2026-07-12 11:17:57,2026-07-12 11:18:22,3640,99,ASCENDING,aws:sentinel-s1-l1c,GRD/2026/7/12/IW/DV/S1D_IW_GRDH_1SDV_20260712T111757_20260712T111822_003640_0067DA_FA79,42781.8,0.012,2026-07-04,2026-10-02
S1D_IW_GRDH_1SDV_20260712T111822_20260712T111847_003640_0067DA_C54B,SENTINEL-1D,S1D,IW,DV,VV+VH,2026-07-12 11:18:22,2026-07-12 11:18:47,3640,99,ASCENDING,aws:sentinel-s1-l1c,GRD/2026/7/12/IW/DV/S1D_IW_GRDH_1SDV_20260712T111822_20260712T111847_003640_0067DA_C54B,42704.8,0.012,2026-07-04,2026-10-02
S1D_IW_GRDH_1SDV_20260712T111847_20260712T111912_003640_0067DA_6AB8,SENTINEL-1D,S1D,IW,DV,VV+VH,2026-07-12 11:18:47,2026-07-12 11:19:12,3640,99,ASCENDING,aws:sentinel-s1-l1c,GRD/2026/7/12/IW/DV/S1D_IW_GRDH_1SDV_20260712T111847_20260712T111912_003640_0067DA_6AB8,42332.7,0.012,2026-07-04,2026-10-02
S1D_IW_GRDH_1SDV_20260712T111912_20260712T111937_003640_0067DA_AF57,SENTINEL-1D,S1D,IW,DV,VV+VH,2026-07-12 11:19:12,2026-07-12 11:19:37,3640,99,ASCENDING,aws:sentinel-s1-l1c,GRD/2026/7/12/IW/DV/S1D_IW_GRDH_1SDV_20260712T111912_20260712T111937_003640_0067DA_AF57,25631.8,0.007,2026-07-04,2026-10-02
S1D_IW_GRDH_1SDV_20260712T111937_20260712T112002_003640_0067DA_CAEC,SENTINEL-1D,S1D,IW,DV,VV+VH,2026-07-12 11:19:37,2026-07-12 11:20:02,3640,99,ASCENDING,aws:sentinel-s1-l1c,GRD/2026/7/12/IW/DV/S1D_IW_GRDH_1SDV_20260712T111937_20260712T112002_003640_0067DA_CAEC,8708.3,0.002,2026-07-04,2026-10-02
S1D_IW_GRDH_1SDV_20260712T215200_20260712T215225_003646_006810_8B5F,SENTINEL-1D,S1D,IW,DV,VV+VH,2026-07-12 21:52:00,2026-07-12 21:52:25,3646,105,DESCENDING,aws:sentinel-s1-l1c,GRD/2026/7/12/IW/DV/S1D_IW_GRDH_1SDV_20260712T215200_20260712T215225_003646_006810_8B5F,4505.2,0.001,2026-07-04,2026-10-02
S1D_IW_GRDH_1SDV_20260712T215225_20260712T215250_003646_006810_68CE,SENTINEL-1D,S1D,IW,DV,VV+VH,2026-07-12 21:52:25,2026-07-12 21:52:50,3646,105,DESCENDING,aws:sentinel-s1-l1c,GRD/2026/7/12/IW/DV/S1D_IW_GRDH_1SDV_20260712T215225_20260712T215250_003646_006810_68CE,34417.9,0.009,2026-07-04,2026-10-02
S1D_IW_GRDH_1SDV_20260712T215250_20260712T215315_003646_006810_1117,SENTINEL-1D,S1D,IW,DV,VV+VH,2026-07-12 21:52:50,2026-07-12 21:53:15,3646,105,DESCENDING,aws:sentinel-s1-l1c,GRD/2026/7/12/IW/DV/S1D_IW_GRDH_1SDV_20260712T215250_20260712T215315_003646_006810_1117,45372.4,0.012,2026-07-04,2026-10-02
S1D_IW_GRDH_1SDV_20260712T215315_20260712T215340_003646_006810_0852,SENTINEL-1D,S1D,IW,DV,VV+VH,2026-07-12 21:53:15,2026-07-12 21:53:40,3646,105,DESCENDING,aws:sentinel-s1-l1c,GRD/2026/7/12/IW/DV/S1D_IW_GRDH_1SDV_20260712T215315_20260712T215340_003646_006810_0852,41971.4,0.011,2026-07-04,2026-10-02
S1D_IW_GRDH_1SDV_20260712T215340_20260712T215405_003646_006810_C499,SENTINEL-1D,S1D,IW,DV,VV+VH,2026-07-12 21:53:40,2026-07-12 21:54:05,3646,105,DESCENDING,aws:sentinel-s1-l1c,GRD/2026/7/12/IW/DV/S1D_IW_GRDH_1SDV_20260712T215340_20260712T215405_003646_006810_C499,39969.0,0.011,2026-07-04,2026-10-02
S1D_IW_GRDH_1SDV_20260712T215405_20260712T215430_003646_006810_7264,SENTINEL-1D,S1D,IW,DV,VV+VH,2026-07-12 21:54:05,2026-07-12 21:54:30,3646,105,DESCENDING,aws:sentinel-s1-l1c,GRD/2026/7/12/IW/DV/S1D_IW_GRDH_1SDV_20260712T215405_20260712T215430_003646_006810_7264,38497.0,0.011,2026-07-04,2026-10-02
S1D_IW_GRDH_1SDV_20260712T215430_20260712T215455_003646_006810_E809,SENTINEL-1D,S1D,IW,DV,VV+VH,2026-07-12 21:54:30,2026-07-12 21:54:55,3646,105,DESCENDING,aws:sentinel-s1-l1c,GRD/2026/7/12/IW/DV/S1D_IW_GRDH_1SDV_20260712T215430_20260712T215455_003646_006810_E809,45136.3,0.012,2026-07-04,2026-10-02
S1D_IW_GRDH_1SDV_20260712T215455_20260712T215520_003646_006810_E05F,SENTINEL-1D,S1D,IW,DV,VV+VH,2026-07-12 21:54:55,2026-07-12 21:55:20,3646,105,DESCENDING,aws:sentinel-s1-l1c,GRD/2026/7/12/IW/DV/S1D_IW_GRDH_1SDV_20260712T215455_20260712T215520_003646_006810_E05F,45059.6,0.012,2026-07-04,2026-10-02
S1D_IW_GRDH_1SDV_20260712T215520_20260712T215545_003646_006810_9C35,SENTINEL-1D,S1D,IW,DV,VV+VH,2026-07-12 21:55:20,2026-07-12 21:55:45,3646,105,DESCENDING,aws:sentinel-s1-l1c,GRD/2026/7/12/IW/DV/S1D_IW_GRDH_1SDV_20260712T215520_20260712T215545_003646_006810_9C35,43947.6,0.012,2026-07-04,2026-10-02
S1D_IW_GRDH_1SDV_20260712T215545_20260712T215610_003646_006810_DB2E,SENTINEL-1D,S1D,IW,DV,VV+VH,2026-07-12 21:55:45,2026-07-12 21:56:10,3646,105,DESCENDING,aws:sentinel-s1-l1c,GRD/2026/7/12/IW/DV/S1D_IW_GRDH_1SDV_20260712T215545_20260712T215610_003646_006810_DB2E,29892.5,0.008,2026-07-04,2026-10-02
S1D_IW_GRDH_1SDV_20260712T215610_20260712T215635_003646_006810_BA79,SENTINEL-1D,S1D,IW,DV,VV+VH,2026-07-12 21:56:10,2026-07-12 21:56:35,3646,105,DESCENDING,aws:sentinel-s1-l1c,GRD/2026/7/12/IW/DV/S1D_IW_GRDH_1SDV_20260712T215610_20260712T215635_003646_006810_BA79,12639.0,0.003,2026-07-04,2026-10-02
S1D_IW_GRDH_1SDV_20260712T215635_20260712T215700_003646_006810_52EA,SENTINEL-1D,S1D,IW,DV,VV+VH,2026-07-12 21:56:35,2026-07-12 21:57:00,3646,105,DESCENDING,aws:sentinel-s1-l1c,GRD/2026/7/12/IW/DV/S1D_IW_GRDH_1SDV_20260712T215635_20260712T215700_003646_006810_52EA,7235.7,0.002,2026-07-04,2026-10-02
S1D_IW_GRDH_1SDV_20260712T215700_20260712T215725_003646_006810_01E4,SENTINEL-1D,S1D,IW,DV,VV+VH,2026-07-12 21:57:00,2026-07-12 21:57:25,3646,105,DESCENDING,aws:sentinel-s1-l1c,GRD/2026/7/12/IW/DV/S1D_IW_GRDH_1SDV_20260712T215700_20260712T215725_003646_006810_01E4,173.0,0.0,2026-07-04,2026-10-02
S1C_IW_GRDH_1SDV_20260712T224252_20260712T224321_008516_010DC0_56BE,SENTINEL-1C,S1C,IW,DV,VV+VH,2026-07-12 22:42:52,2026-07-12 22:43:21,8516,18,DESCENDING,aws:sentinel-s1-l1c,GRD/2026/7/12/IW/DV/S1C_IW_GRDH_1SDV_20260712T224252_20260712T224321_008516_010DC0_56BE,19001.7,0.005,2026-07-04,2026-10-02
S1C_IW_GRDH_1SDV_20260712T224436_20260712T224501_008516_010DC0_9F94,SENTINEL-1C,S1C,IW,DV,VV+VH,2026-07-12 22:44:36,2026-07-12 22:45:01,8516,18,DESCENDING,aws:sentinel-s1-l1c,GRD/2026/7/12/IW/DV/S1C_IW_GRDH_1SDV_20260712T224436_20260712T224501_008516_010DC0_9F94,1099.6,0.0,2026-07-04,2026-10-02
S1D_IW_GRDH_1SDV_20260713T102431_20260713T102501_003654_006858_8F69,SENTINEL-1D,S1D,IW,DV,VV+VH,2026-07-13 10:24:31,2026-07-13 10:25:01,3654,113,ASCENDING,aws:sentinel-s1-l1c,GRD/2026/7/13/IW/DV/S1D_IW_GRDH_1SDV_20260713T102431_20260713T102501_003654_006858_8F69,47700.1,0.013,2026-07-04,2026-10-02
S1D_IW_GRDH_1SDV_20260713T102501_20260713T102526_003654_006858_18B6,SENTINEL-1D,S1D,IW,DV,VV+VH,2026-07-13 10:25:01,2026-07-13 10:25:26,3654,113,ASCENDING,aws:sentinel-s1-l1c,GRD/2026/7/13/IW/DV/S1D_IW_GRDH_1SDV_20260713T102501_20260713T102526_003654_006858_18B6,3846.3,0.001,2026-07-04,2026-10-02
S1C_IW_GRDH_1SDV_20260713T111043_20260713T111112_008524_010E04_A983,SENTINEL-1C,S1C,IW,DV,VV+VH,2026-07-13 11:10:43,2026-07-13 11:11:12,8524,26,ASCENDING,aws:sentinel-s1-l1c,GRD/2026/7/13/IW/DV/S1C_IW_GRDH_1SDV_20260713T111043_20260713T111112_008524_010E04_A983,1745.7,0.0,2026-07-04,2026-10-02
S1D_IW_GRDH_1SDV_20260713T223517_20260713T223546_003661_006896_0AC7,SENTINEL-1D,S1D,IW,DV,VV+VH,2026-07-13 22:35:17,2026-07-13 22:35:46,3661,120,DESCENDING,aws:sentinel-s1-l1c,GRD/2026/7/13/IW/DV/S1D_IW_GRDH_1SDV_20260713T223517_20260713T223546_003661_006896_0AC7,26266.3,0.007,2026-07-04,2026-10-02
S1D_IW_GRDH_1SDV_20260713T223546_20260713T223611_003661_006896_0F86,SENTINEL-1D,S1D,IW,DV,VV+VH,2026-07-13 22:35:46,2026-07-13 22:36:11,3661,120,DESCENDING,aws:sentinel-s1-l1c,GRD/2026/7/13/IW/DV/S1D_IW_GRDH_1SDV_20260713T223546_20260713T223611_003661_006896_0F86,6869.8,0.002,2026-07-04,2026-10-02
S1D_IW_GRDH_1SDV_20260713T223611_20260713T223636_003661_006896_12E6,SENTINEL-1D,S1D,IW,DV,VV+VH,2026-07-13 22:36:11,2026-07-13 22:36:36,3661,120,DESCENDING,aws:sentinel-s1-l1c,GRD/2026/7/13/IW/DV/S1D_IW_GRDH_1SDV_20260713T223611_20260713T223636_003661_006896_12E6,2502.6,0.001,2026-07-04,2026-10-02
S1D_IW_GRDH_1SDV_20260713T223636_20260713T223704_003661_006896_457F,SENTINEL-1D,S1D,IW,DV,VV+VH,2026-07-13 22:36:36,2026-07-13 22:37:04,3661,120,DESCENDING,aws:sentinel-s1-l1c,GRD/2026/7/13/IW/DV/S1D_IW_GRDH_1SDV_20260713T223636_20260713T223704_003661_006896_457F,23491.2,0.006,2026-07-04,2026-10-02
S1D_IW_GRDH_1SDV_20260713T223833_20260713T223902_003661_006897_351D,SENTINEL-1D,S1D,IW,DV,VV+VH,2026-07-13 22:38:33,2026-07-13 22:39:02,3661,120,DESCENDING,aws:sentinel-s1-l1c,GRD/2026/7/13/IW/DV/S1D_IW_GRDH_1SDV_20260713T223833_20260713T223902_003661_006897_351D,46609.1,0.013,2026-07-04,2026-10-02
S1D_IW_GRDH_1SDV_20260713T223902_20260713T223927_003661_006897_23A8,SENTINEL-1D,S1D,IW,DV,VV+VH,2026-07-13 22:39:02,2026-07-13 22:39:27,3661,120,DESCENDING,aws:sentinel-s1-l1c,GRD/2026/7/13/IW/DV/S1D_IW_GRDH_1SDV_20260713T223902_20260713T223927_003661_006897_23A8,42737.5,0.012,2026-07-04,2026-10-02
S1D_IW_GRDH_1SDV_20260713T223927_20260713T223952_003661_006897_6120,SENTINEL-1D,S1D,IW,DV,VV+VH,2026-07-13 22:39:27,2026-07-13 22:39:52,3661,120,DESCENDING,aws:sentinel-s1-l1c,GRD/2026/7/13/IW/DV/S1D_IW_GRDH_1SDV_20260713T223927_20260713T223952_003661_006897_6120,42578.7,0.012,2026-07-04,2026-10-02
S1D_IW_GRDH_1SDV_20260713T223952_20260713T224017_003661_006897_EA79,SENTINEL-1D,S1D,IW,DV,VV+VH,2026-07-13 22:39:52,2026-07-13 22:40:17,3661,120,DESCENDING,aws:sentinel-s1-l1c,GRD/2026/7/13/IW/DV/S1D_IW_GRDH_1SDV_20260713T223952_20260713T224017_003661_006897_EA79,37232.4,0.01,2026-07-04,2026-10-02
S1D_IW_GRDH_1SDV_20260713T224017_20260713T224042_003661_006897_3885,SENTINEL-1D,S1D,IW,DV,VV+VH,2026-07-13 22:40:17,2026-07-13 22:40:42,3661,120,DESCENDING,aws:sentinel-s1-l1c,GRD/2026/7/13/IW/DV/S1D_IW_GRDH_1SDV_20260713T224017_20260713T224042_003661_006897_3885,9302.3,0.003,2026-07-04,2026-10-02
S1D_IW_GRDH_1SDV_20260714T110235_20260714T110305_003669_0068DD_5D8A,SENTINEL-1D,S1D,IW,DV,VV+VH,2026-07-14 11:02:35,2026-07-14 11:03:05,3669,128,ASCENDING,aws:sentinel-s1-l1c,GRD/2026/7/14/IW/DV/S1D_IW_GRDH_1SDV_20260714T110235_20260714T110305_003669_0068DD_5D8A,20144.0,0.006,2026-07-04,2026-10-02
S1D_IW_GRDH_1SDV_20260714T110420_20260714T110445_003669_0068DD_FCE6,SENTINEL-1D,S1D,IW,DV,VV+VH,2026-07-14 11:04:20,2026-07-14 11:04:45,3669,128,ASCENDING,aws:sentinel-s1-l1c,GRD/2026/7/14/IW/DV/S1D_IW_GRDH_1SDV_20260714T110420_20260714T110445_003669_0068DD_FCE6,3775.8,0.001,2026-07-04,2026-10-02
S1D_IW_GRDH_1SDV_20260714T110445_20260714T110510_003669_0068DD_98E2,SENTINEL-1D,S1D,IW,DV,VV+VH,2026-07-14 11:04:45,2026-07-14 11:05:10,3669,128,ASCENDING,aws:sentinel-s1-l1c,GRD/2026/7/14/IW/DV/S1D_IW_GRDH_1SDV_20260714T110445_20260714T110510_003669_0068DD_98E2,17062.5,0.005,2026-07-04,2026-10-02
S1D_IW_GRDH_1SDV_20260714T110510_20260714T110535_003669_0068DD_C9A3,SENTINEL-1D,S1D,IW,DV,VV+VH,2026-07-14 11:05:10,2026-07-14 11:05:35,3669,128,ASCENDING,aws:sentinel-s1-l1c,GRD/2026/7/14/IW/DV/S1D_IW_GRDH_1SDV_20260714T110510_20260714T110535_003669_0068DD_C9A3,11954.0,0.003,2026-07-04,2026-10-02
S1D_IW_GRDH_1SDV_20260715T222222_20260715T222252_003690_006997_E17F,SENTINEL-1D,S1D,IW,DV,VV+VH,2026-07-15 22:22:22,2026-07-15 22:22:52,3690,149,DESCENDING,aws:sentinel-s1-l1c,GRD/2026/7/15/IW/DV/S1D_IW_GRDH_1SDV_20260715T222222_20260715T222252_003690_006997_E17F,43921.8,0.012,2026-07-04,2026-10-02
S1D_IW_GRDH_1SDV_20260715T222252_20260715T222317_003690_006997_652D,SENTINEL-1D,S1D,IW,DV,VV+VH,2026-07-15 22:22:52,2026-07-15 22:23:17,3690,149,DESCENDING,aws:sentinel-s1-l1c,GRD/2026/7/15/IW/DV/S1D_IW_GRDH_1SDV_20260715T222252_20260715T222317_003690_006997_652D,3092.4,0.001,2026-07-04,2026-10-02
S1D_IW_GRDH_1SDV_20260715T222317_20260715T222342_003690_006997_9563,SENTINEL-1D,S1D,IW,DV,VV+VH,2026-07-15 22:23:17,2026-07-15 22:23:42,3690,149,DESCENDING,aws:sentinel-s1-l1c,GRD/2026/7/15/IW/DV/S1D_IW_GRDH_1SDV_20260715T222317_20260715T222342_003690_006997_9563,14844.5,0.004,2026-07-04,2026-10-02
S1D_IW_GRDH_1SDV_20260715T222342_20260715T222407_003690_006997_06B2,SENTINEL-1D,S1D,IW,DV,VV+VH,2026-07-15 22:23:42,2026-07-15 22:24:07,3690,149,DESCENDING,aws:sentinel-s1-l1c,GRD/2026/7/15/IW/DV/S1D_IW_GRDH_1SDV_20260715T222342_20260715T222407_003690_006997_06B2,35859.1,0.01,2026-07-04,2026-10-02
S1D_IW_GRDH_1SDV_20260715T222407_20260715T222432_003690_006997_3E4C,SENTINEL-1D,S1D,IW,DV,VV+VH,2026-07-15 22:24:07,2026-07-15 22:24:32,3690,149,DESCENDING,aws:sentinel-s1-l1c,GRD/2026/7/15/IW/DV/S1D_IW_GRDH_1SDV_20260715T222407_20260715T222432_003690_006997_3E4C,1944.3,0.001,2026-07-04,2026-10-02
S1C_IW_GRDH_1SDV_20260716T095843_20260716T095908_008567_010F68_257A,SENTINEL-1C,S1C,IW,DV,VV+VH,2026-07-16 09:58:43,2026-07-16 09:59:08,8567,69,ASCENDING,aws:sentinel-s1-l1c,GRD/2026/7/16/IW/DV/S1C_IW_GRDH_1SDV_20260716T095843_20260716T095908_008567_010F68_257A,8397.0,0.002,2026-07-04,2026-10-02
S1C_IW_GRDH_1SDV_20260716T095908_20260716T095922_008567_010F68_4337,SENTINEL-1C,S1C,IW,DV,VV+VH,2026-07-16 09:59:08,2026-07-16 09:59:22,8567,69,ASCENDING,aws:sentinel-s1-l1c,GRD/2026/7/16/IW/DV/S1C_IW_GRDH_1SDV_20260716T095908_20260716T095922_008567_010F68_4337,12602.3,0.003,2026-07-04,2026-10-02
S1C_IW_GRDH_1SDV_20260716T095948_20260716T100018_008567_010F69_D810,SENTINEL-1C,S1C,IW,DV,VV+VH,2026-07-16 09:59:48,2026-07-16 10:00:18,8567,69,ASCENDING,aws:sentinel-s1-l1c,GRD/2026/7/16/IW/DV/S1C_IW_GRDH_1SDV_20260716T095948_20260716T100018_008567_010F69_D810,6071.5,0.002,2026-07-04,2026-10-02
S1D_IW_GRDH_1SDV_20260716T104829_20260716T104858_003698_0069DD_8C34,SENTINEL-1D,S1D,IW,DV,VV+VH,2026-07-16 10:48:29,2026-07-16 10:48:58,3698,157,ASCENDING,aws:sentinel-s1-l1c,GRD/2026/7/16/IW/DV/S1D_IW_GRDH_1SDV_20260716T104829_20260716T104858_003698_0069DD_8C34,12845.6,0.004,2026-07-04,2026-10-02
S1D_IW_GRDH_1SDV_20260716T104858_20260716T104923_003698_0069DD_D551,SENTINEL-1D,S1D,IW,DV,VV+VH,2026-07-16 10:48:58,2026-07-16 10:49:23,3698,157,ASCENDING,aws:sentinel-s1-l1c,GRD/2026/7/16/IW/DV/S1D_IW_GRDH_1SDV_20260716T104858_20260716T104923_003698_0069DD_D551,31203.6,0.009,2026-07-04,2026-10-02
S1D_IW_GRDH_1SDV_20260716T104923_20260716T104948_003698_0069DD_85B5,SENTINEL-1D,S1D,IW,DV,VV+VH,2026-07-16 10:49:23,2026-07-16 10:49:48,3698,157,ASCENDING,aws:sentinel-s1-l1c,GRD/2026/7/16/IW/DV/S1D_IW_GRDH_1SDV_20260716T104923_20260716T104948_003698_0069DD_85B5,3774.1,0.001,2026-07-04,2026-10-02
S1D_IW_GRDH_1SDV_20260716T230040_20260716T230105_003705_006A1B_A455,SENTINEL-1D,S1D,IW,DV,VV+VH,2026-07-16 23:00:40,2026-07-16 23:01:05,3705,164,DESCENDING,aws:sentinel-s1-l1c,GRD/2026/7/16/IW/DV/S1D_IW_GRDH_1SDV_20260716T230040_20260716T230105_003705_006A1B_A455,3696.6,0.001,2026-07-04,2026-10-02
S1D_IW_GRDH_1SDV_20260716T230105_20260716T230130_003705_006A1B_C074,SENTINEL-1D,S1D,IW,DV,VV+VH,2026-07-16 23:01:05,2026-07-16 23:01:30,3705,164,DESCENDING,aws:sentinel-s1-l1c,GRD/2026/7/16/IW/DV/S1D_IW_GRDH_1SDV_20260716T230105_20260716T230130_003705_006A1B_C074,40941.9,0.011,2026-07-04,2026-10-02
S1D_IW_GRDH_1SDV_20260716T230130_20260716T230155_003705_006A1B_F0AA,SENTINEL-1D,S1D,IW,DV,VV+VH,2026-07-16 23:01:30,2026-07-16 23:01:55,3705,164,DESCENDING,aws:sentinel-s1-l1c,GRD/2026/7/16/IW/DV/S1D_IW_GRDH_1SDV_20260716T230130_20260716T230155_003705_006A1B_F0AA,42842.0,0.012,2026-07-04,2026-10-02
S1D_IW_GRDH_1SDV_20260716T230155_20260716T230220_003705_006A1B_F405,SENTINEL-1D,S1D,IW,DV,VV+VH,2026-07-16 23:01:55,2026-07-16 23:02:20,3705,164,DESCENDING,aws:sentinel-s1-l1c,GRD/2026/7/16/IW/DV/S1D_IW_GRDH_1SDV_20260716T230155_20260716T230220_003705_006A1B_F405,41379.1,0.011,2026-07-04,2026-10-02
S1D_IW_GRDH_1SDV_20260716T230220_20260716T230245_003705_006A1B_8A66,SENTINEL-1D,S1D,IW,DV,VV+VH,2026-07-16 23:02:20,2026-07-16 23:02:45,3705,164,DESCENDING,aws:sentinel-s1-l1c,GRD/2026/7/16/IW/DV/S1D_IW_GRDH_1SDV_20260716T230220_20260716T230245_003705_006A1B_8A66,19708.4,0.005,2026-07-04,2026-10-02
S1D_IW_GRDH_1SDV_20260717T112327_20260717T112352_003712_006A59_F1A4,SENTINEL-1D,S1D,IW,DV,VV+VH,2026-07-17 11:23:27,2026-07-17 11:23:52,3712,171,ASCENDING,aws:sentinel-s1-l1c,GRD/2026/7/17/IW/DV/S1D_IW_GRDH_1SDV_20260717T112327_20260717T112352_003712_006A59_F1A4,148.5,0.0,2026-07-04,2026-10-02
S1D_IW_GRDH_1SDV_20260717T112352_20260717T112417_003712_006A59_0A2F,SENTINEL-1D,S1D,IW,DV,VV+VH,2026-07-17 11:23:52,2026-07-17 11:24:17,3712,171,ASCENDING,aws:sentinel-s1-l1c,GRD/2026/7/17/IW/DV/S1D_IW_GRDH_1SDV_20260717T112352_20260717T112417_003712_006A59_0A2F,7045.1,0.002,2026-07-04,2026-10-02
S1D_IW_GRDH_1SDV_20260717T112417_20260717T112442_003712_006A59_45A4,SENTINEL-1D,S1D,IW,DV,VV+VH,2026-07-17 11:24:17,2026-07-17 11:24:42,3712,171,ASCENDING,aws:sentinel-s1-l1c,GRD/2026/7/17/IW/DV/S1D_IW_GRDH_1SDV_20260717T112417_20260717T112442_003712_006A59_45A4,17733.8,0.005,2026-07-04,2026-10-02
S1D_IW_GRDH_1SDV_20260717T112442_20260717T112507_003712_006A59_5E8C,SENTINEL-1D,S1D,IW,DV,VV+VH,2026-07-17 11:24:42,2026-07-17 11:25:07,3712,171,ASCENDING,aws:sentinel-s1-l1c,GRD/2026/7/17/IW/DV/S1D_IW_GRDH_1SDV_20260717T112442_20260717T112507_003712_006A59_5E8C,10239.3,0.003,2026-07-04,2026-10-02
S1D_IW_GRDH_1SDV_20260717T112507_20260717T112532_003713_006A59_89E0,SENTINEL-1D,S1D,IW,DV,VV+VH,2026-07-17 11:25:07,2026-07-17 11:25:32,3713,172,ASCENDING,aws:sentinel-s1-l1c,GRD/2026/7/17/IW/DV/S1D_IW_GRDH_1SDV_20260717T112507_20260717T112532_003713_006A59_89E0,6396.2,0.002,2026-07-04,2026-10-02
S1D_IW_GRDH_1SDV_20260717T112532_20260717T112557_003713_006A59_B1B6,SENTINEL-1D,S1D,IW,DV,VV+VH,2026-07-17 11:25:32,2026-07-17 11:25:57,3713,172,ASCENDING,aws:sentinel-s1-l1c,GRD/2026/7/17/IW/DV/S1D_IW_GRDH_1SDV_20260717T112532_20260717T112557_003713_006A59_B1B6,4871.5,0.001,2026-07-04,2026-10-02
S1D_IW_GRDH_1SDV_20260717T112557_20260717T112622_003713_006A59_E0AD,SENTINEL-1D,S1D,IW,DV,VV+VH,2026-07-17 11:25:57,2026-07-17 11:26:22,3713,172,ASCENDING,aws:sentinel-s1-l1c,GRD/2026/7/17/IW/DV/S1D_IW_GRDH_1SDV_20260717T112557_20260717T112622_003713_006A59_E0AD,12812.9,0.004,2026-07-04,2026-10-02
S1D_IW_GRDH_1SDV_20260717T112622_20260717T112647_003713_006A59_48DD,SENTINEL-1D,S1D,IW,DV,VV+VH,2026-07-17 11:26:22,2026-07-17 11:26:47,3713,172,ASCENDING,aws:sentinel-s1-l1c,GRD/2026/7/17/IW/DV/S1D_IW_GRDH_1SDV_20260717T112622_20260717T112647_003713_006A59_48DD,36517.2,0.01,2026-07-04,2026-10-02
S1D_IW_GRDH_1SDV_20260717T112647_20260717T112712_003713_006A59_A254,SENTINEL-1D,S1D,IW,DV,VV+VH,2026-07-17 11:26:47,2026-07-17 11:27:12,3713,172,ASCENDING,aws:sentinel-s1-l1c,GRD/2026/7/17/IW/DV/S1D_IW_GRDH_1SDV_20260717T112647_20260717T112712_003713_006A59_A254,42896.6,0.012,2026-07-04,2026-10-02
S1D_IW_GRDH_1SDV_20260717T112712_20260717T112737_003713_006A59_4C77,SENTINEL-1D,S1D,IW,DV,VV+VH,2026-07-17 11:27:12,2026-07-17 11:27:37,3713,172,ASCENDING,aws:sentinel-s1-l1c,GRD/2026/7/17/IW/DV/S1D_IW_GRDH_1SDV_20260717T112712_20260717T112737_003713_006A59_4C77,42911.9,0.012,2026-07-04,2026-10-02
S1D_IW_GRDH_1SDV_20260717T112737_20260717T112802_003713_006A59_CE91,SENTINEL-1D,S1D,IW,DV,VV+VH,2026-07-17 11:27:37,2026-07-17 11:28:02,3713,172,ASCENDING,aws:sentinel-s1-l1c,GRD/2026/7/17/IW/DV/S1D_IW_GRDH_1SDV_20260717T112737_20260717T112802_003713_006A59_CE91,42101.1,0.012,2026-07-04,2026-10-02
S1D_IW_GRDH_1SDV_20260717T112802_20260717T112827_003713_006A59_EDAF,SENTINEL-1D,S1D,IW,DV,VV+VH,2026-07-17 11:28:02,2026-07-17 11:28:27,3713,172,ASCENDING,aws:sentinel-s1-l1c,GRD/2026/7/17/IW/DV/S1D_IW_GRDH_1SDV_20260717T112802_20260717T112827_003713_006A59_EDAF,13392.3,0.004,2026-07-04,2026-10-02
S1D_IW_GRDH_1SDV_20260717T220045_20260717T220114_003719_006A93_D5D9,SENTINEL-1D,S1D,IW,DV,VV+VH,2026-07-17 22:00:45,2026-07-17 22:01:14,3719,3,DESCENDING,aws:sentinel-s1-l1c,GRD/2026/7/17/IW/DV/S1D_IW_GRDH_1SDV_20260717T220045_20260717T220114_003719_006A93_D5D9,48718.8,0.013,2026-07-04,2026-10-02
S1D_IW_GRDH_1SDV_20260717T220114_20260717T220136_003719_006A93_C495,SENTINEL-1D,S1D,IW,DV,VV+VH,2026-07-17 22:01:14,2026-07-17 22:01:36,3719,3,DESCENDING,aws:sentinel-s1-l1c,GRD/2026/7/17/IW/DV/S1D_IW_GRDH_1SDV_20260717T220114_20260717T220136_003719_006A93_C495,36642.3,0.01,2026-07-04,2026-10-02
S1D_IW_GRDH_1SDV_20260717T220458_20260717T220528_003719_006A94_F1DC,SENTINEL-1D,S1D,IW,DV,VV+VH,2026-07-17 22:04:58,2026-07-17 22:05:28,3719,3,DESCENDING,aws:sentinel-s1-l1c,GRD/2026/7/17/IW/DV/S1D_IW_GRDH_1SDV_20260717T220458_20260717T220528_003719_006A94_F1DC,40598.3,0.011,2026-07-04,2026-10-02
S1D_IW_GRDH_1SDV_20260717T220528_20260717T220553_003719_006A94_FB41,SENTINEL-1D,S1D,IW,DV,VV+VH,2026-07-17 22:05:28,2026-07-17 22:05:53,3719,3,DESCENDING,aws:sentinel-s1-l1c,GRD/2026/7/17/IW/DV/S1D_IW_GRDH_1SDV_20260717T220528_20260717T220553_003719_006A94_FB41,10691.7,0.003,2026-07-04,2026-10-02
S1D_IW_GRDH_1SDV_20260718T103244_20260718T103314_003727_006AE0_644F,SENTINEL-1D,S1D,IW,DV,VV+VH,2026-07-18 10:32:44,2026-07-18 10:33:14,3727,11,ASCENDING,aws:sentinel-s1-l1c,GRD/2026/7/18/IW/DV/S1D_IW_GRDH_1SDV_20260718T103244_20260718T103314_003727_006AE0_644F,36960.9,0.01,2026-07-04,2026-10-02
S1D_IW_GRDH_1SDV_20260718T103314_20260718T103339_003727_006AE0_97D0,SENTINEL-1D,S1D,IW,DV,VV+VH,2026-07-18 10:33:14,2026-07-18 10:33:39,3727,11,ASCENDING,aws:sentinel-s1-l1c,GRD/2026/7/18/IW/DV/S1D_IW_GRDH_1SDV_20260718T103314_20260718T103339_003727_006AE0_97D0,1280.8,0.0,2026-07-04,2026-10-02
S1C_IW_GRDH_1SDV_20260718T111901_20260718T111930_008597_01106C_07A5,SENTINEL-1C,S1C,IW,DV,VV+VH,2026-07-18 11:19:01,2026-07-18 11:19:30,8597,99,ASCENDING,aws:sentinel-s1-l1c,GRD/2026/7/18/IW/DV/S1C_IW_GRDH_1SDV_20260718T111901_20260718T111930_008597_01106C_07A5,24074.2,0.007,2026-07-04,2026-10-02
S1C_IW_GRDH_1SDV_20260718T111930_20260718T111955_008597_01106C_0C5D,SENTINEL-1C,S1C,IW,DV,VV+VH,2026-07-18 11:19:30,2026-07-18 11:19:55,8597,99,ASCENDING,aws:sentinel-s1-l1c,GRD/2026/7/18/IW/DV/S1C_IW_GRDH_1SDV_20260718T111930_20260718T111955_008597_01106C_0C5D,4403.4,0.001,2026-07-04,2026-10-02
S1C_IW_GRDH_1SDV_20260718T215150_20260718T215215_008603_01109E_3EEB,SENTINEL-1C,S1C,IW,DV,VV+VH,2026-07-18 21:51:50,2026-07-18 21:52:15,8603,105,DESCENDING,aws:sentinel-s1-l1c,GRD/2026/7/18/IW/DV/S1C_IW_GRDH_1SDV_20260718T215150_20260718T215215_008603_01109E_3EEB,6757.6,0.002,2026-07-04,2026-10-02
S1C_IW_GRDH_1SDV_20260718T215215_20260718T215229_008603_01109E_4831,SENTINEL-1C,S1C,IW,DV,VV+VH,2026-07-18 21:52:15,2026-07-18 21:52:29,8603,105,DESCENDING,aws:sentinel-s1-l1c,GRD/2026/7/18/IW/DV/S1C_IW_GRDH_1SDV_20260718T215215_20260718T215229_008603_01109E_4831,14470.2,0.004,2026-07-04,2026-10-02
S1C_IW_GRDH_1SDV_20260718T215311_20260718T215340_008603_01109F_DAB2,SENTINEL-1C,S1C,IW,DV,VV+VH,2026-07-18 21:53:11,2026-07-18 21:53:40,8603,105,DESCENDING,aws:sentinel-s1-l1c,GRD/2026/7/18/IW/DV/S1C_IW_GRDH_1SDV_20260718T215311_20260718T215340_008603_01109F_DAB2,42776.0,0.012,2026-07-04,2026-10-02
S1C_IW_GRDH_1SDV_20260718T215340_20260718T215405_008603_01109F_E485,SENTINEL-1C,S1C,IW,DV,VV+VH,2026-07-18 21:53:40,2026-07-18 21:54:05,8603,105,DESCENDING,aws:sentinel-s1-l1c,GRD/2026/7/18/IW/DV/S1C_IW_GRDH_1SDV_20260718T215340_20260718T215405_008603_01109F_E485,38726.0,0.011,2026-07-04,2026-10-02
S1C_IW_GRDH_1SDV_20260718T215405_20260718T215419_008603_01109F_E39F,SENTINEL-1C,S1C,IW,DV,VV+VH,2026-07-18 21:54:05,2026-07-18 21:54:19,8603,105,DESCENDING,aws:sentinel-s1-l1c,GRD/2026/7/18/IW/DV/S1C_IW_GRDH_1SDV_20260718T215405_20260718T215419_008603_01109F_E39F,19548.8,0.005,2026-07-04,2026-10-02
S1D_IW_GRDH_1SDV_20260718T224254_20260718T224323_003734_006B1A_EBBC,SENTINEL-1D,S1D,IW,DV,VV+VH,2026-07-18 22:42:54,2026-07-18 22:43:23,3734,18,DESCENDING,aws:sentinel-s1-l1c,GRD/2026/7/18/IW/DV/S1D_IW_GRDH_1SDV_20260718T224254_20260718T224323_003734_006B1A_EBBC,35170.1,0.01,2026-07-04,2026-10-02
S1D_IW_GRDH_1SDV_20260718T224323_20260718T224348_003734_006B1A_A9F3,SENTINEL-1D,S1D,IW,DV,VV+VH,2026-07-18 22:43:23,2026-07-18 22:43:48,3734,18,DESCENDING,aws:sentinel-s1-l1c,GRD/2026/7/18/IW/DV/S1D_IW_GRDH_1SDV_20260718T224323_20260718T224348_003734_006B1A_A9F3,1665.7,0.0,2026-07-04,2026-10-02
S1D_IW_GRDH_1SDV_20260718T224503_20260718T224528_003734_006B1A_A548,SENTINEL-1D,S1D,IW,DV,VV+VH,2026-07-18 22:45:03,2026-07-18 22:45:28,3734,18,DESCENDING,aws:sentinel-s1-l1c,GRD/2026/7/18/IW/DV/S1D_IW_GRDH_1SDV_20260718T224503_20260718T224528_003734_006B1A_A548,11567.5,0.003,2026-07-04,2026-10-02
S1D_IW_GRDH_1SDV_20260718T224528_20260718T224547_003734_006B1A_8027,SENTINEL-1D,S1D,IW,DV,VV+VH,2026-07-18 22:45:28,2026-07-18 22:45:47,3734,18,DESCENDING,aws:sentinel-s1-l1c,GRD/2026/7/18/IW/DV/S1D_IW_GRDH_1SDV_20260718T224528_20260718T224547_003734_006B1A_8027,24165.7,0.007,2026-07-04,2026-10-02
S1D_IW_GRDH_1SDV_20260718T224624_20260718T224653_003734_006B1B_6FE9,SENTINEL-1D,S1D,IW,DV,VV+VH,2026-07-18 22:46:24,2026-07-18 22:46:53,3734,18,DESCENDING,aws:sentinel-s1-l1c,GRD/2026/7/18/IW/DV/S1D_IW_GRDH_1SDV_20260718T224624_20260718T224653_003734_006B1B_6FE9,46334.2,0.013,2026-07-04,2026-10-02
S1D_IW_GRDH_1SDV_20260718T224653_20260718T224718_003734_006B1B_CED1,SENTINEL-1D,S1D,IW,DV,VV+VH,2026-07-18 22:46:53,2026-07-18 22:47:18,3734,18,DESCENDING,aws:sentinel-s1-l1c,GRD/2026/7/18/IW/DV/S1D_IW_GRDH_1SDV_20260718T224653_20260718T224718_003734_006B1B_CED1,38531.6,0.011,2026-07-04,2026-10-02
S1D_IW_GRDH_1SDV_20260718T224718_20260718T224743_003734_006B1B_C560,SENTINEL-1D,S1D,IW,DV,VV+VH,2026-07-18 22:47:18,2026-07-18 22:47:43,3734,18,DESCENDING,aws:sentinel-s1-l1c,GRD/2026/7/18/IW/DV/S1D_IW_GRDH_1SDV_20260718T224718_20260718T224743_003734_006B1B_C560,18281.1,0.005,2026-07-04,2026-10-02
S1D_IW_GRDH_1SDV_20260718T224743_20260718T224808_003734_006B1B_ACF7,SENTINEL-1D,S1D,IW,DV,VV+VH,2026-07-18 22:47:43,2026-07-18 22:48:08,3734,18,DESCENDING,aws:sentinel-s1-l1c,GRD/2026/7/18/IW/DV/S1D_IW_GRDH_1SDV_20260718T224743_20260718T224808_003734_006B1B_ACF7,25481.8,0.007,2026-07-04,2026-10-02
S1D_IW_GRDH_1SDV_20260718T224808_20260718T224833_003734_006B1B_F7A4,SENTINEL-1D,S1D,IW,DV,VV+VH,2026-07-18 22:48:08,2026-07-18 22:48:33,3734,18,DESCENDING,aws:sentinel-s1-l1c,GRD/2026/7/18/IW/DV/S1D_IW_GRDH_1SDV_20260718T224808_20260718T224833_003734_006B1B_F7A4,6301.5,0.002,2026-07-04,2026-10-02
S1D_IW_GRDH_1SDV_20260719T111021_20260719T111050_003742_006B5D_B23F,SENTINEL-1D,S1D,IW,DV,VV+VH,2026-07-19 11:10:21,2026-07-19 11:10:50,3742,26,ASCENDING,aws:sentinel-s1-l1c,GRD/2026/7/19/IW/DV/S1D_IW_GRDH_1SDV_20260719T111021_20260719T111050_003742_006B5D_B23F,33452.8,0.009,2026-07-04,2026-10-02
S1D_IW_GRDH_1SDV_20260719T111050_20260719T111115_003742_006B5D_EB7B,SENTINEL-1D,S1D,IW,DV,VV+VH,2026-07-19 11:10:50,2026-07-19 11:11:15,3742,26,ASCENDING,aws:sentinel-s1-l1c,GRD/2026/7/19/IW/DV/S1D_IW_GRDH_1SDV_20260719T111050_20260719T111115_003742_006B5D_EB7B,6028.0,0.002,2026-07-04,2026-10-02
S1D_IW_GRDH_1SDV_20260719T214437_20260719T214506_003748_006B8F_FC9F,SENTINEL-1D,S1D,IW,DV,VV+VH,2026-07-19 21:44:37,2026-07-19 21:45:06,3748,32,DESCENDING,aws:sentinel-s1-l1c,GRD/2026/7/19/IW/DV/S1D_IW_GRDH_1SDV_20260719T214437_20260719T214506_003748_006B8F_FC9F,24814.4,0.007,2026-07-04,2026-10-02
S1D_IW_GRDH_1SDV_20260719T214506_20260719T214531_003748_006B8F_B4C8,SENTINEL-1D,S1D,IW,DV,VV+VH,2026-07-19 21:45:06,2026-07-19 21:45:31,3748,32,DESCENDING,aws:sentinel-s1-l1c,GRD/2026/7/19/IW/DV/S1D_IW_GRDH_1SDV_20260719T214506_20260719T214531_003748_006B8F_B4C8,17336.2,0.005,2026-07-04,2026-10-02
S1D_IW_GRDH_1SDV_20260719T214531_20260719T214556_003748_006B8F_24A6,SENTINEL-1D,S1D,IW,DV,VV+VH,2026-07-19 21:45:31,2026-07-19 21:45:56,3748,32,DESCENDING,aws:sentinel-s1-l1c,GRD/2026/7/19/IW/DV/S1D_IW_GRDH_1SDV_20260719T214531_20260719T214556_003748_006B8F_24A6,1182.8,0.0,2026-07-04,2026-10-02
S1D_IW_GRDH_1SDV_20260719T214556_20260719T214621_003748_006B8F_F966,SENTINEL-1D,S1D,IW,DV,VV+VH,2026-07-19 21:45:56,2026-07-19 21:46:21,3748,32,DESCENDING,aws:sentinel-s1-l1c,GRD/2026/7/19/IW/DV/S1D_IW_GRDH_1SDV_20260719T214556_20260719T214621_003748_006B8F_F966,1564.4,0.0,2026-07-04,2026-10-02
S1D_IW_GRDH_1SDV_20260719T214621_20260719T214646_003748_006B8F_5FFA,SENTINEL-1D,S1D,IW,DV,VV+VH,2026-07-19 21:46:21,2026-07-19 21:46:46,3748,32,DESCENDING,aws:sentinel-s1-l1c,GRD/2026/7/19/IW/DV/S1D_IW_GRDH_1SDV_20260719T214621_20260719T214646_003748_006B8F_5FFA,18544.8,0.005,2026-07-04,2026-10-02
S1D_IW_GRDH_1SDV_20260719T214646_20260719T214711_003748_006B8F_128B,SENTINEL-1D,S1D,IW,DV,VV+VH,2026-07-19 21:46:46,2026-07-19 21:47:11,3748,32,DESCENDING,aws:sentinel-s1-l1c,GRD/2026/7/19/IW/DV/S1D_IW_GRDH_1SDV_20260719T214646_20260719T214711_003748_006B8F_128B,18073.6,0.005,2026-07-04,2026-10-02
S1D_IW_GRDH_1SDV_20260719T214711_20260719T214736_003748_006B8F_AECB,SENTINEL-1D,S1D,IW,DV,VV+VH,2026-07-19 21:47:11,2026-07-19 21:47:36,3748,32,DESCENDING,aws:sentinel-s1-l1c,GRD/2026/7/19/IW/DV/S1D_IW_GRDH_1SDV_20260719T214711_20260719T214736_003748_006B8F_AECB,5479.8,0.002,2026-07-04,2026-10-02
S1D_IW_GRDH_1SDV_20260719T214736_20260719T214801_003748_006B8F_76F0,SENTINEL-1D,S1D,IW,DV,VV+VH,2026-07-19 21:47:36,2026-07-19 21:48:01,3748,32,DESCENDING,aws:sentinel-s1-l1c,GRD/2026/7/19/IW/DV/S1D_IW_GRDH_1SDV_20260719T214736_20260719T214801_003748_006B8F_76F0,81.0,0.0,2026-07-04,2026-10-02
S1C_IW_GRDH_1SDV_20260719T223507_20260719T223536_008618_011126_B5CB,SENTINEL-1C,S1C,IW,DV,VV+VH,2026-07-19 22:35:07,2026-07-19 22:35:36,8618,120,DESCENDING,aws:sentinel-s1-l1c,GRD/2026/7/19/IW/DV/S1C_IW_GRDH_1SDV_20260719T223507_20260719T223536_008618_011126_B5CB,23276.7,0.006,2026-07-04,2026-10-02
S1C_IW_GRDH_1SDV_20260719T223536_20260719T223601_008618_011126_4D0C,SENTINEL-1C,S1C,IW,DV,VV+VH,2026-07-19 22:35:36,2026-07-19 22:36:01,8618,120,DESCENDING,aws:sentinel-s1-l1c,GRD/2026/7/19/IW/DV/S1C_IW_GRDH_1SDV_20260719T223536_20260719T223601_008618_011126_4D0C,5744.6,0.002,2026-07-04,2026-10-02
S1C_IW_GRDH_1SDV_20260719T223601_20260719T223626_008618_011126_8F04,SENTINEL-1C,S1C,IW,DV,VV+VH,2026-07-19 22:36:01,2026-07-19 22:36:26,8618,120,DESCENDING,aws:sentinel-s1-l1c,GRD/2026/7/19/IW/DV/S1C_IW_GRDH_1SDV_20260719T223601_20260719T223626_008618_011126_8F04,3073.3,0.001,2026-07-04,2026-10-02
S1C_IW_GRDH_1SDV_20260719T223626_20260719T223643_008618_011126_4689,SENTINEL-1C,S1C,IW,DV,VV+VH,2026-07-19 22:36:26,2026-07-19 22:36:43,8618,120,DESCENDING,aws:sentinel-s1-l1c,GRD/2026/7/19/IW/DV/S1C_IW_GRDH_1SDV_20260719T223626_20260719T223643_008618_011126_4689,10302.1,0.003,2026-07-04,2026-10-02
S1D_IW_GRDH_1SDV_20260720T101648_20260720T101717_003756_006BCC_8E1D,SENTINEL-1D,S1D,IW,DV,VV+VH,2026-07-20 10:16:48,2026-07-20 10:17:17,3756,40,ASCENDING,aws:sentinel-s1-l1c,GRD/2026/7/20/IW/DV/S1D_IW_GRDH_1SDV_20260720T101648_20260720T101717_003756_006BCC_8E1D,20328.9,0.006,2026-07-04,2026-10-02
S1D_IW_GRDH_1SDV_20260720T223013_20260720T223043_003763_006C12_0A78,SENTINEL-1D,S1D,IW,DV,VV+VH,2026-07-20 22:30:13,2026-07-20 22:30:43,3763,47,DESCENDING,aws:sentinel-s1-l1c,GRD/2026/7/20/IW/DV/S1D_IW_GRDH_1SDV_20260720T223013_20260720T223043_003763_006C12_0A78,45126.6,0.012,2026-07-04,2026-10-02
S1D_IW_GRDH_1SDV_20260720T223043_20260720T223108_003763_006C12_BF06,SENTINEL-1D,S1D,IW,DV,VV+VH,2026-07-20 22:30:43,2026-07-20 22:31:08,3763,47,DESCENDING,aws:sentinel-s1-l1c,GRD/2026/7/20/IW/DV/S1D_IW_GRDH_1SDV_20260720T223043_20260720T223108_003763_006C12_BF06,42511.9,0.012,2026-07-04,2026-10-02
S1D_IW_GRDH_1SDV_20260720T223108_20260720T223133_003763_006C12_D944,SENTINEL-1D,S1D,IW,DV,VV+VH,2026-07-20 22:31:08,2026-07-20 22:31:33,3763,47,DESCENDING,aws:sentinel-s1-l1c,GRD/2026/7/20/IW/DV/S1D_IW_GRDH_1SDV_20260720T223108_20260720T223133_003763_006C12_D944,41395.4,0.011,2026-07-04,2026-10-02
S1D_IW_GRDH_1SDV_20260720T223133_20260720T223158_003763_006C12_FF15,SENTINEL-1D,S1D,IW,DV,VV+VH,2026-07-20 22:31:33,2026-07-20 22:31:58,3763,47,DESCENDING,aws:sentinel-s1-l1c,GRD/2026/7/20/IW/DV/S1D_IW_GRDH_1SDV_20260720T223133_20260720T223158_003763_006C12_FF15,42851.2,0.012,2026-07-04,2026-10-02
S1D_IW_GRDH_1SDV_20260720T223158_20260720T223223_003763_006C12_307C,SENTINEL-1D,S1D,IW,DV,VV+VH,2026-07-20 22:31:58,2026-07-20 22:32:23,3763,47,DESCENDING,aws:sentinel-s1-l1c,GRD/2026/7/20/IW/DV/S1D_IW_GRDH_1SDV_20260720T223158_20260720T223223_003763_006C12_307C,30594.3,0.008,2026-07-04,2026-10-02
S1D_IW_GRDH_1SDV_20260720T223223_20260720T223248_003763_006C12_AEDA,SENTINEL-1D,S1D,IW,DV,VV+VH,2026-07-20 22:32:23,2026-07-20 22:32:48,3763,47,DESCENDING,aws:sentinel-s1-l1c,GRD/2026/7/20/IW/DV/S1D_IW_GRDH_1SDV_20260720T223223_20260720T223248_003763_006C12_AEDA,1666.0,0.0,2026-07-04,2026-10-02
S1C_IW_GRDH_1SDV_20260721T100533_20260721T100558_008640_0111E9_1650,SENTINEL-1C,S1C,IW,DV,VV+VH,2026-07-21 10:05:33,2026-07-21 10:05:58,8640,142,ASCENDING,aws:sentinel-s1-l1c,GRD/2026/7/21/IW/DV/S1C_IW_GRDH_1SDV_20260721T100533_20260721T100558_008640_0111E9_1650,10135.5,0.003,2026-07-04,2026-10-02
S1C_IW_GRDH_1SDV_20260721T100558_20260721T100623_008640_0111E9_79D0,SENTINEL-1C,S1C,IW,DV,VV+VH,2026-07-21 10:05:58,2026-07-21 10:06:23,8640,142,ASCENDING,aws:sentinel-s1-l1c,GRD/2026/7/21/IW/DV/S1C_IW_GRDH_1SDV_20260721T100558_20260721T100623_008640_0111E9_79D0,11625.8,0.003,2026-07-04,2026-10-02
S1C_IW_GRDH_1SDV_20260721T100623_20260721T100648_008640_0111E9_B9E5,SENTINEL-1C,S1C,IW,DV,VV+VH,2026-07-21 10:06:23,2026-07-21 10:06:48,8640,142,ASCENDING,aws:sentinel-s1-l1c,GRD/2026/7/21/IW/DV/S1C_IW_GRDH_1SDV_20260721T100623_20260721T100648_008640_0111E9_B9E5,11503.5,0.003,2026-07-04,2026-10-02
S1C_IW_GRDH_1SDV_20260721T100648_20260721T100720_008640_0111E9_8914,SENTINEL-1C,S1C,IW,DV,VV+VH,2026-07-21 10:06:48,2026-07-21 10:07:20,8640,142,ASCENDING,aws:sentinel-s1-l1c,GRD/2026/7/21/IW/DV/S1C_IW_GRDH_1SDV_20260721T100648_20260721T100720_008640_0111E9_8914,35405.2,0.01,2026-07-04,2026-10-02
S1D_IW_GRDH_1SDV_20260721T105435_20260721T105505_003771_006C51_5743,SENTINEL-1D,S1D,IW,DV,VV+VH,2026-07-21 10:54:35,2026-07-21 10:55:05,3771,55,ASCENDING,aws:sentinel-s1-l1c,GRD/2026/7/21/IW/DV/S1D_IW_GRDH_1SDV_20260721T105435_20260721T105505_003771_006C51_5743,34614.3,0.009,2026-07-04,2026-10-02
S1D_IW_GRDH_1SDV_20260721T105435_20260721T105505_003771_006C51_838B,SENTINEL-1D,S1D,IW,DV,VV+VH,2026-07-21 10:54:35,2026-07-21 10:55:05,3771,55,ASCENDING,aws:sentinel-s1-l1c,GRD/2026/7/21/IW/DV/S1D_IW_GRDH_1SDV_20260721T105435_20260721T105505_003771_006C51_838B,34611.8,0.009,2026-07-04,2026-10-02
S1D_IW_GRDH_1SDV_20260721T105505_20260721T105530_003771_006C51_A076,SENTINEL-1D,S1D,IW,DV,VV+VH,2026-07-21 10:55:05,2026-07-21 10:55:30,3771,55,ASCENDING,aws:sentinel-s1-l1c,GRD/2026/7/21/IW/DV/S1D_IW_GRDH_1SDV_20260721T105505_20260721T105530_003771_006C51_A076,15543.2,0.004,2026-07-04,2026-10-02
S1D_IW_GRDH_1SDV_20260721T105505_20260721T105530_003771_006C51_F897,SENTINEL-1D,S1D,IW,DV,VV+VH,2026-07-21 10:55:05,2026-07-21 10:55:30,3771,55,ASCENDING,aws:sentinel-s1-l1c,GRD/2026/7/21/IW/DV/S1D_IW_GRDH_1SDV_20260721T105505_20260721T105530_003771_006C51_F897,15542.5,0.004,2026-07-04,2026-10-02
S1D_IW_GRDH_1SDV_20260721T105530_20260721T105555_003771_006C51_2E5D,SENTINEL-1D,S1D,IW,DV,VV+VH,2026-07-21 10:55:30,2026-07-21 10:55:55,3771,55,ASCENDING,aws:sentinel-s1-l1c,GRD/2026/7/21/IW/DV/S1D_IW_GRDH_1SDV_20260721T105530_20260721T105555_003771_006C51_2E5D,14006.2,0.004,2026-07-04,2026-10-02
S1D_IW_GRDH_1SDV_20260721T105530_20260721T105555_003771_006C51_5DBA,SENTINEL-1D,S1D,IW,DV,VV+VH,2026-07-21 10:55:30,2026-07-21 10:55:55,3771,55,ASCENDING,aws:sentinel-s1-l1c,GRD/2026/7/21/IW/DV/S1D_IW_GRDH_1SDV_20260721T105530_20260721T105555_003771_006C51_5DBA,14005.0,0.004,2026-07-04,2026-10-02
S1D_IW_GRDH_1SDV_20260721T105555_20260721T105620_003771_006C51_9B5C,SENTINEL-1D,S1D,IW,DV,VV+VH,2026-07-21 10:55:55,2026-07-21 10:56:20,3771,55,ASCENDING,aws:sentinel-s1-l1c,GRD/2026/7/21/IW/DV/S1D_IW_GRDH_1SDV_20260721T105555_20260721T105620_003771_006C51_9B5C,24096.3,0.007,2026-07-04,2026-10-02
S1D_IW_GRDH_1SDV_20260721T105555_20260721T105620_003771_006C51_BCF7,SENTINEL-1D,S1D,IW,DV,VV+VH,2026-07-21 10:55:55,2026-07-21 10:56:20,3771,55,ASCENDING,aws:sentinel-s1-l1c,GRD/2026/7/21/IW/DV/S1D_IW_GRDH_1SDV_20260721T105555_20260721T105620_003771_006C51_BCF7,24095.9,0.007,2026-07-04,2026-10-02
S1D_IW_GRDH_1SDV_20260721T105620_20260721T105645_003771_006C51_4C85,SENTINEL-1D,S1D,IW,DV,VV+VH,2026-07-21 10:56:20,2026-07-21 10:56:45,3771,55,ASCENDING,aws:sentinel-s1-l1c,GRD/2026/7/21/IW/DV/S1D_IW_GRDH_1SDV_20260721T105620_20260721T105645_003771_006C51_4C85,40869.8,0.011,2026-07-04,2026-10-02
S1D_IW_GRDH_1SDV_20260721T105620_20260721T105645_003771_006C51_997B,SENTINEL-1D,S1D,IW,DV,VV+VH,2026-07-21 10:56:20,2026-07-21 10:56:45,3771,55,ASCENDING,aws:sentinel-s1-l1c,GRD/2026/7/21/IW/DV/S1D_IW_GRDH_1SDV_20260721T105620_20260721T105645_003771_006C51_997B,40872.6,0.011,2026-07-04,2026-10-02
S1D_IW_GRDH_1SDV_20260721T105645_20260721T105710_003771_006C51_4108,SENTINEL-1D,S1D,IW,DV,VV+VH,2026-07-21 10:56:45,2026-07-21 10:57:10,3771,55,ASCENDING,aws:sentinel-s1-l1c,GRD/2026/7/21/IW/DV/S1D_IW_GRDH_1SDV_20260721T105645_20260721T105710_003771_006C51_4108,38995.1,0.011,2026-07-04,2026-10-02
S1D_IW_GRDH_1SDV_20260721T105645_20260721T105710_003771_006C51_A436,SENTINEL-1D,S1D,IW,DV,VV+VH,2026-07-21 10:56:45,2026-07-21 10:57:10,3771,55,ASCENDING,aws:sentinel-s1-l1c,GRD/2026/7/21/IW/DV/S1D_IW_GRDH_1SDV_20260721T105645_20260721T105710_003771_006C51_A436,39000.1,0.011,2026-07-04,2026-10-02
S1D_IW_GRDH_1SDV_20260721T105710_20260721T105735_003771_006C51_BB35,SENTINEL-1D,S1D,IW,DV,VV+VH,2026-07-21 10:57:10,2026-07-21 10:57:35,3771,55,ASCENDING,aws:sentinel-s1-l1c,GRD/2026/7/21/IW/DV/S1D_IW_GRDH_1SDV_20260721T105710_20260721T105735_003771_006C51_BB35,36131.9,0.01,2026-07-04,2026-10-02
S1D_IW_GRDH_1SDV_20260721T105710_20260721T105735_003771_006C51_DD83,SENTINEL-1D,S1D,IW,DV,VV+VH,2026-07-21 10:57:10,2026-07-21 10:57:35,3771,55,ASCENDING,aws:sentinel-s1-l1c,GRD/2026/7/21/IW/DV/S1D_IW_GRDH_1SDV_20260721T105710_20260721T105735_003771_006C51_DD83,36133.9,0.01,2026-07-04,2026-10-02
S1D_IW_GRDH_1SDV_20260721T105735_20260721T105800_003771_006C51_79FF,SENTINEL-1D,S1D,IW,DV,VV+VH,2026-07-21 10:57:35,2026-07-21 10:58:00,3771,55,ASCENDING,aws:sentinel-s1-l1c,GRD/2026/7/21/IW/DV/S1D_IW_GRDH_1SDV_20260721T105735_20260721T105800_003771_006C51_79FF,1041.4,0.0,2026-07-04,2026-10-02
S1D_IW_GRDH_1SDV_20260721T105735_20260721T105800_003771_006C51_DBD9,SENTINEL-1D,S1D,IW,DV,VV+VH,2026-07-21 10:57:35,2026-07-21 10:58:00,3771,55,ASCENDING,aws:sentinel-s1-l1c,GRD/2026/7/21/IW/DV/S1D_IW_GRDH_1SDV_20260721T105735_20260721T105800_003771_006C51_DBD9,1041.4,0.0,2026-07-04,2026-10-02
S1D_IW_GRDH_1SDV_20260721T230838_20260721T230903_003778_006C8D_7CA0,SENTINEL-1D,S1D,IW,DV,VV+VH,2026-07-21 23:08:38,2026-07-21 23:09:03,3778,62,DESCENDING,aws:sentinel-s1-l1c,GRD/2026/7/21/IW/DV/S1D_IW_GRDH_1SDV_20260721T230838_20260721T230903_003778_006C8D_7CA0,3323.6,0.001,2026-07-04,2026-10-02
S1D_IW_GRDH_1SDV_20260721T230903_20260721T230928_003778_006C8D_EA04,SENTINEL-1D,S1D,IW,DV,VV+VH,2026-07-21 23:09:03,2026-07-21 23:09:28,3778,62,DESCENDING,aws:sentinel-s1-l1c,GRD/2026/7/21/IW/DV/S1D_IW_GRDH_1SDV_20260721T230903_20260721T230928_003778_006C8D_EA04,20457.4,0.006,2026-07-04,2026-10-02
S1D_IW_GRDH_1SDV_20260721T230928_20260721T230953_003778_006C8D_079C,SENTINEL-1D,S1D,IW,DV,VV+VH,2026-07-21 23:09:28,2026-07-21 23:09:53,3778,62,DESCENDING,aws:sentinel-s1-l1c,GRD/2026/7/21/IW/DV/S1D_IW_GRDH_1SDV_20260721T230928_20260721T230953_003778_006C8D_079C,25829.7,0.007,2026-07-04,2026-10-02
S1D_IW_GRDH_1SDV_20260721T230953_20260721T231018_003778_006C8D_75B9,SENTINEL-1D,S1D,IW,DV,VV+VH,2026-07-21 23:09:53,2026-07-21 23:10:18,3778,62,DESCENDING,aws:sentinel-s1-l1c,GRD/2026/7/21/IW/DV/S1D_IW_GRDH_1SDV_20260721T230953_20260721T231018_003778_006C8D_75B9,20019.9,0.005,2026-07-04,2026-10-02
S1D_IW_GRDH_1SDV_20260721T231018_20260721T231043_003778_006C8D_8A2C,SENTINEL-1D,S1D,IW,DV,VV+VH,2026-07-21 23:10:18,2026-07-21 23:10:43,3778,62,DESCENDING,aws:sentinel-s1-l1c,GRD/2026/7/21/IW/DV/S1D_IW_GRDH_1SDV_20260721T231018_20260721T231043_003778_006C8D_8A2C,569.3,0.0,2026-07-04,2026-10-02
S1D_IW_GRDH_1SDV_20260722T100004_20260722T100033_003785_006CCE_8176,SENTINEL-1D,S1D,IW,DV,VV+VH,2026-07-22 10:00:04,2026-07-22 10:00:33,3785,69,ASCENDING,aws:sentinel-s1-l1c,GRD/2026/7/22/IW/DV/S1D_IW_GRDH_1SDV_20260722T100004_20260722T100033_003785_006CCE_8176,4726.3,0.001,2026-07-04,2026-10-02
S1C_IW_GRDH_1SDV_20260722T104813_20260722T104843_008655_01126A_8F88,SENTINEL-1C,S1C,IW,DV,VV+VH,2026-07-22 10:48:13,2026-07-22 10:48:43,8655,157,ASCENDING,aws:sentinel-s1-l1c,GRD/2026/7/22/IW/DV/S1C_IW_GRDH_1SDV_20260722T104813_20260722T104843_008655_01126A_8F88,15700.9,0.004,2026-07-04,2026-10-02
S1C_IW_GRDH_1SDV_20260722T104843_20260722T104916_008655_01126A_28CC,SENTINEL-1C,S1C,IW,DV,VV+VH,2026-07-22 10:48:43,2026-07-22 10:49:16,8655,157,ASCENDING,aws:sentinel-s1-l1c,GRD/2026/7/22/IW/DV/S1C_IW_GRDH_1SDV_20260722T104843_20260722T104916_008655_01126A_28CC,35843.2,0.01,2026-07-04,2026-10-02
S1D_IW_GRDH_1SDV_20260722T113433_20260722T113458_003786_006CD7_1CE4,SENTINEL-1D,S1D,IW,DV,VV+VH,2026-07-22 11:34:33,2026-07-22 11:34:58,3786,70,ASCENDING,aws:sentinel-s1-l1c,GRD/2026/7/22/IW/DV/S1D_IW_GRDH_1SDV_20260722T113433_20260722T113458_003786_006CD7_1CE4,6445.4,0.002,2026-07-04,2026-10-02
S1D_IW_GRDH_1SDV_20260722T113458_20260722T113523_003786_006CD7_B410,SENTINEL-1D,S1D,IW,DV,VV+VH,2026-07-22 11:34:58,2026-07-22 11:35:23,3786,70,ASCENDING,aws:sentinel-s1-l1c,GRD/2026/7/22/IW/DV/S1D_IW_GRDH_1SDV_20260722T113458_20260722T113523_003786_006CD7_B410,12219.2,0.003,2026-07-04,2026-10-02
S1D_IW_GRDH_1SDV_20260722T113523_20260722T113548_003786_006CD7_1515,SENTINEL-1D,S1D,IW,DV,VV+VH,2026-07-22 11:35:23,2026-07-22 11:35:48,3786,70,ASCENDING,aws:sentinel-s1-l1c,GRD/2026/7/22/IW/DV/S1D_IW_GRDH_1SDV_20260722T113523_20260722T113548_003786_006CD7_1515,22887.6,0.006,2026-07-04,2026-10-02
S1D_IW_GRDH_1SDV_20260722T113548_20260722T113613_003786_006CD7_3A69,SENTINEL-1D,S1D,IW,DV,VV+VH,2026-07-22 11:35:48,2026-07-22 11:36:13,3786,70,ASCENDING,aws:sentinel-s1-l1c,GRD/2026/7/22/IW/DV/S1D_IW_GRDH_1SDV_20260722T113548_20260722T113613_003786_006CD7_3A69,8135.1,0.002,2026-07-04,2026-10-02
S1D_IW_GRDH_1SDV_20260722T221341_20260722T221410_003792_006D15_51E2,SENTINEL-1D,S1D,IW,DV,VV+VH,2026-07-22 22:13:41,2026-07-22 22:14:10,3792,76,DESCENDING,aws:sentinel-s1-l1c,GRD/2026/7/22/IW/DV/S1D_IW_GRDH_1SDV_20260722T221341_20260722T221410_003792_006D15_51E2,43509.5,0.012,2026-07-04,2026-10-02
S1D_IW_GRDH_1SDV_20260722T221410_20260722T221435_003792_006D15_E1ED,SENTINEL-1D,S1D,IW,DV,VV+VH,2026-07-22 22:14:10,2026-07-22 22:14:35,3792,76,DESCENDING,aws:sentinel-s1-l1c,GRD/2026/7/22/IW/DV/S1D_IW_GRDH_1SDV_20260722T221410_20260722T221435_003792_006D15_E1ED,12338.4,0.003,2026-07-04,2026-10-02
S1D_IW_GRDH_1SDV_20260722T221435_20260722T221500_003792_006D15_9739,SENTINEL-1D,S1D,IW,DV,VV+VH,2026-07-22 22:14:35,2026-07-22 22:15:00,3792,76,DESCENDING,aws:sentinel-s1-l1c,GRD/2026/7/22/IW/DV/S1D_IW_GRDH_1SDV_20260722T221435_20260722T221500_003792_006D15_9739,636.3,0.0,2026-07-04,2026-10-02
S1D_IW_GRDH_1SDV_20260722T221550_20260722T221615_003792_006D15_BAF2,SENTINEL-1D,S1D,IW,DV,VV+VH,2026-07-22 22:15:50,2026-07-22 22:16:15,3792,76,DESCENDING,aws:sentinel-s1-l1c,GRD/2026/7/22/IW/DV/S1D_IW_GRDH_1SDV_20260722T221550_20260722T221615_003792_006D15_BAF2,520.7,0.0,2026-07-04,2026-10-02
S1C_IW_GRDH_1SDV_20260722T230035_20260722T230100_008662_0112A8_BE77,SENTINEL-1C,S1C,IW,DV,VV+VH,2026-07-22 23:00:35,2026-07-22 23:01:00,8662,164,DESCENDING,aws:sentinel-s1-l1c,GRD/2026/7/22/IW/DV/S1C_IW_GRDH_1SDV_20260722T230035_20260722T230100_008662_0112A8_BE77,12001.4,0.003,2026-07-04,2026-10-02
S1D_IW_GRDH_1SDV_20260723T104029_20260723T104058_003800_006D57_8C02,SENTINEL-1D,S1D,IW,DV,VV+VH,2026-07-23 10:40:29,2026-07-23 10:40:58,3800,84,ASCENDING,aws:sentinel-s1-l1c,GRD/2026/7/23/IW/DV/S1D_IW_GRDH_1SDV_20260723T104029_20260723T104058_003800_006D57_8C02,43145.7,0.012,2026-07-04,2026-10-02
S1D_IW_GRDH_1SDV_20260723T104058_20260723T104123_003800_006D57_88EC,SENTINEL-1D,S1D,IW,DV,VV+VH,2026-07-23 10:40:58,2026-07-23 10:41:23,3800,84,ASCENDING,aws:sentinel-s1-l1c,GRD/2026/7/23/IW/DV/S1D_IW_GRDH_1SDV_20260723T104058_20260723T104123_003800_006D57_88EC,22282.7,0.006,2026-07-04,2026-10-02
S1D_IW_GRDH_1SDV_20260724T111527_20260724T111552_003814_006DD9_2BFA,SENTINEL-1D,S1D,IW,DV,VV+VH,2026-07-24 11:15:27,2026-07-24 11:15:52,3814,98,ASCENDING,aws:sentinel-s1-l1c,GRD/2026/7/24/IW/DV/S1D_IW_GRDH_1SDV_20260724T111527_20260724T111552_003814_006DD9_2BFA,15463.7,0.004,2026-07-04,2026-10-02
S1D_IW_GRDH_1SDV_20260724T111552_20260724T111617_003814_006DD9_2B12,SENTINEL-1D,S1D,IW,DV,VV+VH,2026-07-24 11:15:52,2026-07-24 11:16:17,3814,98,ASCENDING,aws:sentinel-s1-l1c,GRD/2026/7/24/IW/DV/S1D_IW_GRDH_1SDV_20260724T111552_20260724T111617_003814_006DD9_2B12,39651.0,0.011,2026-07-04,2026-10-02
S1D_IW_GRDH_1SDV_20260724T111617_20260724T111642_003814_006DD9_86E4,SENTINEL-1D,S1D,IW,DV,VV+VH,2026-07-24 11:16:17,2026-07-24 11:16:42,3814,98,ASCENDING,aws:sentinel-s1-l1c,GRD/2026/7/24/IW/DV/S1D_IW_GRDH_1SDV_20260724T111617_20260724T111642_003814_006DD9_86E4,41313.9,0.011,2026-07-04,2026-10-02
S1D_IW_GRDH_1SDV_20260724T111642_20260724T111707_003815_006DD9_7D61,SENTINEL-1D,S1D,IW,DV,VV+VH,2026-07-24 11:16:42,2026-07-24 11:17:07,3815,99,ASCENDING,aws:sentinel-s1-l1c,GRD/2026/7/24/IW/DV/S1D_IW_GRDH_1SDV_20260724T111642_20260724T111707_003815_006DD9_7D61,38429.3,0.011,2026-07-04,2026-10-02
S1D_IW_GRDH_1SDV_20260724T111707_20260724T111732_003815_006DD9_6C44,SENTINEL-1D,S1D,IW,DV,VV+VH,2026-07-24 11:17:07,2026-07-24 11:17:32,3815,99,ASCENDING,aws:sentinel-s1-l1c,GRD/2026/7/24/IW/DV/S1D_IW_GRDH_1SDV_20260724T111707_20260724T111732_003815_006DD9_6C44,42731.0,0.012,2026-07-04,2026-10-02
S1D_IW_GRDH_1SDV_20260724T111732_20260724T111757_003815_006DD9_E643,SENTINEL-1D,S1D,IW,DV,VV+VH,2026-07-24 11:17:32,2026-07-24 11:17:57,3815,99,ASCENDING,aws:sentinel-s1-l1c,GRD/2026/7/24/IW/DV/S1D_IW_GRDH_1SDV_20260724T111732_20260724T111757_003815_006DD9_E643,42059.9,0.012,2026-07-04,2026-10-02
S1D_IW_GRDH_1SDV_20260724T111757_20260724T111822_003815_006DD9_97AD,SENTINEL-1D,S1D,IW,DV,VV+VH,2026-07-24 11:17:57,2026-07-24 11:18:22,3815,99,ASCENDING,aws:sentinel-s1-l1c,GRD/2026/7/24/IW/DV/S1D_IW_GRDH_1SDV_20260724T111757_20260724T111822_003815_006DD9_97AD,42776.5,0.012,2026-07-04,2026-10-02
S1D_IW_GRDH_1SDV_20260724T111822_20260724T111847_003815_006DD9_C6AA,SENTINEL-1D,S1D,IW,DV,VV+VH,2026-07-24 11:18:22,2026-07-24 11:18:47,3815,99,ASCENDING,aws:sentinel-s1-l1c,GRD/2026/7/24/IW/DV/S1D_IW_GRDH_1SDV_20260724T111822_20260724T111847_003815_006DD9_C6AA,42704.0,0.012,2026-07-04,2026-10-02
S1D_IW_GRDH_1SDV_20260724T111847_20260724T111912_003815_006DD9_F65B,SENTINEL-1D,S1D,IW,DV,VV+VH,2026-07-24 11:18:47,2026-07-24 11:19:12,3815,99,ASCENDING,aws:sentinel-s1-l1c,GRD/2026/7/24/IW/DV/S1D_IW_GRDH_1SDV_20260724T111847_20260724T111912_003815_006DD9_F65B,42329.3,0.012,2026-07-04,2026-10-02
S1D_IW_GRDH_1SDV_20260724T111912_20260724T111937_003815_006DD9_1BE1,SENTINEL-1D,S1D,IW,DV,VV+VH,2026-07-24 11:19:12,2026-07-24 11:19:37,3815,99,ASCENDING,aws:sentinel-s1-l1c,GRD/2026/7/24/IW/DV/S1D_IW_GRDH_1SDV_20260724T111912_20260724T111937_003815_006DD9_1BE1,25636.7,0.007,2026-07-04,2026-10-02
S1D_IW_GRDH_1SDV_20260724T111937_20260724T112002_003815_006DD9_8019,SENTINEL-1D,S1D,IW,DV,VV+VH,2026-07-24 11:19:37,2026-07-24 11:20:02,3815,99,ASCENDING,aws:sentinel-s1-l1c,GRD/2026/7/24/IW/DV/S1D_IW_GRDH_1SDV_20260724T111937_20260724T112002_003815_006DD9_8019,8711.2,0.002,2026-07-04,2026-10-02
S1D_IW_GRDH_1SDV_20260724T215328_20260724T215357_003821_006E11_AE86,SENTINEL-1D,S1D,IW,DV,VV+VH,2026-07-24 21:53:28,2026-07-24 21:53:57,3821,105,DESCENDING,aws:sentinel-s1-l1c,GRD/2026/7/24/IW/DV/S1D_IW_GRDH_1SDV_20260724T215328_20260724T215357_003821_006E11_AE86,42550.9,0.012,2026-07-04,2026-10-02
S1D_IW_GRDH_1SDV_20260724T215357_20260724T215422_003821_006E11_14CD,SENTINEL-1D,S1D,IW,DV,VV+VH,2026-07-24 21:53:57,2026-07-24 21:54:22,3821,105,DESCENDING,aws:sentinel-s1-l1c,GRD/2026/7/24/IW/DV/S1D_IW_GRDH_1SDV_20260724T215357_20260724T215422_003821_006E11_14CD,38378.2,0.011,2026-07-04,2026-10-02
S1D_IW_GRDH_1SDV_20260724T215422_20260724T215436_003821_006E11_3A1A,SENTINEL-1D,S1D,IW,DV,VV+VH,2026-07-24 21:54:22,2026-07-24 21:54:36,3821,105,DESCENDING,aws:sentinel-s1-l1c,GRD/2026/7/24/IW/DV/S1D_IW_GRDH_1SDV_20260724T215422_20260724T215436_003821_006E11_3A1A,20370.6,0.006,2026-07-04,2026-10-02
S1D_IW_GRDH_1SDV_20260724T215515_20260724T215544_003821_006E12_FEC9,SENTINEL-1D,S1D,IW,DV,VV+VH,2026-07-24 21:55:15,2026-07-24 21:55:44,3821,105,DESCENDING,aws:sentinel-s1-l1c,GRD/2026/7/24/IW/DV/S1D_IW_GRDH_1SDV_20260724T215515_20260724T215544_003821_006E12_FEC9,48344.3,0.013,2026-07-04,2026-10-02
S1D_IW_GRDH_1SDV_20260724T215544_20260724T215609_003821_006E12_9BE2,SENTINEL-1D,S1D,IW,DV,VV+VH,2026-07-24 21:55:44,2026-07-24 21:56:09,3821,105,DESCENDING,aws:sentinel-s1-l1c,GRD/2026/7/24/IW/DV/S1D_IW_GRDH_1SDV_20260724T215544_20260724T215609_003821_006E12_9BE2,31235.8,0.009,2026-07-04,2026-10-02
S1D_IW_GRDH_1SDV_20260724T215609_20260724T215634_003821_006E12_6399,SENTINEL-1D,S1D,IW,DV,VV+VH,2026-07-24 21:56:09,2026-07-24 21:56:34,3821,105,DESCENDING,aws:sentinel-s1-l1c,GRD/2026/7/24/IW/DV/S1D_IW_GRDH_1SDV_20260724T215609_20260724T215634_003821_006E12_6399,13325.3,0.004,2026-07-04,2026-10-02
S1D_IW_GRDH_1SDV_20260724T215634_20260724T215659_003821_006E12_47D6,SENTINEL-1D,S1D,IW,DV,VV+VH,2026-07-24 21:56:34,2026-07-24 21:56:59,3821,105,DESCENDING,aws:sentinel-s1-l1c,GRD/2026/7/24/IW/DV/S1D_IW_GRDH_1SDV_20260724T215634_20260724T215659_003821_006E12_47D6,7660.7,0.002,2026-07-04,2026-10-02
S1D_IW_GRDH_1SDV_20260724T215659_20260724T215724_003821_006E12_E8BC,SENTINEL-1D,S1D,IW,DV,VV+VH,2026-07-24 21:56:59,2026-07-24 21:57:24,3821,105,DESCENDING,aws:sentinel-s1-l1c,GRD/2026/7/24/IW/DV/S1D_IW_GRDH_1SDV_20260724T215659_20260724T215724_003821_006E12_E8BC,291.7,0.0,2026-07-04,2026-10-02
S1C_IW_GRDH_1SDV_20260724T224252_20260724T224321_008691_01138D_D97B,SENTINEL-1C,S1C,IW,DV,VV+VH,2026-07-24 22:42:52,2026-07-24 22:43:21,8691,18,DESCENDING,aws:sentinel-s1-l1c,GRD/2026/7/24/IW/DV/S1C_IW_GRDH_1SDV_20260724T224252_20260724T224321_008691_01138D_D97B,19046.9,0.005,2026-07-04,2026-10-02
S1C_IW_GRDH_1SDV_20260724T224436_20260724T224501_008691_01138D_E993,SENTINEL-1C,S1C,IW,DV,VV+VH,2026-07-24 22:44:36,2026-07-24 22:45:01,8691,18,DESCENDING,aws:sentinel-s1-l1c,GRD/2026/7/24/IW/DV/S1C_IW_GRDH_1SDV_20260724T224436_20260724T224501_008691_01138D_E993,1106.0,0.0,2026-07-04,2026-10-02
S1D_IW_GRDH_1SDV_20260725T102432_20260725T102501_003829_006E57_7900,SENTINEL-1D,S1D,IW,DV,VV+VH,2026-07-25 10:24:32,2026-07-25 10:25:01,3829,113,ASCENDING,aws:sentinel-s1-l1c,GRD/2026/7/25/IW/DV/S1D_IW_GRDH_1SDV_20260725T102432_20260725T102501_003829_006E57_7900,47703.5,0.013,2026-07-04,2026-10-02
S1D_IW_GRDH_1SDV_20260725T102501_20260725T102526_003829_006E57_0F00,SENTINEL-1D,S1D,IW,DV,VV+VH,2026-07-25 10:25:01,2026-07-25 10:25:26,3829,113,ASCENDING,aws:sentinel-s1-l1c,GRD/2026/7/25/IW/DV/S1D_IW_GRDH_1SDV_20260725T102501_20260725T102526_003829_006E57_0F00,3842.0,0.001,2026-07-04,2026-10-02
S1C_IW_GRDH_1SDV_20260725T111044_20260725T111113_008699_0113D1_E182,SENTINEL-1C,S1C,IW,DV,VV+VH,2026-07-25 11:10:44,2026-07-25 11:11:13,8699,26,ASCENDING,aws:sentinel-s1-l1c,GRD/2026/7/25/IW/DV/S1C_IW_GRDH_1SDV_20260725T111044_20260725T111113_008699_0113D1_E182,1740.7,0.0,2026-07-04,2026-10-02
S1C_IW_GRDH_1SDV_20260725T214440_20260725T214510_008705_011406_137B,SENTINEL-1C,S1C,IW,DV,VV+VH,2026-07-25 21:44:40,2026-07-25 21:45:10,8705,32,DESCENDING,aws:sentinel-s1-l1c,GRD/2026/7/25/IW/DV/S1C_IW_GRDH_1SDV_20260725T214440_20260725T214510_008705_011406_137B,29183.9,0.008,2026-07-04,2026-10-02
S1C_IW_GRDH_1SDV_20260725T214510_20260725T214535_008705_011406_2075,SENTINEL-1C,S1C,IW,DV,VV+VH,2026-07-25 21:45:10,2026-07-25 21:45:35,8705,32,DESCENDING,aws:sentinel-s1-l1c,GRD/2026/7/25/IW/DV/S1C_IW_GRDH_1SDV_20260725T214510_20260725T214535_008705_011406_2075,617.6,0.0,2026-07-04,2026-10-02
S1C_IW_GRDH_1SDV_20260725T214535_20260725T214600_008705_011406_AD23,SENTINEL-1C,S1C,IW,DV,VV+VH,2026-07-25 21:45:35,2026-07-25 21:46:00,8705,32,DESCENDING,aws:sentinel-s1-l1c,GRD/2026/7/25/IW/DV/S1C_IW_GRDH_1SDV_20260725T214535_20260725T214600_008705_011406_AD23,1683.3,0.0,2026-07-04,2026-10-02
S1C_IW_GRDH_1SDV_20260725T214600_20260725T214625_008705_011406_CFD7,SENTINEL-1C,S1C,IW,DV,VV+VH,2026-07-25 21:46:00,2026-07-25 21:46:25,8705,32,DESCENDING,aws:sentinel-s1-l1c,GRD/2026/7/25/IW/DV/S1C_IW_GRDH_1SDV_20260725T214600_20260725T214625_008705_011406_CFD7,12009.7,0.003,2026-07-04,2026-10-02
S1C_IW_GRDH_1SDV_20260725T214625_20260725T214655_008705_011406_2C8C,SENTINEL-1C,S1C,IW,DV,VV+VH,2026-07-25 21:46:25,2026-07-25 21:46:55,8705,32,DESCENDING,aws:sentinel-s1-l1c,GRD/2026/7/25/IW/DV/S1C_IW_GRDH_1SDV_20260725T214625_20260725T214655_008705_011406_2C8C,23117.6,0.006,2026-07-04,2026-10-02
S1D_IW_GRDH_1SDV_20260725T223518_20260725T223547_003836_006E99_D064,SENTINEL-1D,S1D,IW,DV,VV+VH,2026-07-25 22:35:18,2026-07-25 22:35:47,3836,120,DESCENDING,aws:sentinel-s1-l1c,GRD/2026/7/25/IW/DV/S1D_IW_GRDH_1SDV_20260725T223518_20260725T223547_003836_006E99_D064,26254.8,0.007,2026-07-04,2026-10-02
S1D_IW_GRDH_1SDV_20260725T223547_20260725T223612_003836_006E99_09ED,SENTINEL-1D,S1D,IW,DV,VV+VH,2026-07-25 22:35:47,2026-07-25 22:36:12,3836,120,DESCENDING,aws:sentinel-s1-l1c,GRD/2026/7/25/IW/DV/S1D_IW_GRDH_1SDV_20260725T223547_20260725T223612_003836_006E99_09ED,6856.3,0.002,2026-07-04,2026-10-02
S1D_IW_GRDH_1SDV_20260725T223612_20260725T223637_003836_006E99_EDFE,SENTINEL-1D,S1D,IW,DV,VV+VH,2026-07-25 22:36:12,2026-07-25 22:36:37,3836,120,DESCENDING,aws:sentinel-s1-l1c,GRD/2026/7/25/IW/DV/S1D_IW_GRDH_1SDV_20260725T223612_20260725T223637_003836_006E99_EDFE,2491.3,0.001,2026-07-04,2026-10-02
S1D_IW_GRDH_1SDV_20260725T223637_20260725T223705_003836_006E99_FFF2,SENTINEL-1D,S1D,IW,DV,VV+VH,2026-07-25 22:36:37,2026-07-25 22:37:05,3836,120,DESCENDING,aws:sentinel-s1-l1c,GRD/2026/7/25/IW/DV/S1D_IW_GRDH_1SDV_20260725T223637_20260725T223705_003836_006E99_FFF2,23487.6,0.006,2026-07-04,2026-10-02
S1D_IW_GRDH_1SDV_20260726T110236_20260726T110305_003844_006ED6_818E,SENTINEL-1D,S1D,IW,DV,VV+VH,2026-07-26 11:02:36,2026-07-26 11:03:05,3844,128,ASCENDING,aws:sentinel-s1-l1c,GRD/2026/7/26/IW/DV/S1D_IW_GRDH_1SDV_20260726T110236_20260726T110305_003844_006ED6_818E,20119.4,0.006,2026-07-04,2026-10-02
S1D_IW_GRDH_1SDV_20260726T110420_20260726T110445_003844_006ED6_07CB,SENTINEL-1D,S1D,IW,DV,VV+VH,2026-07-26 11:04:20,2026-07-26 11:04:45,3844,128,ASCENDING,aws:sentinel-s1-l1c,GRD/2026/7/26/IW/DV/S1D_IW_GRDH_1SDV_20260726T110420_20260726T110445_003844_006ED6_07CB,3772.9,0.001,2026-07-04,2026-10-02
S1D_IW_GRDH_1SDV_20260726T110445_20260726T110510_003844_006ED6_8951,SENTINEL-1D,S1D,IW,DV,VV+VH,2026-07-26 11:04:45,2026-07-26 11:05:10,3844,128,ASCENDING,aws:sentinel-s1-l1c,GRD/2026/7/26/IW/DV/S1D_IW_GRDH_1SDV_20260726T110445_20260726T110510_003844_006ED6_8951,17056.9,0.005,2026-07-04,2026-10-02
S1D_IW_GRDH_1SDV_20260726T110510_20260726T110535_003844_006ED6_C179,SENTINEL-1D,S1D,IW,DV,VV+VH,2026-07-26 11:05:10,2026-07-26 11:05:35,3844,128,ASCENDING,aws:sentinel-s1-l1c,GRD/2026/7/26/IW/DV/S1D_IW_GRDH_1SDV_20260726T110510_20260726T110535_003844_006ED6_C179,11943.0,0.003,2026-07-04,2026-10-02
S1D_IW_GRDH_1SDV_20260727T222223_20260727T222252_003865_006F93_AA3E,SENTINEL-1D,S1D,IW,DV,VV+VH,2026-07-27 22:22:23,2026-07-27 22:22:52,3865,149,DESCENDING,aws:sentinel-s1-l1c,GRD/2026/7/27/IW/DV/S1D_IW_GRDH_1SDV_20260727T222223_20260727T222252_003865_006F93_AA3E,43946.1,0.012,2026-07-04,2026-10-02
S1D_IW_GRDH_1SDV_20260727T222252_20260727T222317_003865_006F93_E4B9,SENTINEL-1D,S1D,IW,DV,VV+VH,2026-07-27 22:22:52,2026-07-27 22:23:17,3865,149,DESCENDING,aws:sentinel-s1-l1c,GRD/2026/7/27/IW/DV/S1D_IW_GRDH_1SDV_20260727T222252_20260727T222317_003865_006F93_E4B9,3099.3,0.001,2026-07-04,2026-10-02
S1D_IW_GRDH_1SDV_20260727T222317_20260727T222342_003865_006F93_7FC2,SENTINEL-1D,S1D,IW,DV,VV+VH,2026-07-27 22:23:17,2026-07-27 22:23:42,3865,149,DESCENDING,aws:sentinel-s1-l1c,GRD/2026/7/27/IW/DV/S1D_IW_GRDH_1SDV_20260727T222317_20260727T222342_003865_006F93_7FC2,14857.7,0.004,2026-07-04,2026-10-02
S1D_IW_GRDH_1SDV_20260727T222342_20260727T222407_003865_006F93_D0C1,SENTINEL-1D,S1D,IW,DV,VV+VH,2026-07-27 22:23:42,2026-07-27 22:24:07,3865,149,DESCENDING,aws:sentinel-s1-l1c,GRD/2026/7/27/IW/DV/S1D_IW_GRDH_1SDV_20260727T222342_20260727T222407_003865_006F93_D0C1,35866.5,0.01,2026-07-04,2026-10-02
S1D_IW_GRDH_1SDV_20260727T222407_20260727T222432_003865_006F93_EF16,SENTINEL-1D,S1D,IW,DV,VV+VH,2026-07-27 22:24:07,2026-07-27 22:24:32,3865,149,DESCENDING,aws:sentinel-s1-l1c,GRD/2026/7/27/IW/DV/S1D_IW_GRDH_1SDV_20260727T222407_20260727T222432_003865_006F93_EF16,1942.6,0.001,2026-07-04,2026-10-02
S1C_IW_GRDH_1SDV_20260728T095844_20260728T095909_008742_011531_D55F,SENTINEL-1C,S1C,IW,DV,VV+VH,2026-07-28 09:58:44,2026-07-28 09:59:09,8742,69,ASCENDING,aws:sentinel-s1-l1c,GRD/2026/7/28/IW/DV/S1C_IW_GRDH_1SDV_20260728T095844_20260728T095909_008742_011531_D55F,8412.9,0.002,2026-07-04,2026-10-02
S1C_IW_GRDH_1SDV_20260728T095909_20260728T095923_008742_011531_0D89,SENTINEL-1C,S1C,IW,DV,VV+VH,2026-07-28 09:59:09,2026-07-28 09:59:23,8742,69,ASCENDING,aws:sentinel-s1-l1c,GRD/2026/7/28/IW/DV/S1C_IW_GRDH_1SDV_20260728T095909_20260728T095923_008742_011531_0D89,12653.3,0.003,2026-07-04,2026-10-02
S1C_IW_GRDH_1SDV_20260728T095948_20260728T100018_008742_011532_8927,SENTINEL-1C,S1C,IW,DV,VV+VH,2026-07-28 09:59:48,2026-07-28 10:00:18,8742,69,ASCENDING,aws:sentinel-s1-l1c,GRD/2026/7/28/IW/DV/S1C_IW_GRDH_1SDV_20260728T095948_20260728T100018_008742_011532_8927,6067.4,0.002,2026-07-04,2026-10-02
S1D_IW_GRDH_1SDV_20260728T104830_20260728T104859_003873_006FDA_3243,SENTINEL-1D,S1D,IW,DV,VV+VH,2026-07-28 10:48:30,2026-07-28 10:48:59,3873,157,ASCENDING,aws:sentinel-s1-l1c,GRD/2026/7/28/IW/DV/S1D_IW_GRDH_1SDV_20260728T104830_20260728T104859_003873_006FDA_3243,12855.6,0.004,2026-07-04,2026-10-02
S1D_IW_GRDH_1SDV_20260728T104859_20260728T104924_003873_006FDA_DCF0,SENTINEL-1D,S1D,IW,DV,VV+VH,2026-07-28 10:48:59,2026-07-28 10:49:24,3873,157,ASCENDING,aws:sentinel-s1-l1c,GRD/2026/7/28/IW/DV/S1D_IW_GRDH_1SDV_20260728T104859_20260728T104924_003873_006FDA_DCF0,31203.5,0.009,2026-07-04,2026-10-02
S1D_IW_GRDH_1SDV_20260728T104924_20260728T104949_003873_006FDA_BBAD,SENTINEL-1D,S1D,IW,DV,VV+VH,2026-07-28 10:49:24,2026-07-28 10:49:49,3873,157,ASCENDING,aws:sentinel-s1-l1c,GRD/2026/7/28/IW/DV/S1D_IW_GRDH_1SDV_20260728T104924_20260728T104949_003873_006FDA_BBAD,3774.0,0.001,2026-07-04,2026-10-02
S1D_IW_GRDH_1SDV_20260728T230040_20260728T230105_003880_007015_908C,SENTINEL-1D,S1D,IW,DV,VV+VH,2026-07-28 23:00:40,2026-07-28 23:01:05,3880,164,DESCENDING,aws:sentinel-s1-l1c,GRD/2026/7/28/IW/DV/S1D_IW_GRDH_1SDV_20260728T230040_20260728T230105_003880_007015_908C,3696.8,0.001,2026-07-04,2026-10-02
S1D_IW_GRDH_1SDV_20260728T230105_20260728T230130_003880_007015_328C,SENTINEL-1D,S1D,IW,DV,VV+VH,2026-07-28 23:01:05,2026-07-28 23:01:30,3880,164,DESCENDING,aws:sentinel-s1-l1c,GRD/2026/7/28/IW/DV/S1D_IW_GRDH_1SDV_20260728T230105_20260728T230130_003880_007015_328C,40941.7,0.011,2026-07-04,2026-10-02
S1D_IW_GRDH_1SDV_20260728T230130_20260728T230155_003880_007015_13C2,SENTINEL-1D,S1D,IW,DV,VV+VH,2026-07-28 23:01:30,2026-07-28 23:01:55,3880,164,DESCENDING,aws:sentinel-s1-l1c,GRD/2026/7/28/IW/DV/S1D_IW_GRDH_1SDV_20260728T230130_20260728T230155_003880_007015_13C2,42865.8,0.012,2026-07-04,2026-10-02
S1D_IW_GRDH_1SDV_20260728T230155_20260728T230220_003880_007015_4888,SENTINEL-1D,S1D,IW,DV,VV+VH,2026-07-28 23:01:55,2026-07-28 23:02:20,3880,164,DESCENDING,aws:sentinel-s1-l1c,GRD/2026/7/28/IW/DV/S1D_IW_GRDH_1SDV_20260728T230155_20260728T230220_003880_007015_4888,41398.9,0.011,2026-07-04,2026-10-02
S1D_IW_GRDH_1SDV_20260728T230220_20260728T230245_003880_007015_5AB2,SENTINEL-1D,S1D,IW,DV,VV+VH,2026-07-28 23:02:20,2026-07-28 23:02:45,3880,164,DESCENDING,aws:sentinel-s1-l1c,GRD/2026/7/28/IW/DV/S1D_IW_GRDH_1SDV_20260728T230220_20260728T230245_003880_007015_5AB2,19707.2,0.005,2026-07-04,2026-10-02
S1D_IW_GRDH_1SDV_20260729T112328_20260729T112353_003887_007059_F53D,SENTINEL-1D,S1D,IW,DV,VV+VH,2026-07-29 11:23:28,2026-07-29 11:23:53,3887,171,ASCENDING,aws:sentinel-s1-l1c,GRD/2026/7/29/IW/DV/S1D_IW_GRDH_1SDV_20260729T112328_20260729T112353_003887_007059_F53D,148.2,0.0,2026-07-04,2026-10-02
S1D_IW_GRDH_1SDV_20260729T112353_20260729T112418_003887_007059_0DF0,SENTINEL-1D,S1D,IW,DV,VV+VH,2026-07-29 11:23:53,2026-07-29 11:24:18,3887,171,ASCENDING,aws:sentinel-s1-l1c,GRD/2026/7/29/IW/DV/S1D_IW_GRDH_1SDV_20260729T112353_20260729T112418_003887_007059_0DF0,7049.3,0.002,2026-07-04,2026-10-02
S1D_IW_GRDH_1SDV_20260729T112418_20260729T112443_003887_007059_25C9,SENTINEL-1D,S1D,IW,DV,VV+VH,2026-07-29 11:24:18,2026-07-29 11:24:43,3887,171,ASCENDING,aws:sentinel-s1-l1c,GRD/2026/7/29/IW/DV/S1D_IW_GRDH_1SDV_20260729T112418_20260729T112443_003887_007059_25C9,17737.3,0.005,2026-07-04,2026-10-02
S1D_IW_GRDH_1SDV_20260729T112443_20260729T112508_003887_007059_2B10,SENTINEL-1D,S1D,IW,DV,VV+VH,2026-07-29 11:24:43,2026-07-29 11:25:08,3887,171,ASCENDING,aws:sentinel-s1-l1c,GRD/2026/7/29/IW/DV/S1D_IW_GRDH_1SDV_20260729T112443_20260729T112508_003887_007059_2B10,10243.6,0.003,2026-07-04,2026-10-02
S1D_IW_GRDH_1SDV_20260729T112508_20260729T112533_003888_007059_707C,SENTINEL-1D,S1D,IW,DV,VV+VH,2026-07-29 11:25:08,2026-07-29 11:25:33,3888,172,ASCENDING,aws:sentinel-s1-l1c,GRD/2026/7/29/IW/DV/S1D_IW_GRDH_1SDV_20260729T112508_20260729T112533_003888_007059_707C,6402.3,0.002,2026-07-04,2026-10-02
S1D_IW_GRDH_1SDV_20260729T112533_20260729T112558_003888_007059_87AE,SENTINEL-1D,S1D,IW,DV,VV+VH,2026-07-29 11:25:33,2026-07-29 11:25:58,3888,172,ASCENDING,aws:sentinel-s1-l1c,GRD/2026/7/29/IW/DV/S1D_IW_GRDH_1SDV_20260729T112533_20260729T112558_003888_007059_87AE,4877.0,0.001,2026-07-04,2026-10-02
S1D_IW_GRDH_1SDV_20260729T112558_20260729T112623_003888_007059_3AE6,SENTINEL-1D,S1D,IW,DV,VV+VH,2026-07-29 11:25:58,2026-07-29 11:26:23,3888,172,ASCENDING,aws:sentinel-s1-l1c,GRD/2026/7/29/IW/DV/S1D_IW_GRDH_1SDV_20260729T112558_20260729T112623_003888_007059_3AE6,12823.6,0.004,2026-07-04,2026-10-02
S1D_IW_GRDH_1SDV_20260729T112623_20260729T112648_003888_007059_B207,SENTINEL-1D,S1D,IW,DV,VV+VH,2026-07-29 11:26:23,2026-07-29 11:26:48,3888,172,ASCENDING,aws:sentinel-s1-l1c,GRD/2026/7/29/IW/DV/S1D_IW_GRDH_1SDV_20260729T112623_20260729T112648_003888_007059_B207,36527.6,0.01,2026-07-04,2026-10-02
S1D_IW_GRDH_1SDV_20260729T112648_20260729T112713_003888_007059_DD87,SENTINEL-1D,S1D,IW,DV,VV+VH,2026-07-29 11:26:48,2026-07-29 11:27:13,3888,172,ASCENDING,aws:sentinel-s1-l1c,GRD/2026/7/29/IW/DV/S1D_IW_GRDH_1SDV_20260729T112648_20260729T112713_003888_007059_DD87,42899.4,0.012,2026-07-04,2026-10-02
S1D_IW_GRDH_1SDV_20260729T112713_20260729T112738_003888_007059_02B7,SENTINEL-1D,S1D,IW,DV,VV+VH,2026-07-29 11:27:13,2026-07-29 11:27:38,3888,172,ASCENDING,aws:sentinel-s1-l1c,GRD/2026/7/29/IW/DV/S1D_IW_GRDH_1SDV_20260729T112713_20260729T112738_003888_007059_02B7,42912.9,0.012,2026-07-04,2026-10-02
S1D_IW_GRDH_1SDV_20260729T112738_20260729T112803_003888_007059_6F14,SENTINEL-1D,S1D,IW,DV,VV+VH,2026-07-29 11:27:38,2026-07-29 11:28:03,3888,172,ASCENDING,aws:sentinel-s1-l1c,GRD/2026/7/29/IW/DV/S1D_IW_GRDH_1SDV_20260729T112738_20260729T112803_003888_007059_6F14,42101.6,0.012,2026-07-04,2026-10-02
S1D_IW_GRDH_1SDV_20260729T112803_20260729T112828_003888_007059_C83A,SENTINEL-1D,S1D,IW,DV,VV+VH,2026-07-29 11:28:03,2026-07-29 11:28:28,3888,172,ASCENDING,aws:sentinel-s1-l1c,GRD/2026/7/29/IW/DV/S1D_IW_GRDH_1SDV_20260729T112803_20260729T112828_003888_007059_C83A,13396.2,0.004,2026-07-04,2026-10-02
S1D_IW_GRDH_1SDV_20260729T220459_20260729T220528_003894_007099_5795,SENTINEL-1D,S1D,IW,DV,VV+VH,2026-07-29 22:04:59,2026-07-29 22:05:28,3894,3,DESCENDING,aws:sentinel-s1-l1c,GRD/2026/7/29/IW/DV/S1D_IW_GRDH_1SDV_20260729T220459_20260729T220528_003894_007099_5795,40604.7,0.011,2026-07-04,2026-10-02
S1D_IW_GRDH_1SDV_20260729T220528_20260729T220553_003894_007099_96E1,SENTINEL-1D,S1D,IW,DV,VV+VH,2026-07-29 22:05:28,2026-07-29 22:05:53,3894,3,DESCENDING,aws:sentinel-s1-l1c,GRD/2026/7/29/IW/DV/S1D_IW_GRDH_1SDV_20260729T220528_20260729T220553_003894_007099_96E1,10686.5,0.003,2026-07-04,2026-10-02
S1C_IW_GRDH_1SDV_20260729T225045_20260729T225114_008764_0115E7_AD92,SENTINEL-1C,S1C,IW,DV,VV+VH,2026-07-29 22:50:45,2026-07-29 22:51:14,8764,91,DESCENDING,aws:sentinel-s1-l1c,GRD/2026/7/29/IW/DV/S1C_IW_GRDH_1SDV_20260729T225045_20260729T225114_008764_0115E7_AD92,5779.3,0.002,2026-07-04,2026-10-02
S1C_IW_GRDH_1SDV_20260729T225229_20260729T225305_008764_0115E7_48D4,SENTINEL-1C,S1C,IW,DV,VV+VH,2026-07-29 22:52:29,2026-07-29 22:53:05,8764,91,DESCENDING,aws:sentinel-s1-l1c,GRD/2026/7/29/IW/DV/S1C_IW_GRDH_1SDV_20260729T225229_20260729T225305_008764_0115E7_48D4,3992.6,0.001,2026-07-04,2026-10-02
S1D_IW_GRDH_1SDV_20260730T103245_20260730T103314_003902_0070E3_DBFD,SENTINEL-1D,S1D,IW,DV,VV+VH,2026-07-30 10:32:45,2026-07-30 10:33:14,3902,11,ASCENDING,aws:sentinel-s1-l1c,GRD/2026/7/30/IW/DV/S1D_IW_GRDH_1SDV_20260730T103245_20260730T103314_003902_0070E3_DBFD,36923.3,0.01,2026-07-04,2026-10-02
S1D_IW_GRDH_1SDV_20260730T103314_20260730T103339_003902_0070E3_EFF4,SENTINEL-1D,S1D,IW,DV,VV+VH,2026-07-30 10:33:14,2026-07-30 10:33:39,3902,11,ASCENDING,aws:sentinel-s1-l1c,GRD/2026/7/30/IW/DV/S1D_IW_GRDH_1SDV_20260730T103314_20260730T103339_003902_0070E3_EFF4,1281.1,0.0,2026-07-04,2026-10-02
S1C_IW_GRDH_1SDV_20260730T111901_20260730T111931_008772_01162F_D941,SENTINEL-1C,S1C,IW,DV,VV+VH,2026-07-30 11:19:01,2026-07-30 11:19:31,8772,99,ASCENDING,aws:sentinel-s1-l1c,GRD/2026/7/30/IW/DV/S1C_IW_GRDH_1SDV_20260730T111901_20260730T111931_008772_01162F_D941,24079.2,0.007,2026-07-04,2026-10-02
S1C_IW_GRDH_1SDV_20260730T111931_20260730T111956_008772_01162F_8CA5,SENTINEL-1C,S1C,IW,DV,VV+VH,2026-07-30 11:19:31,2026-07-30 11:19:56,8772,99,ASCENDING,aws:sentinel-s1-l1c,GRD/2026/7/30/IW/DV/S1C_IW_GRDH_1SDV_20260730T111931_20260730T111956_008772_01162F_8CA5,4403.0,0.001,2026-07-04,2026-10-02
S1C_IW_GRDH_1SDV_20260730T215151_20260730T215216_008778_011661_6BD3,SENTINEL-1C,S1C,IW,DV,VV+VH,2026-07-30 21:51:51,2026-07-30 21:52:16,8778,105,DESCENDING,aws:sentinel-s1-l1c,GRD/2026/7/30/IW/DV/S1C_IW_GRDH_1SDV_20260730T215151_20260730T215216_008778_011661_6BD3,6764.8,0.002,2026-07-04,2026-10-02
S1C_IW_GRDH_1SDV_20260730T215216_20260730T215230_008778_011661_BE49,SENTINEL-1C,S1C,IW,DV,VV+VH,2026-07-30 21:52:16,2026-07-30 21:52:30,8778,105,DESCENDING,aws:sentinel-s1-l1c,GRD/2026/7/30/IW/DV/S1C_IW_GRDH_1SDV_20260730T215216_20260730T215230_008778_011661_BE49,14450.8,0.004,2026-07-04,2026-10-02
S1C_IW_GRDH_1SDV_20260730T215312_20260730T215341_008778_011662_8DB8,SENTINEL-1C,S1C,IW,DV,VV+VH,2026-07-30 21:53:12,2026-07-30 21:53:41,8778,105,DESCENDING,aws:sentinel-s1-l1c,GRD/2026/7/30/IW/DV/S1C_IW_GRDH_1SDV_20260730T215312_20260730T215341_008778_011662_8DB8,42787.5,0.012,2026-07-04,2026-10-02
S1C_IW_GRDH_1SDV_20260730T215341_20260730T215406_008778_011662_E1F1,SENTINEL-1C,S1C,IW,DV,VV+VH,2026-07-30 21:53:41,2026-07-30 21:54:06,8778,105,DESCENDING,aws:sentinel-s1-l1c,GRD/2026/7/30/IW/DV/S1C_IW_GRDH_1SDV_20260730T215341_20260730T215406_008778_011662_E1F1,38735.7,0.011,2026-07-04,2026-10-02
S1C_IW_GRDH_1SDV_20260730T215406_20260730T215420_008778_011662_CBE2,SENTINEL-1C,S1C,IW,DV,VV+VH,2026-07-30 21:54:06,2026-07-30 21:54:20,8778,105,DESCENDING,aws:sentinel-s1-l1c,GRD/2026/7/30/IW/DV/S1C_IW_GRDH_1SDV_20260730T215406_20260730T215420_008778_011662_CBE2,19542.5,0.005,2026-07-04,2026-10-02
S1D_IW_GRDH_1SDV_20260730T224255_20260730T224324_003909_00711D_4E96,SENTINEL-1D,S1D,IW,DV,VV+VH,2026-07-30 22:42:55,2026-07-30 22:43:24,3909,18,DESCENDING,aws:sentinel-s1-l1c,GRD/2026/7/30/IW/DV/S1D_IW_GRDH_1SDV_20260730T224255_20260730T224324_003909_00711D_4E96,35189.7,0.01,2026-07-04,2026-10-02
S1D_IW_GRDH_1SDV_20260730T224324_20260730T224349_003909_00711D_A3FC,SENTINEL-1D,S1D,IW,DV,VV+VH,2026-07-30 22:43:24,2026-07-30 22:43:49,3909,18,DESCENDING,aws:sentinel-s1-l1c,GRD/2026/7/30/IW/DV/S1D_IW_GRDH_1SDV_20260730T224324_20260730T224349_003909_00711D_A3FC,1664.8,0.0,2026-07-04,2026-10-02
S1D_IW_GRDH_1SDV_20260730T224504_20260730T224529_003909_00711D_61DD,SENTINEL-1D,S1D,IW,DV,VV+VH,2026-07-30 22:45:04,2026-07-30 22:45:29,3909,18,DESCENDING,aws:sentinel-s1-l1c,GRD/2026/7/30/IW/DV/S1D_IW_GRDH_1SDV_20260730T224504_20260730T224529_003909_00711D_61DD,11569.1,0.003,2026-07-04,2026-10-02
S1D_IW_GRDH_1SDV_20260730T224529_20260730T224548_003909_00711D_233A,SENTINEL-1D,S1D,IW,DV,VV+VH,2026-07-30 22:45:29,2026-07-30 22:45:48,3909,18,DESCENDING,aws:sentinel-s1-l1c,GRD/2026/7/30/IW/DV/S1D_IW_GRDH_1SDV_20260730T224529_20260730T224548_003909_00711D_233A,24165.4,0.007,2026-07-04,2026-10-02
S1D_IW_GRDH_1SDV_20260731T110708_20260731T110735_003916_00715C_49F0,SENTINEL-1D,S1D,IW,DV,VV+VH,2026-07-31 11:07:08,2026-07-31 11:07:35,3916,25,ASCENDING,aws:sentinel-s1-l1c,GRD/2026/7/31/IW/DV/S1D_IW_GRDH_1SDV_20260731T110708_20260731T110735_003916_00715C_49F0,14645.9,0.004,2026-07-04,2026-10-02
S1D_IW_GRDH_1SDV_20260731T111021_20260731T111051_003917_00715F_67BF,SENTINEL-1D,S1D,IW,DV,VV+VH,2026-07-31 11:10:21,2026-07-31 11:10:51,3917,26,ASCENDING,aws:sentinel-s1-l1c,GRD/2026/7/31/IW/DV/S1D_IW_GRDH_1SDV_20260731T111021_20260731T111051_003917_00715F_67BF,33467.8,0.009,2026-07-04,2026-10-02
S1D_IW_GRDH_1SDV_20260731T111051_20260731T111116_003917_00715F_B3B8,SENTINEL-1D,S1D,IW,DV,VV+VH,2026-07-31 11:10:51,2026-07-31 11:11:16,3917,26,ASCENDING,aws:sentinel-s1-l1c,GRD/2026/7/31/IW/DV/S1D_IW_GRDH_1SDV_20260731T111051_20260731T111116_003917_00715F_B3B8,6024.1,0.002,2026-07-04,2026-10-02
S1D_IW_GRDH_1SDV_20260731T214437_20260731T214507_003923_007195_12E9,SENTINEL-1D,S1D,IW,DV,VV+VH,2026-07-31 21:44:37,2026-07-31 21:45:07,3923,32,DESCENDING,aws:sentinel-s1-l1c,GRD/2026/7/31/IW/DV/S1D_IW_GRDH_1SDV_20260731T214437_20260731T214507_003923_007195_12E9,24824.0,0.007,2026-07-04,2026-10-02
S1D_IW_GRDH_1SDV_20260731T214507_20260731T214532_003923_007195_DBFB,SENTINEL-1D,S1D,IW,DV,VV+VH,2026-07-31 21:45:07,2026-07-31 21:45:32,3923,32,DESCENDING,aws:sentinel-s1-l1c,GRD/2026/7/31/IW/DV/S1D_IW_GRDH_1SDV_20260731T214507_20260731T214532_003923_007195_DBFB,17324.3,0.005,2026-07-04,2026-10-02
S1D_IW_GRDH_1SDV_20260731T214532_20260731T214557_003923_007195_8475,SENTINEL-1D,S1D,IW,DV,VV+VH,2026-07-31 21:45:32,2026-07-31 21:45:57,3923,32,DESCENDING,aws:sentinel-s1-l1c,GRD/2026/7/31/IW/DV/S1D_IW_GRDH_1SDV_20260731T214532_20260731T214557_003923_007195_8475,1185.6,0.0,2026-07-04,2026-10-02
S1D_IW_GRDH_1SDV_20260731T214557_20260731T214622_003923_007195_FDBC,SENTINEL-1D,S1D,IW,DV,VV+VH,2026-07-31 21:45:57,2026-07-31 21:46:22,3923,32,DESCENDING,aws:sentinel-s1-l1c,GRD/2026/7/31/IW/DV/S1D_IW_GRDH_1SDV_20260731T214557_20260731T214622_003923_007195_FDBC,1565.3,0.0,2026-07-04,2026-10-02
S1D_IW_GRDH_1SDV_20260731T214622_20260731T214647_003923_007195_A2D6,SENTINEL-1D,S1D,IW,DV,VV+VH,2026-07-31 21:46:22,2026-07-31 21:46:47,3923,32,DESCENDING,aws:sentinel-s1-l1c,GRD/2026/7/31/IW/DV/S1D_IW_GRDH_1SDV_20260731T214622_20260731T214647_003923_007195_A2D6,18546.3,0.005,2026-07-04,2026-10-02
S1D_IW_GRDH_1SDV_20260731T214647_20260731T214712_003923_007195_94CF,SENTINEL-1D,S1D,IW,DV,VV+VH,2026-07-31 21:46:47,2026-07-31 21:47:12,3923,32,DESCENDING,aws:sentinel-s1-l1c,GRD/2026/7/31/IW/DV/S1D_IW_GRDH_1SDV_20260731T214647_20260731T214712_003923_007195_94CF,18075.0,0.005,2026-07-04,2026-10-02
S1D_IW_GRDH_1SDV_20260731T214712_20260731T214737_003923_007195_B5D3,SENTINEL-1D,S1D,IW,DV,VV+VH,2026-07-31 21:47:12,2026-07-31 21:47:37,3923,32,DESCENDING,aws:sentinel-s1-l1c,GRD/2026/7/31/IW/DV/S1D_IW_GRDH_1SDV_20260731T214712_20260731T214737_003923_007195_B5D3,5477.2,0.002,2026-07-04,2026-10-02
S1D_IW_GRDH_1SDV_20260731T214737_20260731T214802_003923_007195_62C1,SENTINEL-1D,S1D,IW,DV,VV+VH,2026-07-31 21:47:37,2026-07-31 21:48:02,3923,32,DESCENDING,aws:sentinel-s1-l1c,GRD/2026/7/31/IW/DV/S1D_IW_GRDH_1SDV_20260731T214737_20260731T214802_003923_007195_62C1,80.7,0.0,2026-07-04,2026-10-02
S1C_IW_GRDH_1SDV_20260731T223508_20260731T223537_008793_0116E2_1AA6,SENTINEL-1C,S1C,IW,DV,VV+VH,2026-07-31 22:35:08,2026-07-31 22:35:37,8793,120,DESCENDING,aws:sentinel-s1-l1c,GRD/2026/7/31/IW/DV/S1C_IW_GRDH_1SDV_20260731T223508_20260731T223537_008793_0116E2_1AA6,23268.5,0.006,2026-07-04,2026-10-02
S1C_IW_GRDH_1SDV_20260731T223537_20260731T223602_008793_0116E2_A418,SENTINEL-1C,S1C,IW,DV,VV+VH,2026-07-31 22:35:37,2026-07-31 22:36:02,8793,120,DESCENDING,aws:sentinel-s1-l1c,GRD/2026/7/31/IW/DV/S1C_IW_GRDH_1SDV_20260731T223537_20260731T223602_008793_0116E2_A418,5735.8,0.002,2026-07-04,2026-10-02
S1C_IW_GRDH_1SDV_20260731T223602_20260731T223627_008793_0116E2_4335,SENTINEL-1C,S1C,IW,DV,VV+VH,2026-07-31 22:36:02,2026-07-31 22:36:27,8793,120,DESCENDING,aws:sentinel-s1-l1c,GRD/2026/7/31/IW/DV/S1C_IW_GRDH_1SDV_20260731T223602_20260731T223627_008793_0116E2_4335,3068.2,0.001,2026-07-04,2026-10-02
S1C_IW_GRDH_1SDV_20260731T223627_20260731T223644_008793_0116E2_D50B,SENTINEL-1C,S1C,IW,DV,VV+VH,2026-07-31 22:36:27,2026-07-31 22:36:44,8793,120,DESCENDING,aws:sentinel-s1-l1c,GRD/2026/7/31/IW/DV/S1C_IW_GRDH_1SDV_20260731T223627_20260731T223644_008793_0116E2_D50B,10305.3,0.003,2026-07-04,2026-10-02
S1D_IW_GRDH_1SDV_20260801T101648_20260801T101718_003931_0071DB_1073,SENTINEL-1D,S1D,IW,DV,VV+VH,2026-08-01 10:16:48,2026-08-01 10:17:18,3931,40,ASCENDING,aws:sentinel-s1-l1c,GRD/2026/8/1/IW/DV/S1D_IW_GRDH_1SDV_20260801T101648_20260801T101718_003931_0071DB_1073,20316.1,0.006,2026-07-04,2026-10-02
S1C_IW_GRDH_1SDV_20260802T100534_20260802T100559_008815_0117B0_5D27,SENTINEL-1C,S1C,IW,DV,VV+VH,2026-08-02 10:05:34,2026-08-02 10:05:59,8815,142,ASCENDING,aws:sentinel-s1-l1c,GRD/2026/8/2/IW/DV/S1C_IW_GRDH_1SDV_20260802T100534_20260802T100559_008815_0117B0_5D27,10136.2,0.003,2026-07-04,2026-10-02
S1C_IW_GRDH_1SDV_20260802T100559_20260802T100624_008815_0117B0_60B5,SENTINEL-1C,S1C,IW,DV,VV+VH,2026-08-02 10:05:59,2026-08-02 10:06:24,8815,142,ASCENDING,aws:sentinel-s1-l1c,GRD/2026/8/2/IW/DV/S1C_IW_GRDH_1SDV_20260802T100559_20260802T100624_008815_0117B0_60B5,11626.1,0.003,2026-07-04,2026-10-02
S1C_IW_GRDH_1SDV_20260802T100624_20260802T100649_008815_0117B0_C189,SENTINEL-1C,S1C,IW,DV,VV+VH,2026-08-02 10:06:24,2026-08-02 10:06:49,8815,142,ASCENDING,aws:sentinel-s1-l1c,GRD/2026/8/2/IW/DV/S1C_IW_GRDH_1SDV_20260802T100624_20260802T100649_008815_0117B0_C189,11503.0,0.003,2026-07-04,2026-10-02
S1C_IW_GRDH_1SDV_20260802T100649_20260802T100721_008815_0117B0_9DD6,SENTINEL-1C,S1C,IW,DV,VV+VH,2026-08-02 10:06:49,2026-08-02 10:07:21,8815,142,ASCENDING,aws:sentinel-s1-l1c,GRD/2026/8/2/IW/DV/S1C_IW_GRDH_1SDV_20260802T100649_20260802T100721_008815_0117B0_9DD6,35427.6,0.01,2026-07-04,2026-10-02
S1D_IW_GRDH_1SDV_20260802T105436_20260802T105505_003946_00726D_B244,SENTINEL-1D,S1D,IW,DV,VV+VH,2026-08-02 10:54:36,2026-08-02 10:55:05,3946,55,ASCENDING,aws:sentinel-s1-l1c,GRD/2026/8/2/IW/DV/S1D_IW_GRDH_1SDV_20260802T105436_20260802T105505_003946_00726D_B244,34614.6,0.009,2026-07-04,2026-10-02
S1D_IW_GRDH_1SDV_20260802T105505_20260802T105530_003946_00726D_FED3,SENTINEL-1D,S1D,IW,DV,VV+VH,2026-08-02 10:55:05,2026-08-02 10:55:30,3946,55,ASCENDING,aws:sentinel-s1-l1c,GRD/2026/8/2/IW/DV/S1D_IW_GRDH_1SDV_20260802T105505_20260802T105530_003946_00726D_FED3,15550.7,0.004,2026-07-04,2026-10-02
S1D_IW_GRDH_1SDV_20260802T105530_20260802T105555_003946_00726D_E5D8,SENTINEL-1D,S1D,IW,DV,VV+VH,2026-08-02 10:55:30,2026-08-02 10:55:55,3946,55,ASCENDING,aws:sentinel-s1-l1c,GRD/2026/8/2/IW/DV/S1D_IW_GRDH_1SDV_20260802T105530_20260802T105555_003946_00726D_E5D8,14012.3,0.004,2026-07-04,2026-10-02
S1D_IW_GRDH_1SDV_20260802T105555_20260802T105620_003946_00726D_3A70,SENTINEL-1D,S1D,IW,DV,VV+VH,2026-08-02 10:55:55,2026-08-02 10:56:20,3946,55,ASCENDING,aws:sentinel-s1-l1c,GRD/2026/8/2/IW/DV/S1D_IW_GRDH_1SDV_20260802T105555_20260802T105620_003946_00726D_3A70,24101.5,0.007,2026-07-04,2026-10-02
S1D_IW_GRDH_1SDV_20260802T105620_20260802T105645_003946_00726D_47CF,SENTINEL-1D,S1D,IW,DV,VV+VH,2026-08-02 10:56:20,2026-08-02 10:56:45,3946,55,ASCENDING,aws:sentinel-s1-l1c,GRD/2026/8/2/IW/DV/S1D_IW_GRDH_1SDV_20260802T105620_20260802T105645_003946_00726D_47CF,40873.8,0.011,2026-07-04,2026-10-02
S1D_IW_GRDH_1SDV_20260802T105645_20260802T105710_003946_00726D_26EA,SENTINEL-1D,S1D,IW,DV,VV+VH,2026-08-02 10:56:45,2026-08-02 10:57:10,3946,55,ASCENDING,aws:sentinel-s1-l1c,GRD/2026/8/2/IW/DV/S1D_IW_GRDH_1SDV_20260802T105645_20260802T105710_003946_00726D_26EA,38991.6,0.011,2026-07-04,2026-10-02
S1D_IW_GRDH_1SDV_20260802T105710_20260802T105735_003946_00726D_7FD6,SENTINEL-1D,S1D,IW,DV,VV+VH,2026-08-02 10:57:10,2026-08-02 10:57:35,3946,55,ASCENDING,aws:sentinel-s1-l1c,GRD/2026/8/2/IW/DV/S1D_IW_GRDH_1SDV_20260802T105710_20260802T105735_003946_00726D_7FD6,36142.6,0.01,2026-07-04,2026-10-02
S1D_IW_GRDH_1SDV_20260802T105735_20260802T105800_003946_00726D_5DBD,SENTINEL-1D,S1D,IW,DV,VV+VH,2026-08-02 10:57:35,2026-08-02 10:58:00,3946,55,ASCENDING,aws:sentinel-s1-l1c,GRD/2026/8/2/IW/DV/S1D_IW_GRDH_1SDV_20260802T105735_20260802T105800_003946_00726D_5DBD,1043.3,0.0,2026-07-04,2026-10-02
S1D_IW_GRDH_1SDV_20260802T230839_20260802T230904_003953_0072B4_F9C7,SENTINEL-1D,S1D,IW,DV,VV+VH,2026-08-02 23:08:39,2026-08-02 23:09:04,3953,62,DESCENDING,aws:sentinel-s1-l1c,GRD/2026/8/2/IW/DV/S1D_IW_GRDH_1SDV_20260802T230839_20260802T230904_003953_0072B4_F9C7,3325.5,0.001,2026-07-04,2026-10-02
S1D_IW_GRDH_1SDV_20260802T230904_20260802T230929_003953_0072B4_A8D6,SENTINEL-1D,S1D,IW,DV,VV+VH,2026-08-02 23:09:04,2026-08-02 23:09:29,3953,62,DESCENDING,aws:sentinel-s1-l1c,GRD/2026/8/2/IW/DV/S1D_IW_GRDH_1SDV_20260802T230904_20260802T230929_003953_0072B4_A8D6,20454.5,0.006,2026-07-04,2026-10-02
S1D_IW_GRDH_1SDV_20260802T230929_20260802T230954_003953_0072B4_2CE9,SENTINEL-1D,S1D,IW,DV,VV+VH,2026-08-02 23:09:29,2026-08-02 23:09:54,3953,62,DESCENDING,aws:sentinel-s1-l1c,GRD/2026/8/2/IW/DV/S1D_IW_GRDH_1SDV_20260802T230929_20260802T230954_003953_0072B4_2CE9,25825.7,0.007,2026-07-04,2026-10-02
S1D_IW_GRDH_1SDV_20260802T230954_20260802T231019_003953_0072B4_587F,SENTINEL-1D,S1D,IW,DV,VV+VH,2026-08-02 23:09:54,2026-08-02 23:10:19,3953,62,DESCENDING,aws:sentinel-s1-l1c,GRD/2026/8/2/IW/DV/S1D_IW_GRDH_1SDV_20260802T230954_20260802T231019_003953_0072B4_587F,20012.7,0.005,2026-07-04,2026-10-02
S1D_IW_GRDH_1SDV_20260802T231019_20260802T231044_003953_0072B4_E741,SENTINEL-1D,S1D,IW,DV,VV+VH,2026-08-02 23:10:19,2026-08-02 23:10:44,3953,62,DESCENDING,aws:sentinel-s1-l1c,GRD/2026/8/2/IW/DV/S1D_IW_GRDH_1SDV_20260802T231019_20260802T231044_003953_0072B4_E741,566.8,0.0,2026-07-04,2026-10-02
S1D_IW_GRDH_1SDV_20260803T095926_20260803T095955_003960_0072F2_C4CD,SENTINEL-1D,S1D,IW,DV,VV+VH,2026-08-03 09:59:26,2026-08-03 09:59:55,3960,69,ASCENDING,aws:sentinel-s1-l1c,GRD/2026/8/3/IW/DV/S1D_IW_GRDH_1SDV_20260803T095926_20260803T095955_003960_0072F2_C4CD,27398.7,0.008,2026-07-04,2026-10-02
S1D_IW_GRDH_1SDV_20260803T095955_20260803T100020_003960_0072F2_6C3D,SENTINEL-1D,S1D,IW,DV,VV+VH,2026-08-03 09:59:55,2026-08-03 10:00:20,3960,69,ASCENDING,aws:sentinel-s1-l1c,GRD/2026/8/3/IW/DV/S1D_IW_GRDH_1SDV_20260803T095955_20260803T100020_003960_0072F2_6C3D,11109.4,0.003,2026-07-04,2026-10-02
S1D_IW_GRDH_1SDV_20260803T100020_20260803T100045_003960_0072F2_5EB1,SENTINEL-1D,S1D,IW,DV,VV+VH,2026-08-03 10:00:20,2026-08-03 10:00:45,3960,69,ASCENDING,aws:sentinel-s1-l1c,GRD/2026/8/3/IW/DV/S1D_IW_GRDH_1SDV_20260803T100020_20260803T100045_003960_0072F2_5EB1,507.7,0.0,2026-07-04,2026-10-02
S1C_IW_GRDH_1SDV_20260803T104814_20260803T104843_008830_01183F_9B9F,SENTINEL-1C,S1C,IW,DV,VV+VH,2026-08-03 10:48:14,2026-08-03 10:48:43,8830,157,ASCENDING,aws:sentinel-s1-l1c,GRD/2026/8/3/IW/DV/S1C_IW_GRDH_1SDV_20260803T104814_20260803T104843_008830_01183F_9B9F,15686.4,0.004,2026-07-04,2026-10-02
S1C_IW_GRDH_1SDV_20260803T104843_20260803T104917_008830_01183F_5B25,SENTINEL-1C,S1C,IW,DV,VV+VH,2026-08-03 10:48:43,2026-08-03 10:49:17,8830,157,ASCENDING,aws:sentinel-s1-l1c,GRD/2026/8/3/IW/DV/S1C_IW_GRDH_1SDV_20260803T104843_20260803T104917_008830_01183F_5B25,35852.6,0.01,2026-07-04,2026-10-02
S1D_IW_GRDH_1SDV_20260803T113433_20260803T113458_003961_0072FC_A40D,SENTINEL-1D,S1D,IW,DV,VV+VH,2026-08-03 11:34:33,2026-08-03 11:34:58,3961,70,ASCENDING,aws:sentinel-s1-l1c,GRD/2026/8/3/IW/DV/S1D_IW_GRDH_1SDV_20260803T113433_20260803T113458_003961_0072FC_A40D,6450.9,0.002,2026-07-04,2026-10-02
S1D_IW_GRDH_1SDV_20260803T113458_20260803T113523_003961_0072FC_BCF4,SENTINEL-1D,S1D,IW,DV,VV+VH,2026-08-03 11:34:58,2026-08-03 11:35:23,3961,70,ASCENDING,aws:sentinel-s1-l1c,GRD/2026/8/3/IW/DV/S1D_IW_GRDH_1SDV_20260803T113458_20260803T113523_003961_0072FC_BCF4,12227.8,0.003,2026-07-04,2026-10-02
S1D_IW_GRDH_1SDV_20260803T113523_20260803T113548_003961_0072FC_356E,SENTINEL-1D,S1D,IW,DV,VV+VH,2026-08-03 11:35:23,2026-08-03 11:35:48,3961,70,ASCENDING,aws:sentinel-s1-l1c,GRD/2026/8/3/IW/DV/S1D_IW_GRDH_1SDV_20260803T113523_20260803T113548_003961_0072FC_356E,22894.4,0.006,2026-07-04,2026-10-02
S1D_IW_GRDH_1SDV_20260803T113548_20260803T113613_003961_0072FC_ABDF,SENTINEL-1D,S1D,IW,DV,VV+VH,2026-08-03 11:35:48,2026-08-03 11:36:13,3961,70,ASCENDING,aws:sentinel-s1-l1c,GRD/2026/8/3/IW/DV/S1D_IW_GRDH_1SDV_20260803T113548_20260803T113613_003961_0072FC_ABDF,8142.4,0.002,2026-07-04,2026-10-02
S1D_IW_GRDH_1SDV_20260803T113613_20260803T113638_003961_0072FC_44EC,SENTINEL-1D,S1D,IW,DV,VV+VH,2026-08-03 11:36:13,2026-08-03 11:36:38,3961,70,ASCENDING,aws:sentinel-s1-l1c,GRD/2026/8/3/IW/DV/S1D_IW_GRDH_1SDV_20260803T113613_20260803T113638_003961_0072FC_44EC,0.0,0.0,2026-07-04,2026-10-02
S1D_IW_GRDH_1SDV_20260803T221341_20260803T221410_003967_007337_5A95,SENTINEL-1D,S1D,IW,DV,VV+VH,2026-08-03 22:13:41,2026-08-03 22:14:10,3967,76,DESCENDING,aws:sentinel-s1-l1c,GRD/2026/8/3/IW/DV/S1D_IW_GRDH_1SDV_20260803T221341_20260803T221410_003967_007337_5A95,43500.2,0.012,2026-07-04,2026-10-02
S1D_IW_GRDH_1SDV_20260803T221410_20260803T221435_003967_007337_AF9A,SENTINEL-1D,S1D,IW,DV,VV+VH,2026-08-03 22:14:10,2026-08-03 22:14:35,3967,76,DESCENDING,aws:sentinel-s1-l1c,GRD/2026/8/3/IW/DV/S1D_IW_GRDH_1SDV_20260803T221410_20260803T221435_003967_007337_AF9A,12332.8,0.003,2026-07-04,2026-10-02
S1D_IW_GRDH_1SDV_20260803T221435_20260803T221500_003967_007337_5A05,SENTINEL-1D,S1D,IW,DV,VV+VH,2026-08-03 22:14:35,2026-08-03 22:15:00,3967,76,DESCENDING,aws:sentinel-s1-l1c,GRD/2026/8/3/IW/DV/S1D_IW_GRDH_1SDV_20260803T221435_20260803T221500_003967_007337_5A05,632.2,0.0,2026-07-04,2026-10-02
S1D_IW_GRDH_1SDV_20260803T221550_20260803T221615_003967_007337_AE79,SENTINEL-1D,S1D,IW,DV,VV+VH,2026-08-03 22:15:50,2026-08-03 22:16:15,3967,76,DESCENDING,aws:sentinel-s1-l1c,GRD/2026/8/3/IW/DV/S1D_IW_GRDH_1SDV_20260803T221550_20260803T221615_003967_007337_AE79,517.9,0.0,2026-07-04,2026-10-02
S1C_IW_GRDH_1SDV_20260803T230036_20260803T230100_008837_01187C_011F,SENTINEL-1C,S1C,IW,DV,VV+VH,2026-08-03 23:00:36,2026-08-03 23:01:00,8837,164,DESCENDING,aws:sentinel-s1-l1c,GRD/2026/8/3/IW/DV/S1C_IW_GRDH_1SDV_20260803T230036_20260803T230100_008837_01187C_011F,11998.4,0.003,2026-07-04,2026-10-02
S1D_IW_GRDH_1SDV_20260804T104029_20260804T104059_003975_007374_7614,SENTINEL-1D,S1D,IW,DV,VV+VH,2026-08-04 10:40:29,2026-08-04 10:40:59,3975,84,ASCENDING,aws:sentinel-s1-l1c,GRD/2026/8/4/IW/DV/S1D_IW_GRDH_1SDV_20260804T104029_20260804T104059_003975_007374_7614,43155.8,0.012,2026-07-04,2026-10-02
S1D_IW_GRDH_1SDV_20260804T104059_20260804T104124_003975_007374_870F,SENTINEL-1D,S1D,IW,DV,VV+VH,2026-08-04 10:40:59,2026-08-04 10:41:24,3975,84,ASCENDING,aws:sentinel-s1-l1c,GRD/2026/8/4/IW/DV/S1D_IW_GRDH_1SDV_20260804T104059_20260804T104124_003975_007374_870F,22287.9,0.006,2026-07-04,2026-10-02
S1D_IW_GRDH_1SDV_20260804T225016_20260804T225041_003982_0073B1_EDD7,SENTINEL-1D,S1D,IW,DV,VV+VH,2026-08-04 22:50:16,2026-08-04 22:50:41,3982,91,DESCENDING,aws:sentinel-s1-l1c,GRD/2026/8/4/IW/DV/S1D_IW_GRDH_1SDV_20260804T225016_20260804T225041_003982_0073B1_EDD7,4224.4,0.001,2026-07-04,2026-10-02
S1D_IW_GRDH_1SDV_20260804T225041_20260804T225106_003982_0073B1_8E0B,SENTINEL-1D,S1D,IW,DV,VV+VH,2026-08-04 22:50:41,2026-08-04 22:51:06,3982,91,DESCENDING,aws:sentinel-s1-l1c,GRD/2026/8/4/IW/DV/S1D_IW_GRDH_1SDV_20260804T225041_20260804T225106_003982_0073B1_8E0B,15735.6,0.004,2026-07-04,2026-10-02
S1D_IW_GRDH_1SDV_20260804T225106_20260804T225131_003982_0073B1_7416,SENTINEL-1D,S1D,IW,DV,VV+VH,2026-08-04 22:51:06,2026-08-04 22:51:31,3982,91,DESCENDING,aws:sentinel-s1-l1c,GRD/2026/8/4/IW/DV/S1D_IW_GRDH_1SDV_20260804T225106_20260804T225131_003982_0073B1_7416,2281.0,0.001,2026-07-04,2026-10-02
S1D_IW_GRDH_1SDV_20260804T225246_20260804T225311_003982_0073B1_F188,SENTINEL-1D,S1D,IW,DV,VV+VH,2026-08-04 22:52:46,2026-08-04 22:53:11,3982,91,DESCENDING,aws:sentinel-s1-l1c,GRD/2026/8/4/IW/DV/S1D_IW_GRDH_1SDV_20260804T225246_20260804T225311_003982_0073B1_F188,1495.5,0.0,2026-07-04,2026-10-02
S1D_IW_GRDH_1SDV_20260804T225311_20260804T225335_003982_0073B1_F5F5,SENTINEL-1D,S1D,IW,DV,VV+VH,2026-08-04 22:53:11,2026-08-04 22:53:35,3982,91,DESCENDING,aws:sentinel-s1-l1c,GRD/2026/8/4/IW/DV/S1D_IW_GRDH_1SDV_20260804T225311_20260804T225335_003982_0073B1_F5F5,25809.8,0.007,2026-07-04,2026-10-02
S1D_IW_GRDH_1SDV_20260804T225422_20260804T225452_003982_0073B2_F85E,SENTINEL-1D,S1D,IW,DV,VV+VH,2026-08-04 22:54:22,2026-08-04 22:54:52,3982,91,DESCENDING,aws:sentinel-s1-l1c,GRD/2026/8/4/IW/DV/S1D_IW_GRDH_1SDV_20260804T225422_20260804T225452_003982_0073B2_F85E,29337.5,0.008,2026-07-04,2026-10-02
S1D_IW_GRDH_1SDV_20260804T225452_20260804T225517_003982_0073B2_637F,SENTINEL-1D,S1D,IW,DV,VV+VH,2026-08-04 22:54:52,2026-08-04 22:55:17,3982,91,DESCENDING,aws:sentinel-s1-l1c,GRD/2026/8/4/IW/DV/S1D_IW_GRDH_1SDV_20260804T225452_20260804T225517_003982_0073B2_637F,2728.4,0.001,2026-07-04,2026-10-02
S1D_IW_GRDH_1SDV_20260804T225542_20260804T225607_003982_0073B2_671F,SENTINEL-1D,S1D,IW,DV,VV+VH,2026-08-04 22:55:42,2026-08-04 22:56:07,3982,91,DESCENDING,aws:sentinel-s1-l1c,GRD/2026/8/4/IW/DV/S1D_IW_GRDH_1SDV_20260804T225542_20260804T225607_003982_0073B2_671F,0.2,0.0,2026-07-04,2026-10-02
S1D_IW_GRDH_1SDV_20260804T225607_20260804T225632_003982_0073B2_C7EC,SENTINEL-1D,S1D,IW,DV,VV+VH,2026-08-04 22:56:07,2026-08-04 22:56:32,3982,91,DESCENDING,aws:sentinel-s1-l1c,GRD/2026/8/4/IW/DV/S1D_IW_GRDH_1SDV_20260804T225607_20260804T225632_003982_0073B2_C7EC,67.6,0.0,2026-07-04,2026-10-02
S1D_IW_GRDH_1SDV_20260805T111528_20260805T111553_003989_0073F4_4E8E,SENTINEL-1D,S1D,IW,DV,VV+VH,2026-08-05 11:15:28,2026-08-05 11:15:53,3989,98,ASCENDING,aws:sentinel-s1-l1c,GRD/2026/8/5/IW/DV/S1D_IW_GRDH_1SDV_20260805T111528_20260805T111553_003989_0073F4_4E8E,15470.6,0.004,2026-07-04,2026-10-02
S1D_IW_GRDH_1SDV_20260805T111553_20260805T111618_003989_0073F4_9E3A,SENTINEL-1D,S1D,IW,DV,VV+VH,2026-08-05 11:15:53,2026-08-05 11:16:18,3989,98,ASCENDING,aws:sentinel-s1-l1c,GRD/2026/8/5/IW/DV/S1D_IW_GRDH_1SDV_20260805T111553_20260805T111618_003989_0073F4_9E3A,39649.9,0.011,2026-07-04,2026-10-02
S1D_IW_GRDH_1SDV_20260805T111618_20260805T111643_003989_0073F4_8859,SENTINEL-1D,S1D,IW,DV,VV+VH,2026-08-05 11:16:18,2026-08-05 11:16:43,3989,98,ASCENDING,aws:sentinel-s1-l1c,GRD/2026/8/5/IW/DV/S1D_IW_GRDH_1SDV_20260805T111618_20260805T111643_003989_0073F4_8859,41317.0,0.011,2026-07-04,2026-10-02
S1D_IW_GRDH_1SDV_20260805T111643_20260805T111708_003990_0073F4_846E,SENTINEL-1D,S1D,IW,DV,VV+VH,2026-08-05 11:16:43,2026-08-05 11:17:08,3990,99,ASCENDING,aws:sentinel-s1-l1c,GRD/2026/8/5/IW/DV/S1D_IW_GRDH_1SDV_20260805T111643_20260805T111708_003990_0073F4_846E,38445.7,0.011,2026-07-04,2026-10-02
S1D_IW_GRDH_1SDV_20260805T111708_20260805T111733_003990_0073F4_033A,SENTINEL-1D,S1D,IW,DV,VV+VH,2026-08-05 11:17:08,2026-08-05 11:17:33,3990,99,ASCENDING,aws:sentinel-s1-l1c,GRD/2026/8/5/IW/DV/S1D_IW_GRDH_1SDV_20260805T111708_20260805T111733_003990_0073F4_033A,42732.9,0.012,2026-07-04,2026-10-02
S1D_IW_GRDH_1SDV_20260805T111733_20260805T111758_003990_0073F4_B02C,SENTINEL-1D,S1D,IW,DV,VV+VH,2026-08-05 11:17:33,2026-08-05 11:17:58,3990,99,ASCENDING,aws:sentinel-s1-l1c,GRD/2026/8/5/IW/DV/S1D_IW_GRDH_1SDV_20260805T111733_20260805T111758_003990_0073F4_B02C,42070.3,0.012,2026-07-04,2026-10-02
S1D_IW_GRDH_1SDV_20260805T111758_20260805T111823_003990_0073F4_4D6D,SENTINEL-1D,S1D,IW,DV,VV+VH,2026-08-05 11:17:58,2026-08-05 11:18:23,3990,99,ASCENDING,aws:sentinel-s1-l1c,GRD/2026/8/5/IW/DV/S1D_IW_GRDH_1SDV_20260805T111758_20260805T111823_003990_0073F4_4D6D,42780.8,0.012,2026-07-04,2026-10-02
S1D_IW_GRDH_1SDV_20260805T111823_20260805T111848_003990_0073F4_3D73,SENTINEL-1D,S1D,IW,DV,VV+VH,2026-08-05 11:18:23,2026-08-05 11:18:48,3990,99,ASCENDING,aws:sentinel-s1-l1c,GRD/2026/8/5/IW/DV/S1D_IW_GRDH_1SDV_20260805T111823_20260805T111848_003990_0073F4_3D73,42700.2,0.012,2026-07-04,2026-10-02
S1D_IW_GRDH_1SDV_20260805T111848_20260805T111913_003990_0073F4_ACE5,SENTINEL-1D,S1D,IW,DV,VV+VH,2026-08-05 11:18:48,2026-08-05 11:19:13,3990,99,ASCENDING,aws:sentinel-s1-l1c,GRD/2026/8/5/IW/DV/S1D_IW_GRDH_1SDV_20260805T111848_20260805T111913_003990_0073F4_ACE5,42328.4,0.012,2026-07-04,2026-10-02
S1D_IW_GRDH_1SDV_20260805T111913_20260805T111938_003990_0073F4_5EF4,SENTINEL-1D,S1D,IW,DV,VV+VH,2026-08-05 11:19:13,2026-08-05 11:19:38,3990,99,ASCENDING,aws:sentinel-s1-l1c,GRD/2026/8/5/IW/DV/S1D_IW_GRDH_1SDV_20260805T111913_20260805T111938_003990_0073F4_5EF4,25620.5,0.007,2026-07-04,2026-10-02
S1D_IW_GRDH_1SDV_20260805T111938_20260805T112003_003990_0073F4_E856,SENTINEL-1D,S1D,IW,DV,VV+VH,2026-08-05 11:19:38,2026-08-05 11:20:03,3990,99,ASCENDING,aws:sentinel-s1-l1c,GRD/2026/8/5/IW/DV/S1D_IW_GRDH_1SDV_20260805T111938_20260805T112003_003990_0073F4_E856,8697.3,0.002,2026-07-04,2026-10-02
S1D_IW_GRDH_1SDV_20260805T215322_20260805T215352_003996_007428_21CB,SENTINEL-1D,S1D,IW,DV,VV+VH,2026-08-05 21:53:22,2026-08-05 21:53:52,3996,105,DESCENDING,aws:sentinel-s1-l1c,GRD/2026/8/5/IW/DV/S1D_IW_GRDH_1SDV_20260805T215322_20260805T215352_003996_007428_21CB,43307.5,0.012,2026-07-04,2026-10-02
S1D_IW_GRDH_1SDV_20260805T215352_20260805T215417_003996_007428_5744,SENTINEL-1D,S1D,IW,DV,VV+VH,2026-08-05 21:53:52,2026-08-05 21:54:17,3996,105,DESCENDING,aws:sentinel-s1-l1c,GRD/2026/8/5/IW/DV/S1D_IW_GRDH_1SDV_20260805T215352_20260805T215417_003996_007428_5744,39181.9,0.011,2026-07-04,2026-10-02
S1D_IW_GRDH_1SDV_20260805T215417_20260805T215431_003996_007428_D1FD,SENTINEL-1D,S1D,IW,DV,VV+VH,2026-08-05 21:54:17,2026-08-05 21:54:31,3996,105,DESCENDING,aws:sentinel-s1-l1c,GRD/2026/8/5/IW/DV/S1D_IW_GRDH_1SDV_20260805T215417_20260805T215431_003996_007428_D1FD,18828.2,0.005,2026-07-04,2026-10-02
S1D_IW_GRDH_1SDV_20260805T215515_20260805T215545_003996_007429_9D20,SENTINEL-1D,S1D,IW,DV,VV+VH,2026-08-05 21:55:15,2026-08-05 21:55:45,3996,105,DESCENDING,aws:sentinel-s1-l1c,GRD/2026/8/5/IW/DV/S1D_IW_GRDH_1SDV_20260805T215515_20260805T215545_003996_007429_9D20,48322.1,0.013,2026-07-04,2026-10-02
S1D_IW_GRDH_1SDV_20260805T215545_20260805T215610_003996_007429_44C5,SENTINEL-1D,S1D,IW,DV,VV+VH,2026-08-05 21:55:45,2026-08-05 21:56:10,3996,105,DESCENDING,aws:sentinel-s1-l1c,GRD/2026/8/5/IW/DV/S1D_IW_GRDH_1SDV_20260805T215545_20260805T215610_003996_007429_44C5,31218.5,0.009,2026-07-04,2026-10-02
S1D_IW_GRDH_1SDV_20260805T215610_20260805T215635_003996_007429_BAFD,SENTINEL-1D,S1D,IW,DV,VV+VH,2026-08-05 21:56:10,2026-08-05 21:56:35,3996,105,DESCENDING,aws:sentinel-s1-l1c,GRD/2026/8/5/IW/DV/S1D_IW_GRDH_1SDV_20260805T215610_20260805T215635_003996_007429_BAFD,13307.1,0.004,2026-07-04,2026-10-02
S1D_IW_GRDH_1SDV_20260805T215635_20260805T215700_003996_007429_0D66,SENTINEL-1D,S1D,IW,DV,VV+VH,2026-08-05 21:56:35,2026-08-05 21:57:00,3996,105,DESCENDING,aws:sentinel-s1-l1c,GRD/2026/8/5/IW/DV/S1D_IW_GRDH_1SDV_20260805T215635_20260805T215700_003996_007429_0D66,7641.9,0.002,2026-07-04,2026-10-02
S1D_IW_GRDH_1SDV_20260805T215700_20260805T215725_003996_007429_529B,SENTINEL-1D,S1D,IW,DV,VV+VH,2026-08-05 21:57:00,2026-08-05 21:57:25,3996,105,DESCENDING,aws:sentinel-s1-l1c,GRD/2026/8/5/IW/DV/S1D_IW_GRDH_1SDV_20260805T215700_20260805T215725_003996_007429_529B,285.7,0.0,2026-07-04,2026-10-02
S1C_IW_GRDH_1SDV_20260805T224253_20260805T224322_008866_011962_DB1A,SENTINEL-1C,S1C,IW,DV,VV+VH,2026-08-05 22:42:53,2026-08-05 22:43:22,8866,18,DESCENDING,aws:sentinel-s1-l1c,GRD/2026/8/5/IW/DV/S1C_IW_GRDH_1SDV_20260805T224253_20260805T224322_008866_011962_DB1A,19034.2,0.005,2026-07-04,2026-10-02
S1C_IW_GRDH_1SDV_20260805T224437_20260805T224502_008866_011962_5BFB,SENTINEL-1C,S1C,IW,DV,VV+VH,2026-08-05 22:44:37,2026-08-05 22:45:02,8866,18,DESCENDING,aws:sentinel-s1-l1c,GRD/2026/8/5/IW/DV/S1C_IW_GRDH_1SDV_20260805T224437_20260805T224502_008866_011962_5BFB,1105.8,0.0,2026-07-04,2026-10-02
S1D_IW_GRDH_1SDV_20260806T102449_20260806T102518_004004_00746C_9409,SENTINEL-1D,S1D,IW,DV,VV+VH,2026-08-06 10:24:49,2026-08-06 10:25:18,4004,113,ASCENDING,aws:sentinel-s1-l1c,GRD/2026/8/6/IW/DV/S1D_IW_GRDH_1SDV_20260806T102449_20260806T102518_004004_00746C_9409,22418.6,0.006,2026-07-04,2026-10-02
S1C_IW_GRDH_1SDV_20260806T111044_20260806T111114_008874_0119A8_0806,SENTINEL-1C,S1C,IW,DV,VV+VH,2026-08-06 11:10:44,2026-08-06 11:11:14,8874,26,ASCENDING,aws:sentinel-s1-l1c,GRD/2026/8/6/IW/DV/S1C_IW_GRDH_1SDV_20260806T111044_20260806T111114_008874_0119A8_0806,1740.1,0.0,2026-07-04,2026-10-02
S1D_IW_GRDH_1SDV_20260806T223518_20260806T223547_004011_0074AD_039C,SENTINEL-1D,S1D,IW,DV,VV+VH,2026-08-06 22:35:18,2026-08-06 22:35:47,4011,120,DESCENDING,aws:sentinel-s1-l1c,GRD/2026/8/6/IW/DV/S1D_IW_GRDH_1SDV_20260806T223518_20260806T223547_004011_0074AD_039C,26273.3,0.007,2026-07-04,2026-10-02
S1D_IW_GRDH_1SDV_20260806T223547_20260806T223612_004011_0074AD_A72F,SENTINEL-1D,S1D,IW,DV,VV+VH,2026-08-06 22:35:47,2026-08-06 22:36:12,4011,120,DESCENDING,aws:sentinel-s1-l1c,GRD/2026/8/6/IW/DV/S1D_IW_GRDH_1SDV_20260806T223547_20260806T223612_004011_0074AD_A72F,6874.5,0.002,2026-07-04,2026-10-02
S1D_IW_GRDH_1SDV_20260806T223612_20260806T223637_004011_0074AD_66AE,SENTINEL-1D,S1D,IW,DV,VV+VH,2026-08-06 22:36:12,2026-08-06 22:36:37,4011,120,DESCENDING,aws:sentinel-s1-l1c,GRD/2026/8/6/IW/DV/S1D_IW_GRDH_1SDV_20260806T223612_20260806T223637_004011_0074AD_66AE,2507.9,0.001,2026-07-04,2026-10-02
S1D_IW_GRDH_1SDV_20260806T223637_20260806T223705_004011_0074AD_F336,SENTINEL-1D,S1D,IW,DV,VV+VH,2026-08-06 22:36:37,2026-08-06 22:37:05,4011,120,DESCENDING,aws:sentinel-s1-l1c,GRD/2026/8/6/IW/DV/S1D_IW_GRDH_1SDV_20260806T223637_20260806T223705_004011_0074AD_F336,23495.4,0.006,2026-07-04,2026-10-02
S1D_IW_GRDH_1SDV_20260806T223834_20260806T223903_004011_0074AE_30FA,SENTINEL-1D,S1D,IW,DV,VV+VH,2026-08-06 22:38:34,2026-08-06 22:39:03,4011,120,DESCENDING,aws:sentinel-s1-l1c,GRD/2026/8/6/IW/DV/S1D_IW_GRDH_1SDV_20260806T223834_20260806T223903_004011_0074AE_30FA,46595.7,0.013,2026-07-04,2026-10-02
S1D_IW_GRDH_1SDV_20260806T223903_20260806T223928_004011_0074AE_5513,SENTINEL-1D,S1D,IW,DV,VV+VH,2026-08-06 22:39:03,2026-08-06 22:39:28,4011,120,DESCENDING,aws:sentinel-s1-l1c,GRD/2026/8/6/IW/DV/S1D_IW_GRDH_1SDV_20260806T223903_20260806T223928_004011_0074AE_5513,42740.9,0.012,2026-07-04,2026-10-02
S1D_IW_GRDH_1SDV_20260806T223928_20260806T223953_004011_0074AE_71B7,SENTINEL-1D,S1D,IW,DV,VV+VH,2026-08-06 22:39:28,2026-08-06 22:39:53,4011,120,DESCENDING,aws:sentinel-s1-l1c,GRD/2026/8/6/IW/DV/S1D_IW_GRDH_1SDV_20260806T223928_20260806T223953_004011_0074AE_71B7,42582.0,0.012,2026-07-04,2026-10-02
S1D_IW_GRDH_1SDV_20260806T223953_20260806T224018_004011_0074AE_61F9,SENTINEL-1D,S1D,IW,DV,VV+VH,2026-08-06 22:39:53,2026-08-06 22:40:18,4011,120,DESCENDING,aws:sentinel-s1-l1c,GRD/2026/8/6/IW/DV/S1D_IW_GRDH_1SDV_20260806T223953_20260806T224018_004011_0074AE_61F9,37234.5,0.01,2026-07-04,2026-10-02
S1D_IW_GRDH_1SDV_20260806T224018_20260806T224043_004011_0074AE_47A4,SENTINEL-1D,S1D,IW,DV,VV+VH,2026-08-06 22:40:18,2026-08-06 22:40:43,4011,120,DESCENDING,aws:sentinel-s1-l1c,GRD/2026/8/6/IW/DV/S1D_IW_GRDH_1SDV_20260806T224018_20260806T224043_004011_0074AE_47A4,9304.6,0.003,2026-07-04,2026-10-02
S1D_IW_GRDH_1SDV_20260807T110237_20260807T110306_004019_0074F3_E7D6,SENTINEL-1D,S1D,IW,DV,VV+VH,2026-08-07 11:02:37,2026-08-07 11:03:06,4019,128,ASCENDING,aws:sentinel-s1-l1c,GRD/2026/8/7/IW/DV/S1D_IW_GRDH_1SDV_20260807T110237_20260807T110306_004019_0074F3_E7D6,20130.8,0.006,2026-07-04,2026-10-02
S1D_IW_GRDH_1SDV_20260807T110421_20260807T110446_004019_0074F3_46DF,SENTINEL-1D,S1D,IW,DV,VV+VH,2026-08-07 11:04:21,2026-08-07 11:04:46,4019,128,ASCENDING,aws:sentinel-s1-l1c,GRD/2026/8/7/IW/DV/S1D_IW_GRDH_1SDV_20260807T110421_20260807T110446_004019_0074F3_46DF,3778.0,0.001,2026-07-04,2026-10-02
S1D_IW_GRDH_1SDV_20260807T110446_20260807T110511_004019_0074F3_ED05,SENTINEL-1D,S1D,IW,DV,VV+VH,2026-08-07 11:04:46,2026-08-07 11:05:11,4019,128,ASCENDING,aws:sentinel-s1-l1c,GRD/2026/8/7/IW/DV/S1D_IW_GRDH_1SDV_20260807T110446_20260807T110511_004019_0074F3_ED05,17065.2,0.005,2026-07-04,2026-10-02
S1D_IW_GRDH_1SDV_20260807T110511_20260807T110536_004019_0074F3_6CE7,SENTINEL-1D,S1D,IW,DV,VV+VH,2026-08-07 11:05:11,2026-08-07 11:05:36,4019,128,ASCENDING,aws:sentinel-s1-l1c,GRD/2026/8/7/IW/DV/S1D_IW_GRDH_1SDV_20260807T110511_20260807T110536_004019_0074F3_6CE7,11950.4,0.003,2026-07-04,2026-10-02
S1D_IW_GRDH_1SDV_20260808T222223_20260808T222253_004040_0075AB_B50A,SENTINEL-1D,S1D,IW,DV,VV+VH,2026-08-08 22:22:23,2026-08-08 22:22:53,4040,149,DESCENDING,aws:sentinel-s1-l1c,GRD/2026/8/8/IW/DV/S1D_IW_GRDH_1SDV_20260808T222223_20260808T222253_004040_0075AB_B50A,43925.0,0.012,2026-07-04,2026-10-02
S1D_IW_GRDH_1SDV_20260808T222253_20260808T222318_004040_0075AB_E1CB,SENTINEL-1D,S1D,IW,DV,VV+VH,2026-08-08 22:22:53,2026-08-08 22:23:18,4040,149,DESCENDING,aws:sentinel-s1-l1c,GRD/2026/8/8/IW/DV/S1D_IW_GRDH_1SDV_20260808T222253_20260808T222318_004040_0075AB_E1CB,3096.8,0.001,2026-07-04,2026-10-02
S1D_IW_GRDH_1SDV_20260808T222318_20260808T222343_004040_0075AB_23DB,SENTINEL-1D,S1D,IW,DV,VV+VH,2026-08-08 22:23:18,2026-08-08 22:23:43,4040,149,DESCENDING,aws:sentinel-s1-l1c,GRD/2026/8/8/IW/DV/S1D_IW_GRDH_1SDV_20260808T222318_20260808T222343_004040_0075AB_23DB,14851.2,0.004,2026-07-04,2026-10-02
S1D_IW_GRDH_1SDV_20260808T222343_20260808T222408_004040_0075AB_49A3,SENTINEL-1D,S1D,IW,DV,VV+VH,2026-08-08 22:23:43,2026-08-08 22:24:08,4040,149,DESCENDING,aws:sentinel-s1-l1c,GRD/2026/8/8/IW/DV/S1D_IW_GRDH_1SDV_20260808T222343_20260808T222408_004040_0075AB_49A3,35864.4,0.01,2026-07-04,2026-10-02
S1D_IW_GRDH_1SDV_20260808T222408_20260808T222433_004040_0075AB_C2A8,SENTINEL-1D,S1D,IW,DV,VV+VH,2026-08-08 22:24:08,2026-08-08 22:24:33,4040,149,DESCENDING,aws:sentinel-s1-l1c,GRD/2026/8/8/IW/DV/S1D_IW_GRDH_1SDV_20260808T222408_20260808T222433_004040_0075AB_C2A8,1943.0,0.001,2026-07-04,2026-10-02
S1C_IW_GRDH_1SDV_20260809T095949_20260809T100018_008917_011B05_3468,SENTINEL-1C,S1C,IW,DV,VV+VH,2026-08-09 09:59:49,2026-08-09 10:00:18,8917,69,ASCENDING,aws:sentinel-s1-l1c,GRD/2026/8/9/IW/DV/S1C_IW_GRDH_1SDV_20260809T095949_20260809T100018_008917_011B05_3468,6087.8,0.002,2026-07-04,2026-10-02
S1D_IW_GRDH_1SDV_20260809T104830_20260809T104900_004048_0075F0_983E,SENTINEL-1D,S1D,IW,DV,VV+VH,2026-08-09 10:48:30,2026-08-09 10:49:00,4048,157,ASCENDING,aws:sentinel-s1-l1c,GRD/2026/8/9/IW/DV/S1D_IW_GRDH_1SDV_20260809T104830_20260809T104900_004048_0075F0_983E,12855.0,0.004,2026-07-04,2026-10-02
S1D_IW_GRDH_1SDV_20260809T104900_20260809T104925_004048_0075F0_ACB9,SENTINEL-1D,S1D,IW,DV,VV+VH,2026-08-09 10:49:00,2026-08-09 10:49:25,4048,157,ASCENDING,aws:sentinel-s1-l1c,GRD/2026/8/9/IW/DV/S1D_IW_GRDH_1SDV_20260809T104900_20260809T104925_004048_0075F0_ACB9,31205.0,0.009,2026-07-04,2026-10-02
S1D_IW_GRDH_1SDV_20260809T104925_20260809T104950_004048_0075F0_D5AD,SENTINEL-1D,S1D,IW,DV,VV+VH,2026-08-09 10:49:25,2026-08-09 10:49:50,4048,157,ASCENDING,aws:sentinel-s1-l1c,GRD/2026/8/9/IW/DV/S1D_IW_GRDH_1SDV_20260809T104925_20260809T104950_004048_0075F0_D5AD,3773.7,0.001,2026-07-04,2026-10-02
S1D_IW_GRDH_1SDV_20260809T230041_20260809T230106_004055_007630_5502,SENTINEL-1D,S1D,IW,DV,VV+VH,2026-08-09 23:00:41,2026-08-09 23:01:06,4055,164,DESCENDING,aws:sentinel-s1-l1c,GRD/2026/8/9/IW/DV/S1D_IW_GRDH_1SDV_20260809T230041_20260809T230106_004055_007630_5502,3698.8,0.001,2026-07-04,2026-10-02
S1D_IW_GRDH_1SDV_20260809T230106_20260809T230131_004055_007630_3EFD,SENTINEL-1D,S1D,IW,DV,VV+VH,2026-08-09 23:01:06,2026-08-09 23:01:31,4055,164,DESCENDING,aws:sentinel-s1-l1c,GRD/2026/8/9/IW/DV/S1D_IW_GRDH_1SDV_20260809T230106_20260809T230131_004055_007630_3EFD,40944.4,0.011,2026-07-04,2026-10-02
S1D_IW_GRDH_1SDV_20260809T230131_20260809T230156_004055_007630_F9A0,SENTINEL-1D,S1D,IW,DV,VV+VH,2026-08-09 23:01:31,2026-08-09 23:01:56,4055,164,DESCENDING,aws:sentinel-s1-l1c,GRD/2026/8/9/IW/DV/S1D_IW_GRDH_1SDV_20260809T230131_20260809T230156_004055_007630_F9A0,42871.8,0.012,2026-07-04,2026-10-02
S1D_IW_GRDH_1SDV_20260809T230156_20260809T230221_004055_007630_832B,SENTINEL-1D,S1D,IW,DV,VV+VH,2026-08-09 23:01:56,2026-08-09 23:02:21,4055,164,DESCENDING,aws:sentinel-s1-l1c,GRD/2026/8/9/IW/DV/S1D_IW_GRDH_1SDV_20260809T230156_20260809T230221_004055_007630_832B,41398.7,0.011,2026-07-04,2026-10-02
S1D_IW_GRDH_1SDV_20260809T230221_20260809T230246_004055_007630_29CA,SENTINEL-1D,S1D,IW,DV,VV+VH,2026-08-09 23:02:21,2026-08-09 23:02:46,4055,164,DESCENDING,aws:sentinel-s1-l1c,GRD/2026/8/9/IW/DV/S1D_IW_GRDH_1SDV_20260809T230221_20260809T230246_004055_007630_29CA,19702.4,0.005,2026-07-04,2026-10-02
S1D_IW_GRDH_1SDV_20260810T112329_20260810T112354_004062_007671_3C29,SENTINEL-1D,S1D,IW,DV,VV+VH,2026-08-10 11:23:29,2026-08-10 11:23:54,4062,171,ASCENDING,aws:sentinel-s1-l1c,GRD/2026/8/10/IW/DV/S1D_IW_GRDH_1SDV_20260810T112329_20260810T112354_004062_007671_3C29,148.6,0.0,2026-07-04,2026-10-02
S1D_IW_GRDH_1SDV_20260810T112354_20260810T112419_004062_007671_8777,SENTINEL-1D,S1D,IW,DV,VV+VH,2026-08-10 11:23:54,2026-08-10 11:24:19,4062,171,ASCENDING,aws:sentinel-s1-l1c,GRD/2026/8/10/IW/DV/S1D_IW_GRDH_1SDV_20260810T112354_20260810T112419_004062_007671_8777,7041.6,0.002,2026-07-04,2026-10-02
S1D_IW_GRDH_1SDV_20260810T112419_20260810T112444_004062_007671_7269,SENTINEL-1D,S1D,IW,DV,VV+VH,2026-08-10 11:24:19,2026-08-10 11:24:44,4062,171,ASCENDING,aws:sentinel-s1-l1c,GRD/2026/8/10/IW/DV/S1D_IW_GRDH_1SDV_20260810T112419_20260810T112444_004062_007671_7269,17731.6,0.005,2026-07-04,2026-10-02
S1D_IW_GRDH_1SDV_20260810T112444_20260810T112509_004062_007671_F246,SENTINEL-1D,S1D,IW,DV,VV+VH,2026-08-10 11:24:44,2026-08-10 11:25:09,4062,171,ASCENDING,aws:sentinel-s1-l1c,GRD/2026/8/10/IW/DV/S1D_IW_GRDH_1SDV_20260810T112444_20260810T112509_004062_007671_F246,10237.4,0.003,2026-07-04,2026-10-02
S1D_IW_GRDH_1SDV_20260810T112509_20260810T112534_004063_007671_625B,SENTINEL-1D,S1D,IW,DV,VV+VH,2026-08-10 11:25:09,2026-08-10 11:25:34,4063,172,ASCENDING,aws:sentinel-s1-l1c,GRD/2026/8/10/IW/DV/S1D_IW_GRDH_1SDV_20260810T112509_20260810T112534_004063_007671_625B,6393.4,0.002,2026-07-04,2026-10-02
S1D_IW_GRDH_1SDV_20260810T112534_20260810T112559_004063_007671_0E71,SENTINEL-1D,S1D,IW,DV,VV+VH,2026-08-10 11:25:34,2026-08-10 11:25:59,4063,172,ASCENDING,aws:sentinel-s1-l1c,GRD/2026/8/10/IW/DV/S1D_IW_GRDH_1SDV_20260810T112534_20260810T112559_004063_007671_0E71,4868.7,0.001,2026-07-04,2026-10-02
S1D_IW_GRDH_1SDV_20260810T112559_20260810T112624_004063_007671_35E6,SENTINEL-1D,S1D,IW,DV,VV+VH,2026-08-10 11:25:59,2026-08-10 11:26:24,4063,172,ASCENDING,aws:sentinel-s1-l1c,GRD/2026/8/10/IW/DV/S1D_IW_GRDH_1SDV_20260810T112559_20260810T112624_004063_007671_35E6,12812.5,0.004,2026-07-04,2026-10-02
S1D_IW_GRDH_1SDV_20260810T112624_20260810T112649_004063_007671_9A1E,SENTINEL-1D,S1D,IW,DV,VV+VH,2026-08-10 11:26:24,2026-08-10 11:26:49,4063,172,ASCENDING,aws:sentinel-s1-l1c,GRD/2026/8/10/IW/DV/S1D_IW_GRDH_1SDV_20260810T112624_20260810T112649_004063_007671_9A1E,36525.5,0.01,2026-07-04,2026-10-02
S1D_IW_GRDH_1SDV_20260810T112649_20260810T112714_004063_007671_B7C1,SENTINEL-1D,S1D,IW,DV,VV+VH,2026-08-10 11:26:49,2026-08-10 11:27:14,4063,172,ASCENDING,aws:sentinel-s1-l1c,GRD/2026/8/10/IW/DV/S1D_IW_GRDH_1SDV_20260810T112649_20260810T112714_004063_007671_B7C1,42897.8,0.012,2026-07-04,2026-10-02
S1D_IW_GRDH_1SDV_20260810T112714_20260810T112739_004063_007671_15BB,SENTINEL-1D,S1D,IW,DV,VV+VH,2026-08-10 11:27:14,2026-08-10 11:27:39,4063,172,ASCENDING,aws:sentinel-s1-l1c,GRD/2026/8/10/IW/DV/S1D_IW_GRDH_1SDV_20260810T112714_20260810T112739_004063_007671_15BB,42913.0,0.012,2026-07-04,2026-10-02
S1D_IW_GRDH_1SDV_20260810T112739_20260810T112804_004063_007671_9B89,SENTINEL-1D,S1D,IW,DV,VV+VH,2026-08-10 11:27:39,2026-08-10 11:28:04,4063,172,ASCENDING,aws:sentinel-s1-l1c,GRD/2026/8/10/IW/DV/S1D_IW_GRDH_1SDV_20260810T112739_20260810T112804_004063_007671_9B89,42099.4,0.012,2026-07-04,2026-10-02
S1D_IW_GRDH_1SDV_20260810T112804_20260810T112829_004063_007671_58BE,SENTINEL-1D,S1D,IW,DV,VV+VH,2026-08-10 11:28:04,2026-08-10 11:28:29,4063,172,ASCENDING,aws:sentinel-s1-l1c,GRD/2026/8/10/IW/DV/S1D_IW_GRDH_1SDV_20260810T112804_20260810T112829_004063_007671_58BE,13392.2,0.004,2026-07-04,2026-10-02
S1D_IW_GRDH_1SDV_20260810T220500_20260810T220529_004069_0076A8_2F54,SENTINEL-1D,S1D,IW,DV,VV+VH,2026-08-10 22:05:00,2026-08-10 22:05:29,4069,3,DESCENDING,aws:sentinel-s1-l1c,GRD/2026/8/10/IW/DV/S1D_IW_GRDH_1SDV_20260810T220500_20260810T220529_004069_0076A8_2F54,40612.8,0.011,2026-07-04,2026-10-02
S1D_IW_GRDH_1SDV_20260810T220529_20260810T220554_004069_0076A8_4326,SENTINEL-1D,S1D,IW,DV,VV+VH,2026-08-10 22:05:29,2026-08-10 22:05:54,4069,3,DESCENDING,aws:sentinel-s1-l1c,GRD/2026/8/10/IW/DV/S1D_IW_GRDH_1SDV_20260810T220529_20260810T220554_004069_0076A8_4326,10691.3,0.003,2026-07-04,2026-10-02
S1C_IW_GRDH_1SDV_20260810T225046_20260810T225115_008939_011BBB_6ABC,SENTINEL-1C,S1C,IW,DV,VV+VH,2026-08-10 22:50:46,2026-08-10 22:51:15,8939,91,DESCENDING,aws:sentinel-s1-l1c,GRD/2026/8/10/IW/DV/S1C_IW_GRDH_1SDV_20260810T225046_20260810T225115_008939_011BBB_6ABC,5781.9,0.002,2026-07-04,2026-10-02
S1C_IW_GRDH_1SDV_20260810T225230_20260810T225306_008939_011BBB_BE1B,SENTINEL-1C,S1C,IW,DV,VV+VH,2026-08-10 22:52:30,2026-08-10 22:53:06,8939,91,DESCENDING,aws:sentinel-s1-l1c,GRD/2026/8/10/IW/DV/S1C_IW_GRDH_1SDV_20260810T225230_20260810T225306_008939_011BBB_BE1B,3991.2,0.001,2026-07-04,2026-10-02
S1D_IW_GRDH_1SDV_20260811T103246_20260811T103315_004077_0076F2_6F70,SENTINEL-1D,S1D,IW,DV,VV+VH,2026-08-11 10:32:46,2026-08-11 10:33:15,4077,11,ASCENDING,aws:sentinel-s1-l1c,GRD/2026/8/11/IW/DV/S1D_IW_GRDH_1SDV_20260811T103246_20260811T103315_004077_0076F2_6F70,36950.1,0.01,2026-07-04,2026-10-02
S1D_IW_GRDH_1SDV_20260811T103315_20260811T103340_004077_0076F2_2E66,SENTINEL-1D,S1D,IW,DV,VV+VH,2026-08-11 10:33:15,2026-08-11 10:33:40,4077,11,ASCENDING,aws:sentinel-s1-l1c,GRD/2026/8/11/IW/DV/S1D_IW_GRDH_1SDV_20260811T103315_20260811T103340_004077_0076F2_2E66,1281.0,0.0,2026-07-04,2026-10-02
S1C_IW_GRDH_1SDV_20260811T111902_20260811T111931_008947_011C03_61AF,SENTINEL-1C,S1C,IW,DV,VV+VH,2026-08-11 11:19:02,2026-08-11 11:19:31,8947,99,ASCENDING,aws:sentinel-s1-l1c,GRD/2026/8/11/IW/DV/S1C_IW_GRDH_1SDV_20260811T111902_20260811T111931_008947_011C03_61AF,24071.3,0.007,2026-07-04,2026-10-02
S1C_IW_GRDH_1SDV_20260811T111931_20260811T111956_008947_011C03_9575,SENTINEL-1C,S1C,IW,DV,VV+VH,2026-08-11 11:19:31,2026-08-11 11:19:56,8947,99,ASCENDING,aws:sentinel-s1-l1c,GRD/2026/8/11/IW/DV/S1C_IW_GRDH_1SDV_20260811T111931_20260811T111956_008947_011C03_9575,4402.9,0.001,2026-07-04,2026-10-02
S1C_IW_GRDH_1SDV_20260811T215151_20260811T215216_008953_011C35_4A65,SENTINEL-1C,S1C,IW,DV,VV+VH,2026-08-11 21:51:51,2026-08-11 21:52:16,8953,105,DESCENDING,aws:sentinel-s1-l1c,GRD/2026/8/11/IW/DV/S1C_IW_GRDH_1SDV_20260811T215151_20260811T215216_008953_011C35_4A65,6758.1,0.002,2026-07-04,2026-10-02
S1C_IW_GRDH_1SDV_20260811T215216_20260811T215231_008953_011C35_1D01,SENTINEL-1C,S1C,IW,DV,VV+VH,2026-08-11 21:52:16,2026-08-11 21:52:31,8953,105,DESCENDING,aws:sentinel-s1-l1c,GRD/2026/8/11/IW/DV/S1C_IW_GRDH_1SDV_20260811T215216_20260811T215231_008953_011C35_1D01,14472.5,0.004,2026-07-04,2026-10-02
S1C_IW_GRDH_1SDV_20260811T215312_20260811T215342_008953_011C36_6A30,SENTINEL-1C,S1C,IW,DV,VV+VH,2026-08-11 21:53:12,2026-08-11 21:53:42,8953,105,DESCENDING,aws:sentinel-s1-l1c,GRD/2026/8/11/IW/DV/S1C_IW_GRDH_1SDV_20260811T215312_20260811T215342_008953_011C36_6A30,42766.0,0.012,2026-07-04,2026-10-02
S1C_IW_GRDH_1SDV_20260811T215342_20260811T215407_008953_011C36_FCEA,SENTINEL-1C,S1C,IW,DV,VV+VH,2026-08-11 21:53:42,2026-08-11 21:54:07,8953,105,DESCENDING,aws:sentinel-s1-l1c,GRD/2026/8/11/IW/DV/S1C_IW_GRDH_1SDV_20260811T215342_20260811T215407_008953_011C36_FCEA,38724.1,0.011,2026-07-04,2026-10-02
S1C_IW_GRDH_1SDV_20260811T215407_20260811T215421_008953_011C36_0344,SENTINEL-1C,S1C,IW,DV,VV+VH,2026-08-11 21:54:07,2026-08-11 21:54:21,8953,105,DESCENDING,aws:sentinel-s1-l1c,GRD/2026/8/11/IW/DV/S1C_IW_GRDH_1SDV_20260811T215407_20260811T215421_008953_011C36_0344,19559.0,0.005,2026-07-04,2026-10-02
S1D_IW_GRDH_1SDV_20260811T224255_20260811T224325_004084_007730_946A,SENTINEL-1D,S1D,IW,DV,VV+VH,2026-08-11 22:42:55,2026-08-11 22:43:25,4084,18,DESCENDING,aws:sentinel-s1-l1c,GRD/2026/8/11/IW/DV/S1D_IW_GRDH_1SDV_20260811T224255_20260811T224325_004084_007730_946A,35170.0,0.01,2026-07-04,2026-10-02
S1D_IW_GRDH_1SDV_20260811T224325_20260811T224350_004084_007730_7A80,SENTINEL-1D,S1D,IW,DV,VV+VH,2026-08-11 22:43:25,2026-08-11 22:43:50,4084,18,DESCENDING,aws:sentinel-s1-l1c,GRD/2026/8/11/IW/DV/S1D_IW_GRDH_1SDV_20260811T224325_20260811T224350_004084_007730_7A80,1663.4,0.0,2026-07-04,2026-10-02
S1D_IW_GRDH_1SDV_20260811T224505_20260811T224530_004084_007730_0CBC,SENTINEL-1D,S1D,IW,DV,VV+VH,2026-08-11 22:45:05,2026-08-11 22:45:30,4084,18,DESCENDING,aws:sentinel-s1-l1c,GRD/2026/8/11/IW/DV/S1D_IW_GRDH_1SDV_20260811T224505_20260811T224530_004084_007730_0CBC,11568.9,0.003,2026-07-04,2026-10-02
S1D_IW_GRDH_1SDV_20260811T224530_20260811T224548_004084_007730_83B6,SENTINEL-1D,S1D,IW,DV,VV+VH,2026-08-11 22:45:30,2026-08-11 22:45:48,4084,18,DESCENDING,aws:sentinel-s1-l1c,GRD/2026/8/11/IW/DV/S1D_IW_GRDH_1SDV_20260811T224530_20260811T224548_004084_007730_83B6,24161.0,0.007,2026-07-04,2026-10-02
S1D_IW_GRDH_1SDV_20260811T224625_20260811T224654_004084_007731_5698,SENTINEL-1D,S1D,IW,DV,VV+VH,2026-08-11 22:46:25,2026-08-11 22:46:54,4084,18,DESCENDING,aws:sentinel-s1-l1c,GRD/2026/8/11/IW/DV/S1D_IW_GRDH_1SDV_20260811T224625_20260811T224654_004084_007731_5698,46339.0,0.013,2026-07-04,2026-10-02
S1D_IW_GRDH_1SDV_20260811T224654_20260811T224719_004084_007731_A797,SENTINEL-1D,S1D,IW,DV,VV+VH,2026-08-11 22:46:54,2026-08-11 22:47:19,4084,18,DESCENDING,aws:sentinel-s1-l1c,GRD/2026/8/11/IW/DV/S1D_IW_GRDH_1SDV_20260811T224654_20260811T224719_004084_007731_A797,38532.8,0.011,2026-07-04,2026-10-02
S1D_IW_GRDH_1SDV_20260811T224719_20260811T224744_004084_007731_57D3,SENTINEL-1D,S1D,IW,DV,VV+VH,2026-08-11 22:47:19,2026-08-11 22:47:44,4084,18,DESCENDING,aws:sentinel-s1-l1c,GRD/2026/8/11/IW/DV/S1D_IW_GRDH_1SDV_20260811T224719_20260811T224744_004084_007731_57D3,18278.9,0.005,2026-07-04,2026-10-02
S1D_IW_GRDH_1SDV_20260811T224744_20260811T224809_004084_007731_D6E3,SENTINEL-1D,S1D,IW,DV,VV+VH,2026-08-11 22:47:44,2026-08-11 22:48:09,4084,18,DESCENDING,aws:sentinel-s1-l1c,GRD/2026/8/11/IW/DV/S1D_IW_GRDH_1SDV_20260811T224744_20260811T224809_004084_007731_D6E3,25484.8,0.007,2026-07-04,2026-10-02
S1D_IW_GRDH_1SDV_20260811T224809_20260811T224834_004084_007731_101B,SENTINEL-1D,S1D,IW,DV,VV+VH,2026-08-11 22:48:09,2026-08-11 22:48:34,4084,18,DESCENDING,aws:sentinel-s1-l1c,GRD/2026/8/11/IW/DV/S1D_IW_GRDH_1SDV_20260811T224809_20260811T224834_004084_007731_101B,6299.6,0.002,2026-07-04,2026-10-02
S1D_IW_GRDH_1SDV_20260812T110708_20260812T110736_004091_00776E_0A43,SENTINEL-1D,S1D,IW,DV,VV+VH,2026-08-12 11:07:08,2026-08-12 11:07:36,4091,25,ASCENDING,aws:sentinel-s1-l1c,GRD/2026/8/12/IW/DV/S1D_IW_GRDH_1SDV_20260812T110708_20260812T110736_004091_00776E_0A43,14620.2,0.004,2026-07-04,2026-10-02
S1D_IW_GRDH_1SDV_20260812T111022_20260812T111051_004092_007771_3991,SENTINEL-1D,S1D,IW,DV,VV+VH,2026-08-12 11:10:22,2026-08-12 11:10:51,4092,26,ASCENDING,aws:sentinel-s1-l1c,GRD/2026/8/12/IW/DV/S1D_IW_GRDH_1SDV_20260812T111022_20260812T111051_004092_007771_3991,33462.1,0.009,2026-07-04,2026-10-02
S1D_IW_GRDH_1SDV_20260812T111051_20260812T111116_004092_007771_B4CB,SENTINEL-1D,S1D,IW,DV,VV+VH,2026-08-12 11:10:51,2026-08-12 11:11:16,4092,26,ASCENDING,aws:sentinel-s1-l1c,GRD/2026/8/12/IW/DV/S1D_IW_GRDH_1SDV_20260812T111051_20260812T111116_004092_007771_B4CB,6023.9,0.002,2026-07-04,2026-10-02
S1D_IW_GRDH_1SDV_20260812T214438_20260812T214507_004098_0077A9_24A3,SENTINEL-1D,S1D,IW,DV,VV+VH,2026-08-12 21:44:38,2026-08-12 21:45:07,4098,32,DESCENDING,aws:sentinel-s1-l1c,GRD/2026/8/12/IW/DV/S1D_IW_GRDH_1SDV_20260812T214438_20260812T214507_004098_0077A9_24A3,24837.7,0.007,2026-07-04,2026-10-02
S1D_IW_GRDH_1SDV_20260812T214507_20260812T214532_004098_0077A9_6BBC,SENTINEL-1D,S1D,IW,DV,VV+VH,2026-08-12 21:45:07,2026-08-12 21:45:32,4098,32,DESCENDING,aws:sentinel-s1-l1c,GRD/2026/8/12/IW/DV/S1D_IW_GRDH_1SDV_20260812T214507_20260812T214532_004098_0077A9_6BBC,17336.4,0.005,2026-07-04,2026-10-02
S1D_IW_GRDH_1SDV_20260812T214532_20260812T214557_004098_0077A9_5FAF,SENTINEL-1D,S1D,IW,DV,VV+VH,2026-08-12 21:45:32,2026-08-12 21:45:57,4098,32,DESCENDING,aws:sentinel-s1-l1c,GRD/2026/8/12/IW/DV/S1D_IW_GRDH_1SDV_20260812T214532_20260812T214557_004098_0077A9_5FAF,1187.3,0.0,2026-07-04,2026-10-02
S1D_IW_GRDH_1SDV_20260812T214557_20260812T214622_004098_0077A9_6A28,SENTINEL-1D,S1D,IW,DV,VV+VH,2026-08-12 21:45:57,2026-08-12 21:46:22,4098,32,DESCENDING,aws:sentinel-s1-l1c,GRD/2026/8/12/IW/DV/S1D_IW_GRDH_1SDV_20260812T214557_20260812T214622_004098_0077A9_6A28,1566.5,0.0,2026-07-04,2026-10-02
S1D_IW_GRDH_1SDV_20260812T214622_20260812T214647_004098_0077A9_20E3,SENTINEL-1D,S1D,IW,DV,VV+VH,2026-08-12 21:46:22,2026-08-12 21:46:47,4098,32,DESCENDING,aws:sentinel-s1-l1c,GRD/2026/8/12/IW/DV/S1D_IW_GRDH_1SDV_20260812T214622_20260812T214647_004098_0077A9_20E3,18548.9,0.005,2026-07-04,2026-10-02
S1D_IW_GRDH_1SDV_20260812T214647_20260812T214712_004098_0077A9_75BF,SENTINEL-1D,S1D,IW,DV,VV+VH,2026-08-12 21:46:47,2026-08-12 21:47:12,4098,32,DESCENDING,aws:sentinel-s1-l1c,GRD/2026/8/12/IW/DV/S1D_IW_GRDH_1SDV_20260812T214647_20260812T214712_004098_0077A9_75BF,18074.7,0.005,2026-07-04,2026-10-02
S1D_IW_GRDH_1SDV_20260812T214712_20260812T214737_004098_0077A9_2092,SENTINEL-1D,S1D,IW,DV,VV+VH,2026-08-12 21:47:12,2026-08-12 21:47:37,4098,32,DESCENDING,aws:sentinel-s1-l1c,GRD/2026/8/12/IW/DV/S1D_IW_GRDH_1SDV_20260812T214712_20260812T214737_004098_0077A9_2092,5480.3,0.002,2026-07-04,2026-10-02
S1D_IW_GRDH_1SDV_20260812T214737_20260812T214802_004098_0077A9_E717,SENTINEL-1D,S1D,IW,DV,VV+VH,2026-08-12 21:47:37,2026-08-12 21:48:02,4098,32,DESCENDING,aws:sentinel-s1-l1c,GRD/2026/8/12/IW/DV/S1D_IW_GRDH_1SDV_20260812T214737_20260812T214802_004098_0077A9_E717,80.8,0.0,2026-07-04,2026-10-02
S1C_IW_GRDH_1SDV_20260812T223508_20260812T223537_008968_011CB4_FE5A,SENTINEL-1C,S1C,IW,DV,VV+VH,2026-08-12 22:35:08,2026-08-12 22:35:37,8968,120,DESCENDING,aws:sentinel-s1-l1c,GRD/2026/8/12/IW/DV/S1C_IW_GRDH_1SDV_20260812T223508_20260812T223537_008968_011CB4_FE5A,23264.5,0.006,2026-07-04,2026-10-02
S1C_IW_GRDH_1SDV_20260812T223537_20260812T223602_008968_011CB4_2AF9,SENTINEL-1C,S1C,IW,DV,VV+VH,2026-08-12 22:35:37,2026-08-12 22:36:02,8968,120,DESCENDING,aws:sentinel-s1-l1c,GRD/2026/8/12/IW/DV/S1C_IW_GRDH_1SDV_20260812T223537_20260812T223602_008968_011CB4_2AF9,5744.5,0.002,2026-07-04,2026-10-02
S1C_IW_GRDH_1SDV_20260812T223602_20260812T223627_008968_011CB4_4F71,SENTINEL-1C,S1C,IW,DV,VV+VH,2026-08-12 22:36:02,2026-08-12 22:36:27,8968,120,DESCENDING,aws:sentinel-s1-l1c,GRD/2026/8/12/IW/DV/S1C_IW_GRDH_1SDV_20260812T223602_20260812T223627_008968_011CB4_4F71,3075.8,0.001,2026-07-04,2026-10-02
S1C_IW_GRDH_1SDV_20260812T223627_20260812T223644_008968_011CB4_CFB6,SENTINEL-1C,S1C,IW,DV,VV+VH,2026-08-12 22:36:27,2026-08-12 22:36:44,8968,120,DESCENDING,aws:sentinel-s1-l1c,GRD/2026/8/12/IW/DV/S1C_IW_GRDH_1SDV_20260812T223627_20260812T223644_008968_011CB4_CFB6,10313.6,0.003,2026-07-04,2026-10-02
S1D_IW_GRDH_1SDV_20260813T101649_20260813T101718_004106_0077EC_257E,SENTINEL-1D,S1D,IW,DV,VV+VH,2026-08-13 10:16:49,2026-08-13 10:17:18,4106,40,ASCENDING,aws:sentinel-s1-l1c,GRD/2026/8/13/IW/DV/S1D_IW_GRDH_1SDV_20260813T101649_20260813T101718_004106_0077EC_257E,20327.9,0.006,2026-07-04,2026-10-02
S1C_IW_GRDH_1SDV_20260814T100534_20260814T100559_008990_011D72_2E08,SENTINEL-1C,S1C,IW,DV,VV+VH,2026-08-14 10:05:34,2026-08-14 10:05:59,8990,142,ASCENDING,aws:sentinel-s1-l1c,GRD/2026/8/14/IW/DV/S1C_IW_GRDH_1SDV_20260814T100534_20260814T100559_008990_011D72_2E08,10135.4,0.003,2026-07-04,2026-10-02
S1C_IW_GRDH_1SDV_20260814T100559_20260814T100624_008990_011D72_5D03,SENTINEL-1C,S1C,IW,DV,VV+VH,2026-08-14 10:05:59,2026-08-14 10:06:24,8990,142,ASCENDING,aws:sentinel-s1-l1c,GRD/2026/8/14/IW/DV/S1C_IW_GRDH_1SDV_20260814T100559_20260814T100624_008990_011D72_5D03,11625.3,0.003,2026-07-04,2026-10-02
S1C_IW_GRDH_1SDV_20260814T100624_20260814T100649_008990_011D72_81FA,SENTINEL-1C,S1C,IW,DV,VV+VH,2026-08-14 10:06:24,2026-08-14 10:06:49,8990,142,ASCENDING,aws:sentinel-s1-l1c,GRD/2026/8/14/IW/DV/S1C_IW_GRDH_1SDV_20260814T100624_20260814T100649_008990_011D72_81FA,11501.8,0.003,2026-07-04,2026-10-02
S1C_IW_GRDH_1SDV_20260814T100649_20260814T100722_008990_011D72_8C7A,SENTINEL-1C,S1C,IW,DV,VV+VH,2026-08-14 10:06:49,2026-08-14 10:07:22,8990,142,ASCENDING,aws:sentinel-s1-l1c,GRD/2026/8/14/IW/DV/S1C_IW_GRDH_1SDV_20260814T100649_20260814T100722_008990_011D72_8C7A,35402.4,0.01,2026-07-04,2026-10-02
S1D_IW_GRDH_1SDV_20260814T230839_20260814T230904_004128_0078B3_6528,SENTINEL-1D,S1D,IW,DV,VV+VH,2026-08-14 23:08:39,2026-08-14 23:09:04,4128,62,DESCENDING,aws:sentinel-s1-l1c,GRD/2026/8/14/IW/DV/S1D_IW_GRDH_1SDV_20260814T230839_20260814T230904_004128_0078B3_6528,3326.1,0.001,2026-07-04,2026-10-02
S1D_IW_GRDH_1SDV_20260814T230904_20260814T230929_004128_0078B3_D4D3,SENTINEL-1D,S1D,IW,DV,VV+VH,2026-08-14 23:09:04,2026-08-14 23:09:29,4128,62,DESCENDING,aws:sentinel-s1-l1c,GRD/2026/8/14/IW/DV/S1D_IW_GRDH_1SDV_20260814T230904_20260814T230929_004128_0078B3_D4D3,20455.8,0.006,2026-07-04,2026-10-02
S1D_IW_GRDH_1SDV_20260814T230929_20260814T230954_004128_0078B3_5162,SENTINEL-1D,S1D,IW,DV,VV+VH,2026-08-14 23:09:29,2026-08-14 23:09:54,4128,62,DESCENDING,aws:sentinel-s1-l1c,GRD/2026/8/14/IW/DV/S1D_IW_GRDH_1SDV_20260814T230929_20260814T230954_004128_0078B3_5162,25826.3,0.007,2026-07-04,2026-10-02
S1D_IW_GRDH_1SDV_20260814T230954_20260814T231019_004128_0078B3_D1BE,SENTINEL-1D,S1D,IW,DV,VV+VH,2026-08-14 23:09:54,2026-08-14 23:10:19,4128,62,DESCENDING,aws:sentinel-s1-l1c,GRD/2026/8/14/IW/DV/S1D_IW_GRDH_1SDV_20260814T230954_20260814T231019_004128_0078B3_D1BE,20010.8,0.005,2026-07-04,2026-10-02
S1D_IW_GRDH_1SDV_20260814T231019_20260814T231044_004128_0078B3_140B,SENTINEL-1D,S1D,IW,DV,VV+VH,2026-08-14 23:10:19,2026-08-14 23:10:44,4128,62,DESCENDING,aws:sentinel-s1-l1c,GRD/2026/8/14/IW/DV/S1D_IW_GRDH_1SDV_20260814T231019_20260814T231044_004128_0078B3_140B,566.9,0.0,2026-07-04,2026-10-02
S1D_IW_GRDH_1SDV_20260815T100027_20260815T100057_004135_0078F7_8A81,SENTINEL-1D,S1D,IW,DV,VV+VH,2026-08-15 10:00:27,2026-08-15 10:00:57,4135,69,ASCENDING,aws:sentinel-s1-l1c,GRD/2026/8/15/IW/DV/S1D_IW_GRDH_1SDV_20260815T100027_20260815T100057_004135_0078F7_8A81,14.4,0.0,2026-07-04,2026-10-02
S1C_IW_GRDH_1SDV_20260815T104815_20260815T104844_009005_011E02_02A9,SENTINEL-1C,S1C,IW,DV,VV+VH,2026-08-15 10:48:15,2026-08-15 10:48:44,9005,157,ASCENDING,aws:sentinel-s1-l1c,GRD/2026/8/15/IW/DV/S1C_IW_GRDH_1SDV_20260815T104815_20260815T104844_009005_011E02_02A9,15718.7,0.004,2026-07-04,2026-10-02
S1C_IW_GRDH_1SDV_20260815T104844_20260815T104918_009005_011E02_E442,SENTINEL-1C,S1C,IW,DV,VV+VH,2026-08-15 10:48:44,2026-08-15 10:49:18,9005,157,ASCENDING,aws:sentinel-s1-l1c,GRD/2026/8/15/IW/DV/S1C_IW_GRDH_1SDV_20260815T104844_20260815T104918_009005_011E02_E442,35836.9,0.01,2026-07-04,2026-10-02
S1D_IW_GRDH_1SDV_20260815T113434_20260815T113459_004136_007902_1FA6,SENTINEL-1D,S1D,IW,DV,VV+VH,2026-08-15 11:34:34,2026-08-15 11:34:59,4136,70,ASCENDING,aws:sentinel-s1-l1c,GRD/2026/8/15/IW/DV/S1D_IW_GRDH_1SDV_20260815T113434_20260815T113459_004136_007902_1FA6,6452.5,0.002,2026-07-04,2026-10-02
S1D_IW_GRDH_1SDV_20260815T113459_20260815T113524_004136_007902_9948,SENTINEL-1D,S1D,IW,DV,VV+VH,2026-08-15 11:34:59,2026-08-15 11:35:24,4136,70,ASCENDING,aws:sentinel-s1-l1c,GRD/2026/8/15/IW/DV/S1D_IW_GRDH_1SDV_20260815T113459_20260815T113524_004136_007902_9948,12231.2,0.003,2026-07-04,2026-10-02
S1D_IW_GRDH_1SDV_20260815T113524_20260815T113549_004136_007902_A2FE,SENTINEL-1D,S1D,IW,DV,VV+VH,2026-08-15 11:35:24,2026-08-15 11:35:49,4136,70,ASCENDING,aws:sentinel-s1-l1c,GRD/2026/8/15/IW/DV/S1D_IW_GRDH_1SDV_20260815T113524_20260815T113549_004136_007902_A2FE,22898.2,0.006,2026-07-04,2026-10-02
S1D_IW_GRDH_1SDV_20260815T113549_20260815T113614_004136_007902_DF8E,SENTINEL-1D,S1D,IW,DV,VV+VH,2026-08-15 11:35:49,2026-08-15 11:36:14,4136,70,ASCENDING,aws:sentinel-s1-l1c,GRD/2026/8/15/IW/DV/S1D_IW_GRDH_1SDV_20260815T113549_20260815T113614_004136_007902_DF8E,8146.2,0.002,2026-07-04,2026-10-02
S1D_IW_GRDH_1SDV_20260815T113614_20260815T113639_004136_007902_F6BE,SENTINEL-1D,S1D,IW,DV,VV+VH,2026-08-15 11:36:14,2026-08-15 11:36:39,4136,70,ASCENDING,aws:sentinel-s1-l1c,GRD/2026/8/15/IW/DV/S1D_IW_GRDH_1SDV_20260815T113614_20260815T113639_004136_007902_F6BE,0.0,0.0,2026-07-04,2026-10-02
S1D_IW_GRDH_1SDV_20260815T221342_20260815T221411_004142_00793E_2782,SENTINEL-1D,S1D,IW,DV,VV+VH,2026-08-15 22:13:42,2026-08-15 22:14:11,4142,76,DESCENDING,aws:sentinel-s1-l1c,GRD/2026/8/15/IW/DV/S1D_IW_GRDH_1SDV_20260815T221342_20260815T221411_004142_00793E_2782,43497.1,0.012,2026-07-04,2026-10-02
S1D_IW_GRDH_1SDV_20260815T221411_20260815T221436_004142_00793E_D1F2,SENTINEL-1D,S1D,IW,DV,VV+VH,2026-08-15 22:14:11,2026-08-15 22:14:36,4142,76,DESCENDING,aws:sentinel-s1-l1c,GRD/2026/8/15/IW/DV/S1D_IW_GRDH_1SDV_20260815T221411_20260815T221436_004142_00793E_D1F2,12328.2,0.003,2026-07-04,2026-10-02
S1D_IW_GRDH_1SDV_20260815T221436_20260815T221501_004142_00793E_41FB,SENTINEL-1D,S1D,IW,DV,VV+VH,2026-08-15 22:14:36,2026-08-15 22:15:01,4142,76,DESCENDING,aws:sentinel-s1-l1c,GRD/2026/8/15/IW/DV/S1D_IW_GRDH_1SDV_20260815T221436_20260815T221501_004142_00793E_41FB,631.2,0.0,2026-07-04,2026-10-02
S1D_IW_GRDH_1SDV_20260815T221551_20260815T221616_004142_00793E_6051,SENTINEL-1D,S1D,IW,DV,VV+VH,2026-08-15 22:15:51,2026-08-15 22:16:16,4142,76,DESCENDING,aws:sentinel-s1-l1c,GRD/2026/8/15/IW/DV/S1D_IW_GRDH_1SDV_20260815T221551_20260815T221616_004142_00793E_6051,516.4,0.0,2026-07-04,2026-10-02
S1C_IW_GRDH_1SDV_20260815T230036_20260815T230101_009012_011E41_372A,SENTINEL-1C,S1C,IW,DV,VV+VH,2026-08-15 23:00:36,2026-08-15 23:01:01,9012,164,DESCENDING,aws:sentinel-s1-l1c,GRD/2026/8/15/IW/DV/S1C_IW_GRDH_1SDV_20260815T230036_20260815T230101_009012_011E41_372A,12013.1,0.003,2026-07-04,2026-10-02
S1D_IW_GRDH_1SDV_20260816T104030_20260816T104059_004150_00797A_7DC0,SENTINEL-1D,S1D,IW,DV,VV+VH,2026-08-16 10:40:30,2026-08-16 10:40:59,4150,84,ASCENDING,aws:sentinel-s1-l1c,GRD/2026/8/16/IW/DV/S1D_IW_GRDH_1SDV_20260816T104030_20260816T104059_004150_00797A_7DC0,43178.2,0.012,2026-07-04,2026-10-02
S1D_IW_GRDH_1SDV_20260816T104059_20260816T104124_004150_00797A_CF83,SENTINEL-1D,S1D,IW,DV,VV+VH,2026-08-16 10:40:59,2026-08-16 10:41:24,4150,84,ASCENDING,aws:sentinel-s1-l1c,GRD/2026/8/16/IW/DV/S1D_IW_GRDH_1SDV_20260816T104059_20260816T104124_004150_00797A_CF83,22292.2,0.006,2026-07-04,2026-10-02
S1D_IW_GRDH_1SDV_20260817T111528_20260817T111553_004164_0079F6_A7C7,SENTINEL-1D,S1D,IW,DV,VV+VH,2026-08-17 11:15:28,2026-08-17 11:15:53,4164,98,ASCENDING,aws:sentinel-s1-l1c,GRD/2026/8/17/IW/DV/S1D_IW_GRDH_1SDV_20260817T111528_20260817T111553_004164_0079F6_A7C7,15471.3,0.004,2026-07-04,2026-10-02
S1D_IW_GRDH_1SDV_20260817T111553_20260817T111618_004164_0079F6_2FEC,SENTINEL-1D,S1D,IW,DV,VV+VH,2026-08-17 11:15:53,2026-08-17 11:16:18,4164,98,ASCENDING,aws:sentinel-s1-l1c,GRD/2026/8/17/IW/DV/S1D_IW_GRDH_1SDV_20260817T111553_20260817T111618_004164_0079F6_2FEC,39651.8,0.011,2026-07-04,2026-10-02
S1D_IW_GRDH_1SDV_20260817T111618_20260817T111643_004164_0079F6_EB0F,SENTINEL-1D,S1D,IW,DV,VV+VH,2026-08-17 11:16:18,2026-08-17 11:16:43,4164,98,ASCENDING,aws:sentinel-s1-l1c,GRD/2026/8/17/IW/DV/S1D_IW_GRDH_1SDV_20260817T111618_20260817T111643_004164_0079F6_EB0F,41317.1,0.011,2026-07-04,2026-10-02
S1D_IW_GRDH_1SDV_20260817T111643_20260817T111708_004165_0079F6_02A7,SENTINEL-1D,S1D,IW,DV,VV+VH,2026-08-17 11:16:43,2026-08-17 11:17:08,4165,99,ASCENDING,aws:sentinel-s1-l1c,GRD/2026/8/17/IW/DV/S1D_IW_GRDH_1SDV_20260817T111643_20260817T111708_004165_0079F6_02A7,38445.1,0.011,2026-07-04,2026-10-02
S1D_IW_GRDH_1SDV_20260817T111708_20260817T111733_004165_0079F6_2FB5,SENTINEL-1D,S1D,IW,DV,VV+VH,2026-08-17 11:17:08,2026-08-17 11:17:33,4165,99,ASCENDING,aws:sentinel-s1-l1c,GRD/2026/8/17/IW/DV/S1D_IW_GRDH_1SDV_20260817T111708_20260817T111733_004165_0079F6_2FB5,42735.4,0.012,2026-07-04,2026-10-02
S1D_IW_GRDH_1SDV_20260817T111733_20260817T111758_004165_0079F6_1C46,SENTINEL-1D,S1D,IW,DV,VV+VH,2026-08-17 11:17:33,2026-08-17 11:17:58,4165,99,ASCENDING,aws:sentinel-s1-l1c,GRD/2026/8/17/IW/DV/S1D_IW_GRDH_1SDV_20260817T111733_20260817T111758_004165_0079F6_1C46,42071.8,0.012,2026-07-04,2026-10-02
S1D_IW_GRDH_1SDV_20260817T111758_20260817T111823_004165_0079F6_45DD,SENTINEL-1D,S1D,IW,DV,VV+VH,2026-08-17 11:17:58,2026-08-17 11:18:23,4165,99,ASCENDING,aws:sentinel-s1-l1c,GRD/2026/8/17/IW/DV/S1D_IW_GRDH_1SDV_20260817T111758_20260817T111823_004165_0079F6_45DD,42780.0,0.012,2026-07-04,2026-10-02
S1D_IW_GRDH_1SDV_20260817T111823_20260817T111848_004165_0079F6_FF00,SENTINEL-1D,S1D,IW,DV,VV+VH,2026-08-17 11:18:23,2026-08-17 11:18:48,4165,99,ASCENDING,aws:sentinel-s1-l1c,GRD/2026/8/17/IW/DV/S1D_IW_GRDH_1SDV_20260817T111823_20260817T111848_004165_0079F6_FF00,42704.4,0.012,2026-07-04,2026-10-02
S1D_IW_GRDH_1SDV_20260817T111848_20260817T111913_004165_0079F6_63C4,SENTINEL-1D,S1D,IW,DV,VV+VH,2026-08-17 11:18:48,2026-08-17 11:19:13,4165,99,ASCENDING,aws:sentinel-s1-l1c,GRD/2026/8/17/IW/DV/S1D_IW_GRDH_1SDV_20260817T111848_20260817T111913_004165_0079F6_63C4,42328.5,0.012,2026-07-04,2026-10-02
S1D_IW_GRDH_1SDV_20260817T111913_20260817T111938_004165_0079F6_B0A8,SENTINEL-1D,S1D,IW,DV,VV+VH,2026-08-17 11:19:13,2026-08-17 11:19:38,4165,99,ASCENDING,aws:sentinel-s1-l1c,GRD/2026/8/17/IW/DV/S1D_IW_GRDH_1SDV_20260817T111913_20260817T111938_004165_0079F6_B0A8,25620.4,0.007,2026-07-04,2026-10-02
S1D_IW_GRDH_1SDV_20260817T111938_20260817T112003_004165_0079F6_6F46,SENTINEL-1D,S1D,IW,DV,VV+VH,2026-08-17 11:19:38,2026-08-17 11:20:03,4165,99,ASCENDING,aws:sentinel-s1-l1c,GRD/2026/8/17/IW/DV/S1D_IW_GRDH_1SDV_20260817T111938_20260817T112003_004165_0079F6_6F46,8699.4,0.002,2026-07-04,2026-10-02
S1D_IW_GRDH_1SDV_20260817T215323_20260817T215352_004171_007A2B_9B9B,SENTINEL-1D,S1D,IW,DV,VV+VH,2026-08-17 21:53:23,2026-08-17 21:53:52,4171,105,DESCENDING,aws:sentinel-s1-l1c,GRD/2026/8/17/IW/DV/S1D_IW_GRDH_1SDV_20260817T215323_20260817T215352_004171_007A2B_9B9B,43299.3,0.012,2026-07-04,2026-10-02
S1D_IW_GRDH_1SDV_20260817T215352_20260817T215417_004171_007A2B_C363,SENTINEL-1D,S1D,IW,DV,VV+VH,2026-08-17 21:53:52,2026-08-17 21:54:17,4171,105,DESCENDING,aws:sentinel-s1-l1c,GRD/2026/8/17/IW/DV/S1D_IW_GRDH_1SDV_20260817T215352_20260817T215417_004171_007A2B_C363,39176.5,0.011,2026-07-04,2026-10-02
S1D_IW_GRDH_1SDV_20260817T215417_20260817T215431_004171_007A2B_3495,SENTINEL-1D,S1D,IW,DV,VV+VH,2026-08-17 21:54:17,2026-08-17 21:54:31,4171,105,DESCENDING,aws:sentinel-s1-l1c,GRD/2026/8/17/IW/DV/S1D_IW_GRDH_1SDV_20260817T215417_20260817T215431_004171_007A2B_3495,18807.7,0.005,2026-07-04,2026-10-02
S1D_IW_GRDH_1SDV_20260817T215516_20260817T215545_004171_007A2C_6E4E,SENTINEL-1D,S1D,IW,DV,VV+VH,2026-08-17 21:55:16,2026-08-17 21:55:45,4171,105,DESCENDING,aws:sentinel-s1-l1c,GRD/2026/8/17/IW/DV/S1D_IW_GRDH_1SDV_20260817T215516_20260817T215545_004171_007A2C_6E4E,48310.6,0.013,2026-07-04,2026-10-02
S1D_IW_GRDH_1SDV_20260817T215545_20260817T215610_004171_007A2C_4296,SENTINEL-1D,S1D,IW,DV,VV+VH,2026-08-17 21:55:45,2026-08-17 21:56:10,4171,105,DESCENDING,aws:sentinel-s1-l1c,GRD/2026/8/17/IW/DV/S1D_IW_GRDH_1SDV_20260817T215545_20260817T215610_004171_007A2C_4296,31215.1,0.009,2026-07-04,2026-10-02
S1D_IW_GRDH_1SDV_20260817T215610_20260817T215635_004171_007A2C_5DF9,SENTINEL-1D,S1D,IW,DV,VV+VH,2026-08-17 21:56:10,2026-08-17 21:56:35,4171,105,DESCENDING,aws:sentinel-s1-l1c,GRD/2026/8/17/IW/DV/S1D_IW_GRDH_1SDV_20260817T215610_20260817T215635_004171_007A2C_5DF9,13303.6,0.004,2026-07-04,2026-10-02
S1D_IW_GRDH_1SDV_20260817T215635_20260817T215700_004171_007A2C_1D58,SENTINEL-1D,S1D,IW,DV,VV+VH,2026-08-17 21:56:35,2026-08-17 21:57:00,4171,105,DESCENDING,aws:sentinel-s1-l1c,GRD/2026/8/17/IW/DV/S1D_IW_GRDH_1SDV_20260817T215635_20260817T215700_004171_007A2C_1D58,7638.4,0.002,2026-07-04,2026-10-02
S1D_IW_GRDH_1SDV_20260817T215700_20260817T215725_004171_007A2C_C5C1,SENTINEL-1D,S1D,IW,DV,VV+VH,2026-08-17 21:57:00,2026-08-17 21:57:25,4171,105,DESCENDING,aws:sentinel-s1-l1c,GRD/2026/8/17/IW/DV/S1D_IW_GRDH_1SDV_20260817T215700_20260817T215725_004171_007A2C_C5C1,284.9,0.0,2026-07-04,2026-10-02
S1C_IW_GRDH_1SDV_20260817T224254_20260817T224323_009041_011F24_3F26,SENTINEL-1C,S1C,IW,DV,VV+VH,2026-08-17 22:42:54,2026-08-17 22:43:23,9041,18,DESCENDING,aws:sentinel-s1-l1c,GRD/2026/8/17/IW/DV/S1C_IW_GRDH_1SDV_20260817T224254_20260817T224323_009041_011F24_3F26,19008.4,0.005,2026-07-04,2026-10-02
S1C_IW_GRDH_1SDV_20260817T224438_20260817T224503_009041_011F24_4A95,SENTINEL-1C,S1C,IW,DV,VV+VH,2026-08-17 22:44:38,2026-08-17 22:45:03,9041,18,DESCENDING,aws:sentinel-s1-l1c,GRD/2026/8/17/IW/DV/S1C_IW_GRDH_1SDV_20260817T224438_20260817T224503_009041_011F24_4A95,1103.8,0.0,2026-07-04,2026-10-02
S1D_IW_GRDH_1SDV_20260818T102450_20260818T102519_004179_007A71_A609,SENTINEL-1D,S1D,IW,DV,VV+VH,2026-08-18 10:24:50,2026-08-18 10:25:19,4179,113,ASCENDING,aws:sentinel-s1-l1c,GRD/2026/8/18/IW/DV/S1D_IW_GRDH_1SDV_20260818T102450_20260818T102519_004179_007A71_A609,22393.4,0.006,2026-07-04,2026-10-02
S1C_IW_GRDH_1SDV_20260818T111045_20260818T111115_009049_011F69_6107,SENTINEL-1C,S1C,IW,DV,VV+VH,2026-08-18 11:10:45,2026-08-18 11:11:15,9049,26,ASCENDING,aws:sentinel-s1-l1c,GRD/2026/8/18/IW/DV/S1C_IW_GRDH_1SDV_20260818T111045_20260818T111115_009049_011F69_6107,1739.5,0.0,2026-07-04,2026-10-02
S1C_IW_GRDH_1SDV_20260818T214442_20260818T214511_009055_011F9B_E143,SENTINEL-1C,S1C,IW,DV,VV+VH,2026-08-18 21:44:42,2026-08-18 21:45:11,9055,32,DESCENDING,aws:sentinel-s1-l1c,GRD/2026/8/18/IW/DV/S1C_IW_GRDH_1SDV_20260818T214442_20260818T214511_009055_011F9B_E143,29153.4,0.008,2026-07-04,2026-10-02
S1C_IW_GRDH_1SDV_20260818T214511_20260818T214536_009055_011F9B_BDB8,SENTINEL-1C,S1C,IW,DV,VV+VH,2026-08-18 21:45:11,2026-08-18 21:45:36,9055,32,DESCENDING,aws:sentinel-s1-l1c,GRD/2026/8/18/IW/DV/S1C_IW_GRDH_1SDV_20260818T214511_20260818T214536_009055_011F9B_BDB8,620.6,0.0,2026-07-04,2026-10-02
S1C_IW_GRDH_1SDV_20260818T214536_20260818T214601_009055_011F9B_3223,SENTINEL-1C,S1C,IW,DV,VV+VH,2026-08-18 21:45:36,2026-08-18 21:46:01,9055,32,DESCENDING,aws:sentinel-s1-l1c,GRD/2026/8/18/IW/DV/S1C_IW_GRDH_1SDV_20260818T214536_20260818T214601_009055_011F9B_3223,1685.7,0.0,2026-07-04,2026-10-02
S1C_IW_GRDH_1SDV_20260818T214601_20260818T214626_009055_011F9B_6FDB,SENTINEL-1C,S1C,IW,DV,VV+VH,2026-08-18 21:46:01,2026-08-18 21:46:26,9055,32,DESCENDING,aws:sentinel-s1-l1c,GRD/2026/8/18/IW/DV/S1C_IW_GRDH_1SDV_20260818T214601_20260818T214626_009055_011F9B_6FDB,12014.5,0.003,2026-07-04,2026-10-02
S1C_IW_GRDH_1SDV_20260818T214626_20260818T214656_009055_011F9B_5507,SENTINEL-1C,S1C,IW,DV,VV+VH,2026-08-18 21:46:26,2026-08-18 21:46:56,9055,32,DESCENDING,aws:sentinel-s1-l1c,GRD/2026/8/18/IW/DV/S1C_IW_GRDH_1SDV_20260818T214626_20260818T214656_009055_011F9B_5507,23122.0,0.006,2026-07-04,2026-10-02
S1D_IW_GRDH_1SDV_20260818T223519_20260818T223548_004186_007AB3_5058,SENTINEL-1D,S1D,IW,DV,VV+VH,2026-08-18 22:35:19,2026-08-18 22:35:48,4186,120,DESCENDING,aws:sentinel-s1-l1c,GRD/2026/8/18/IW/DV/S1D_IW_GRDH_1SDV_20260818T223519_20260818T223548_004186_007AB3_5058,26291.7,0.007,2026-07-04,2026-10-02
S1D_IW_GRDH_1SDV_20260818T223548_20260818T223613_004186_007AB3_2149,SENTINEL-1D,S1D,IW,DV,VV+VH,2026-08-18 22:35:48,2026-08-18 22:36:13,4186,120,DESCENDING,aws:sentinel-s1-l1c,GRD/2026/8/18/IW/DV/S1D_IW_GRDH_1SDV_20260818T223548_20260818T223613_004186_007AB3_2149,6884.9,0.002,2026-07-04,2026-10-02
S1D_IW_GRDH_1SDV_20260818T223613_20260818T223638_004186_007AB3_05C0,SENTINEL-1D,S1D,IW,DV,VV+VH,2026-08-18 22:36:13,2026-08-18 22:36:38,4186,120,DESCENDING,aws:sentinel-s1-l1c,GRD/2026/8/18/IW/DV/S1D_IW_GRDH_1SDV_20260818T223613_20260818T223638_004186_007AB3_05C0,2516.6,0.001,2026-07-04,2026-10-02
S1D_IW_GRDH_1SDV_20260818T223638_20260818T223706_004186_007AB3_2DB2,SENTINEL-1D,S1D,IW,DV,VV+VH,2026-08-18 22:36:38,2026-08-18 22:37:06,4186,120,DESCENDING,aws:sentinel-s1-l1c,GRD/2026/8/18/IW/DV/S1D_IW_GRDH_1SDV_20260818T223638_20260818T223706_004186_007AB3_2DB2,23509.3,0.006,2026-07-04,2026-10-02
S1D_IW_GRDH_1SDV_20260818T223834_20260818T223904_004186_007AB4_6DF7,SENTINEL-1D,S1D,IW,DV,VV+VH,2026-08-18 22:38:34,2026-08-18 22:39:04,4186,120,DESCENDING,aws:sentinel-s1-l1c,GRD/2026/8/18/IW/DV/S1D_IW_GRDH_1SDV_20260818T223834_20260818T223904_004186_007AB4_6DF7,46591.4,0.013,2026-07-04,2026-10-02
S1D_IW_GRDH_1SDV_20260818T223904_20260818T223929_004186_007AB4_E34A,SENTINEL-1D,S1D,IW,DV,VV+VH,2026-08-18 22:39:04,2026-08-18 22:39:29,4186,120,DESCENDING,aws:sentinel-s1-l1c,GRD/2026/8/18/IW/DV/S1D_IW_GRDH_1SDV_20260818T223904_20260818T223929_004186_007AB4_E34A,42739.2,0.012,2026-07-04,2026-10-02
S1D_IW_GRDH_1SDV_20260818T223929_20260818T223954_004186_007AB4_60D0,SENTINEL-1D,S1D,IW,DV,VV+VH,2026-08-18 22:39:29,2026-08-18 22:39:54,4186,120,DESCENDING,aws:sentinel-s1-l1c,GRD/2026/8/18/IW/DV/S1D_IW_GRDH_1SDV_20260818T223929_20260818T223954_004186_007AB4_60D0,42579.0,0.012,2026-07-04,2026-10-02
S1D_IW_GRDH_1SDV_20260818T223954_20260818T224019_004186_007AB4_DDF1,SENTINEL-1D,S1D,IW,DV,VV+VH,2026-08-18 22:39:54,2026-08-18 22:40:19,4186,120,DESCENDING,aws:sentinel-s1-l1c,GRD/2026/8/18/IW/DV/S1D_IW_GRDH_1SDV_20260818T223954_20260818T224019_004186_007AB4_DDF1,37240.0,0.01,2026-07-04,2026-10-02
S1D_IW_GRDH_1SDV_20260818T224019_20260818T224044_004186_007AB4_944A,SENTINEL-1D,S1D,IW,DV,VV+VH,2026-08-18 22:40:19,2026-08-18 22:40:44,4186,120,DESCENDING,aws:sentinel-s1-l1c,GRD/2026/8/18/IW/DV/S1D_IW_GRDH_1SDV_20260818T224019_20260818T224044_004186_007AB4_944A,9307.7,0.003,2026-07-04,2026-10-02
S1D_IW_GRDH_1SDV_20260819T110237_20260819T110306_004194_007AF5_0BFD,SENTINEL-1D,S1D,IW,DV,VV+VH,2026-08-19 11:02:37,2026-08-19 11:03:06,4194,128,ASCENDING,aws:sentinel-s1-l1c,GRD/2026/8/19/IW/DV/S1D_IW_GRDH_1SDV_20260819T110237_20260819T110306_004194_007AF5_0BFD,20136.5,0.006,2026-07-04,2026-10-02
S1D_IW_GRDH_1SDV_20260819T110421_20260819T110446_004194_007AF5_7713,SENTINEL-1D,S1D,IW,DV,VV+VH,2026-08-19 11:04:21,2026-08-19 11:04:46,4194,128,ASCENDING,aws:sentinel-s1-l1c,GRD/2026/8/19/IW/DV/S1D_IW_GRDH_1SDV_20260819T110421_20260819T110446_004194_007AF5_7713,3781.4,0.001,2026-07-04,2026-10-02
S1D_IW_GRDH_1SDV_20260819T110446_20260819T110511_004194_007AF5_B1C8,SENTINEL-1D,S1D,IW,DV,VV+VH,2026-08-19 11:04:46,2026-08-19 11:05:11,4194,128,ASCENDING,aws:sentinel-s1-l1c,GRD/2026/8/19/IW/DV/S1D_IW_GRDH_1SDV_20260819T110446_20260819T110511_004194_007AF5_B1C8,17068.9,0.005,2026-07-04,2026-10-02
S1D_IW_GRDH_1SDV_20260819T110511_20260819T110536_004194_007AF5_8098,SENTINEL-1D,S1D,IW,DV,VV+VH,2026-08-19 11:05:11,2026-08-19 11:05:36,4194,128,ASCENDING,aws:sentinel-s1-l1c,GRD/2026/8/19/IW/DV/S1D_IW_GRDH_1SDV_20260819T110511_20260819T110536_004194_007AF5_8098,11954.5,0.003,2026-07-04,2026-10-02
S1D_IW_GRDH_1SDV_20260820T222224_20260820T222253_004215_007BC2_88B6,SENTINEL-1D,S1D,IW,DV,VV+VH,2026-08-20 22:22:24,2026-08-20 22:22:53,4215,149,DESCENDING,aws:sentinel-s1-l1c,GRD/2026/8/20/IW/DV/S1D_IW_GRDH_1SDV_20260820T222224_20260820T222253_004215_007BC2_88B6,43918.1,0.012,2026-07-04,2026-10-02
S1D_IW_GRDH_1SDV_20260820T222253_20260820T222318_004215_007BC2_C436,SENTINEL-1D,S1D,IW,DV,VV+VH,2026-08-20 22:22:53,2026-08-20 22:23:18,4215,149,DESCENDING,aws:sentinel-s1-l1c,GRD/2026/8/20/IW/DV/S1D_IW_GRDH_1SDV_20260820T222253_20260820T222318_004215_007BC2_C436,3091.1,0.001,2026-07-04,2026-10-02
S1D_IW_GRDH_1SDV_20260820T222318_20260820T222343_004215_007BC2_ECA2,SENTINEL-1D,S1D,IW,DV,VV+VH,2026-08-20 22:23:18,2026-08-20 22:23:43,4215,149,DESCENDING,aws:sentinel-s1-l1c,GRD/2026/8/20/IW/DV/S1D_IW_GRDH_1SDV_20260820T222318_20260820T222343_004215_007BC2_ECA2,14842.2,0.004,2026-07-04,2026-10-02
S1D_IW_GRDH_1SDV_20260820T222343_20260820T222408_004215_007BC2_77B4,SENTINEL-1D,S1D,IW,DV,VV+VH,2026-08-20 22:23:43,2026-08-20 22:24:08,4215,149,DESCENDING,aws:sentinel-s1-l1c,GRD/2026/8/20/IW/DV/S1D_IW_GRDH_1SDV_20260820T222343_20260820T222408_004215_007BC2_77B4,35859.1,0.01,2026-07-04,2026-10-02
S1D_IW_GRDH_1SDV_20260820T222408_20260820T222433_004215_007BC2_3100,SENTINEL-1D,S1D,IW,DV,VV+VH,2026-08-20 22:24:08,2026-08-20 22:24:33,4215,149,DESCENDING,aws:sentinel-s1-l1c,GRD/2026/8/20/IW/DV/S1D_IW_GRDH_1SDV_20260820T222408_20260820T222433_004215_007BC2_3100,1945.5,0.001,2026-07-04,2026-10-02
S1C_IW_GRDH_1SDV_20260821T095845_20260821T095910_009092_0120C9_96FF,SENTINEL-1C,S1C,IW,DV,VV+VH,2026-08-21 09:58:45,2026-08-21 09:59:10,9092,69,ASCENDING,aws:sentinel-s1-l1c,GRD/2026/8/21/IW/DV/S1C_IW_GRDH_1SDV_20260821T095845_20260821T095910_009092_0120C9_96FF,8416.7,0.002,2026-07-04,2026-10-02
S1C_IW_GRDH_1SDV_20260821T095910_20260821T095924_009092_0120C9_7628,SENTINEL-1C,S1C,IW,DV,VV+VH,2026-08-21 09:59:10,2026-08-21 09:59:24,9092,69,ASCENDING,aws:sentinel-s1-l1c,GRD/2026/8/21/IW/DV/S1C_IW_GRDH_1SDV_20260821T095910_20260821T095924_009092_0120C9_7628,12645.5,0.003,2026-07-04,2026-10-02
S1C_IW_GRDH_1SDV_20260821T095950_20260821T100020_009092_0120CA_293E,SENTINEL-1C,S1C,IW,DV,VV+VH,2026-08-21 09:59:50,2026-08-21 10:00:20,9092,69,ASCENDING,aws:sentinel-s1-l1c,GRD/2026/8/21/IW/DV/S1C_IW_GRDH_1SDV_20260821T095950_20260821T100020_009092_0120CA_293E,6083.9,0.002,2026-07-04,2026-10-02
S1D_IW_GRDH_1SDV_20260821T104831_20260821T104900_004223_007C09_90FE,SENTINEL-1D,S1D,IW,DV,VV+VH,2026-08-21 10:48:31,2026-08-21 10:49:00,4223,157,ASCENDING,aws:sentinel-s1-l1c,GRD/2026/8/21/IW/DV/S1D_IW_GRDH_1SDV_20260821T104831_20260821T104900_004223_007C09_90FE,12845.6,0.004,2026-07-04,2026-10-02
S1D_IW_GRDH_1SDV_20260821T104900_20260821T104925_004223_007C09_1709,SENTINEL-1D,S1D,IW,DV,VV+VH,2026-08-21 10:49:00,2026-08-21 10:49:25,4223,157,ASCENDING,aws:sentinel-s1-l1c,GRD/2026/8/21/IW/DV/S1D_IW_GRDH_1SDV_20260821T104900_20260821T104925_004223_007C09_1709,31205.4,0.009,2026-07-04,2026-10-02
S1D_IW_GRDH_1SDV_20260821T104925_20260821T104950_004223_007C09_E8DB,SENTINEL-1D,S1D,IW,DV,VV+VH,2026-08-21 10:49:25,2026-08-21 10:49:50,4223,157,ASCENDING,aws:sentinel-s1-l1c,GRD/2026/8/21/IW/DV/S1D_IW_GRDH_1SDV_20260821T104925_20260821T104950_004223_007C09_E8DB,3772.8,0.001,2026-07-04,2026-10-02
S1D_IW_GRDH_1SDV_20260821T230041_20260821T230106_004230_007C49_A2BB,SENTINEL-1D,S1D,IW,DV,VV+VH,2026-08-21 23:00:41,2026-08-21 23:01:06,4230,164,DESCENDING,aws:sentinel-s1-l1c,GRD/2026/8/21/IW/DV/S1D_IW_GRDH_1SDV_20260821T230041_20260821T230106_004230_007C49_A2BB,3694.4,0.001,2026-07-04,2026-10-02
S1D_IW_GRDH_1SDV_20260821T230106_20260821T230131_004230_007C49_66E4,SENTINEL-1D,S1D,IW,DV,VV+VH,2026-08-21 23:01:06,2026-08-21 23:01:31,4230,164,DESCENDING,aws:sentinel-s1-l1c,GRD/2026/8/21/IW/DV/S1D_IW_GRDH_1SDV_20260821T230106_20260821T230131_004230_007C49_66E4,40938.5,0.011,2026-07-04,2026-10-02
S1D_IW_GRDH_1SDV_20260821T230131_20260821T230156_004230_007C49_2B28,SENTINEL-1D,S1D,IW,DV,VV+VH,2026-08-21 23:01:31,2026-08-21 23:01:56,4230,164,DESCENDING,aws:sentinel-s1-l1c,GRD/2026/8/21/IW/DV/S1D_IW_GRDH_1SDV_20260821T230131_20260821T230156_004230_007C49_2B28,42869.3,0.012,2026-07-04,2026-10-02
S1D_IW_GRDH_1SDV_20260821T230156_20260821T230221_004230_007C49_F264,SENTINEL-1D,S1D,IW,DV,VV+VH,2026-08-21 23:01:56,2026-08-21 23:02:21,4230,164,DESCENDING,aws:sentinel-s1-l1c,GRD/2026/8/21/IW/DV/S1D_IW_GRDH_1SDV_20260821T230156_20260821T230221_004230_007C49_F264,41394.9,0.011,2026-07-04,2026-10-02
S1D_IW_GRDH_1SDV_20260821T230221_20260821T230246_004230_007C49_BC5E,SENTINEL-1D,S1D,IW,DV,VV+VH,2026-08-21 23:02:21,2026-08-21 23:02:46,4230,164,DESCENDING,aws:sentinel-s1-l1c,GRD/2026/8/21/IW/DV/S1D_IW_GRDH_1SDV_20260821T230221_20260821T230246_004230_007C49_BC5E,19714.8,0.005,2026-07-04,2026-10-02
S1D_IW_GRDH_1SDV_20260822T112329_20260822T112354_004237_007C8B_FFEB,SENTINEL-1D,S1D,IW,DV,VV+VH,2026-08-22 11:23:29,2026-08-22 11:23:54,4237,171,ASCENDING,aws:sentinel-s1-l1c,GRD/2026/8/22/IW/DV/S1D_IW_GRDH_1SDV_20260822T112329_20260822T112354_004237_007C8B_FFEB,148.8,0.0,2026-07-04,2026-10-02
S1D_IW_GRDH_1SDV_20260822T112354_20260822T112419_004237_007C8B_5CE3,SENTINEL-1D,S1D,IW,DV,VV+VH,2026-08-22 11:23:54,2026-08-22 11:24:19,4237,171,ASCENDING,aws:sentinel-s1-l1c,GRD/2026/8/22/IW/DV/S1D_IW_GRDH_1SDV_20260822T112354_20260822T112419_004237_007C8B_5CE3,7048.7,0.002,2026-07-04,2026-10-02
S1D_IW_GRDH_1SDV_20260822T112419_20260822T112444_004237_007C8B_A88C,SENTINEL-1D,S1D,IW,DV,VV+VH,2026-08-22 11:24:19,2026-08-22 11:24:44,4237,171,ASCENDING,aws:sentinel-s1-l1c,GRD/2026/8/22/IW/DV/S1D_IW_GRDH_1SDV_20260822T112419_20260822T112444_004237_007C8B_A88C,17737.1,0.005,2026-07-04,2026-10-02
S1D_IW_GRDH_1SDV_20260822T112444_20260822T112509_004237_007C8B_2CEE,SENTINEL-1D,S1D,IW,DV,VV+VH,2026-08-22 11:24:44,2026-08-22 11:25:09,4237,171,ASCENDING,aws:sentinel-s1-l1c,GRD/2026/8/22/IW/DV/S1D_IW_GRDH_1SDV_20260822T112444_20260822T112509_004237_007C8B_2CEE,10239.6,0.003,2026-07-04,2026-10-02
S1D_IW_GRDH_1SDV_20260822T112509_20260822T112534_004238_007C8B_3172,SENTINEL-1D,S1D,IW,DV,VV+VH,2026-08-22 11:25:09,2026-08-22 11:25:34,4238,172,ASCENDING,aws:sentinel-s1-l1c,GRD/2026/8/22/IW/DV/S1D_IW_GRDH_1SDV_20260822T112509_20260822T112534_004238_007C8B_3172,6398.5,0.002,2026-07-04,2026-10-02
S1D_IW_GRDH_1SDV_20260822T112534_20260822T112559_004238_007C8B_ECE0,SENTINEL-1D,S1D,IW,DV,VV+VH,2026-08-22 11:25:34,2026-08-22 11:25:59,4238,172,ASCENDING,aws:sentinel-s1-l1c,GRD/2026/8/22/IW/DV/S1D_IW_GRDH_1SDV_20260822T112534_20260822T112559_004238_007C8B_ECE0,4872.4,0.001,2026-07-04,2026-10-02
S1D_IW_GRDH_1SDV_20260822T112559_20260822T112624_004238_007C8B_D888,SENTINEL-1D,S1D,IW,DV,VV+VH,2026-08-22 11:25:59,2026-08-22 11:26:24,4238,172,ASCENDING,aws:sentinel-s1-l1c,GRD/2026/8/22/IW/DV/S1D_IW_GRDH_1SDV_20260822T112559_20260822T112624_004238_007C8B_D888,12824.0,0.004,2026-07-04,2026-10-02
S1D_IW_GRDH_1SDV_20260822T112624_20260822T112649_004238_007C8B_AB1A,SENTINEL-1D,S1D,IW,DV,VV+VH,2026-08-22 11:26:24,2026-08-22 11:26:49,4238,172,ASCENDING,aws:sentinel-s1-l1c,GRD/2026/8/22/IW/DV/S1D_IW_GRDH_1SDV_20260822T112624_20260822T112649_004238_007C8B_AB1A,36507.2,0.01,2026-07-04,2026-10-02
S1D_IW_GRDH_1SDV_20260822T112649_20260822T112714_004238_007C8B_DCFA,SENTINEL-1D,S1D,IW,DV,VV+VH,2026-08-22 11:26:49,2026-08-22 11:27:14,4238,172,ASCENDING,aws:sentinel-s1-l1c,GRD/2026/8/22/IW/DV/S1D_IW_GRDH_1SDV_20260822T112649_20260822T112714_004238_007C8B_DCFA,42880.0,0.012,2026-07-04,2026-10-02
S1D_IW_GRDH_1SDV_20260822T112714_20260822T112739_004238_007C8B_2898,SENTINEL-1D,S1D,IW,DV,VV+VH,2026-08-22 11:27:14,2026-08-22 11:27:39,4238,172,ASCENDING,aws:sentinel-s1-l1c,GRD/2026/8/22/IW/DV/S1D_IW_GRDH_1SDV_20260822T112714_20260822T112739_004238_007C8B_2898,42913.1,0.012,2026-07-04,2026-10-02
S1D_IW_GRDH_1SDV_20260822T112739_20260822T112804_004238_007C8B_49C4,SENTINEL-1D,S1D,IW,DV,VV+VH,2026-08-22 11:27:39,2026-08-22 11:28:04,4238,172,ASCENDING,aws:sentinel-s1-l1c,GRD/2026/8/22/IW/DV/S1D_IW_GRDH_1SDV_20260822T112739_20260822T112804_004238_007C8B_49C4,42100.5,0.012,2026-07-04,2026-10-02
S1D_IW_GRDH_1SDV_20260822T112804_20260822T112829_004238_007C8B_F88D,SENTINEL-1D,S1D,IW,DV,VV+VH,2026-08-22 11:28:04,2026-08-22 11:28:29,4238,172,ASCENDING,aws:sentinel-s1-l1c,GRD/2026/8/22/IW/DV/S1D_IW_GRDH_1SDV_20260822T112804_20260822T112829_004238_007C8B_F88D,13389.9,0.004,2026-07-04,2026-10-02
S1D_IW_GRDH_1SDV_20260822T220500_20260822T220529_004244_007CC5_E6BB,SENTINEL-1D,S1D,IW,DV,VV+VH,2026-08-22 22:05:00,2026-08-22 22:05:29,4244,3,DESCENDING,aws:sentinel-s1-l1c,GRD/2026/8/22/IW/DV/S1D_IW_GRDH_1SDV_20260822T220500_20260822T220529_004244_007CC5_E6BB,40600.8,0.011,2026-07-04,2026-10-02
S1D_IW_GRDH_1SDV_20260822T220529_20260822T220554_004244_007CC5_7B85,SENTINEL-1D,S1D,IW,DV,VV+VH,2026-08-22 22:05:29,2026-08-22 22:05:54,4244,3,DESCENDING,aws:sentinel-s1-l1c,GRD/2026/8/22/IW/DV/S1D_IW_GRDH_1SDV_20260822T220529_20260822T220554_004244_007CC5_7B85,10687.7,0.003,2026-07-04,2026-10-02
S1D_IW_GRDH_1SDV_20260823T103246_20260823T103327_004252_007D11_ED80,SENTINEL-1D,S1D,IW,DV,VV+VH,2026-08-23 10:32:46,2026-08-23 10:33:27,4252,11,ASCENDING,aws:sentinel-s1-l1c,GRD/2026/8/23/IW/DV/S1D_IW_GRDH_1SDV_20260823T103246_20260823T103327_004252_007D11_ED80,38210.5,0.01,2026-07-04,2026-10-02
S1C_IW_GRDH_1SDV_20260823T111903_20260823T111932_009122_0121C8_63B0,SENTINEL-1C,S1C,IW,DV,VV+VH,2026-08-23 11:19:03,2026-08-23 11:19:32,9122,99,ASCENDING,aws:sentinel-s1-l1c,GRD/2026/8/23/IW/DV/S1C_IW_GRDH_1SDV_20260823T111903_20260823T111932_009122_0121C8_63B0,24075.1,0.007,2026-07-04,2026-10-02
S1C_IW_GRDH_1SDV_20260823T111932_20260823T111957_009122_0121C8_4774,SENTINEL-1C,S1C,IW,DV,VV+VH,2026-08-23 11:19:32,2026-08-23 11:19:57,9122,99,ASCENDING,aws:sentinel-s1-l1c,GRD/2026/8/23/IW/DV/S1C_IW_GRDH_1SDV_20260823T111932_20260823T111957_009122_0121C8_4774,4404.8,0.001,2026-07-04,2026-10-02
S1C_IW_GRDH_1SDV_20260823T215152_20260823T215217_009128_0121FA_3D44,SENTINEL-1C,S1C,IW,DV,VV+VH,2026-08-23 21:51:52,2026-08-23 21:52:17,9128,105,DESCENDING,aws:sentinel-s1-l1c,GRD/2026/8/23/IW/DV/S1C_IW_GRDH_1SDV_20260823T215152_20260823T215217_009128_0121FA_3D44,6762.7,0.002,2026-07-04,2026-10-02
S1C_IW_GRDH_1SDV_20260823T215217_20260823T215231_009128_0121FA_7321,SENTINEL-1C,S1C,IW,DV,VV+VH,2026-08-23 21:52:17,2026-08-23 21:52:31,9128,105,DESCENDING,aws:sentinel-s1-l1c,GRD/2026/8/23/IW/DV/S1C_IW_GRDH_1SDV_20260823T215217_20260823T215231_009128_0121FA_7321,14464.1,0.004,2026-07-04,2026-10-02
S1C_IW_GRDH_1SDV_20260823T215313_20260823T215342_009128_0121FB_A370,SENTINEL-1C,S1C,IW,DV,VV+VH,2026-08-23 21:53:13,2026-08-23 21:53:42,9128,105,DESCENDING,aws:sentinel-s1-l1c,GRD/2026/8/23/IW/DV/S1C_IW_GRDH_1SDV_20260823T215313_20260823T215342_009128_0121FB_A370,42762.3,0.012,2026-07-04,2026-10-02
S1C_IW_GRDH_1SDV_20260823T215342_20260823T215407_009128_0121FB_45C5,SENTINEL-1C,S1C,IW,DV,VV+VH,2026-08-23 21:53:42,2026-08-23 21:54:07,9128,105,DESCENDING,aws:sentinel-s1-l1c,GRD/2026/8/23/IW/DV/S1C_IW_GRDH_1SDV_20260823T215342_20260823T215407_009128_0121FB_45C5,38732.7,0.011,2026-07-04,2026-10-02
S1C_IW_GRDH_1SDV_20260823T215407_20260823T215421_009128_0121FB_A9E4,SENTINEL-1C,S1C,IW,DV,VV+VH,2026-08-23 21:54:07,2026-08-23 21:54:21,9128,105,DESCENDING,aws:sentinel-s1-l1c,GRD/2026/8/23/IW/DV/S1C_IW_GRDH_1SDV_20260823T215407_20260823T215421_009128_0121FB_A9E4,19562.9,0.005,2026-07-04,2026-10-02
S1D_IW_GRDH_1SDV_20260823T224301_20260823T224331_004259_007D52_ED79,SENTINEL-1D,S1D,IW,DV,VV+VH,2026-08-23 22:43:01,2026-08-23 22:43:31,4259,18,DESCENDING,aws:sentinel-s1-l1c,GRD/2026/8/23/IW/DV/S1D_IW_GRDH_1SDV_20260823T224301_20260823T224331_004259_007D52_ED79,27409.2,0.008,2026-07-04,2026-10-02
S1D_IW_GRDH_1SDV_20260823T224331_20260823T224356_004259_007D52_AC81,SENTINEL-1D,S1D,IW,DV,VV+VH,2026-08-23 22:43:31,2026-08-23 22:43:56,4259,18,DESCENDING,aws:sentinel-s1-l1c,GRD/2026/8/23/IW/DV/S1D_IW_GRDH_1SDV_20260823T224331_20260823T224356_004259_007D52_AC81,1.2,0.0,2026-07-04,2026-10-02
S1D_IW_GRDH_1SDV_20260823T224446_20260823T224511_004259_007D52_A0CF,SENTINEL-1D,S1D,IW,DV,VV+VH,2026-08-23 22:44:46,2026-08-23 22:45:11,4259,18,DESCENDING,aws:sentinel-s1-l1c,GRD/2026/8/23/IW/DV/S1D_IW_GRDH_1SDV_20260823T224446_20260823T224511_004259_007D52_A0CF,736.8,0.0,2026-07-04,2026-10-02
S1D_IW_GRDH_1SDV_20260823T224511_20260823T224536_004259_007D52_E273,SENTINEL-1D,S1D,IW,DV,VV+VH,2026-08-23 22:45:11,2026-08-23 22:45:36,4259,18,DESCENDING,aws:sentinel-s1-l1c,GRD/2026/8/23/IW/DV/S1D_IW_GRDH_1SDV_20260823T224511_20260823T224536_004259_007D52_E273,17426.1,0.005,2026-07-04,2026-10-02
S1D_IW_GRDH_1SDV_20260823T224536_20260823T224549_004259_007D52_51E8,SENTINEL-1D,S1D,IW,DV,VV+VH,2026-08-23 22:45:36,2026-08-23 22:45:49,4259,18,DESCENDING,aws:sentinel-s1-l1c,GRD/2026/8/23/IW/DV/S1D_IW_GRDH_1SDV_20260823T224536_20260823T224549_004259_007D52_51E8,17568.0,0.005,2026-07-04,2026-10-02
S1D_IW_GRDH_1SDV_20260823T224625_20260823T224655_004259_007D53_3B10,SENTINEL-1D,S1D,IW,DV,VV+VH,2026-08-23 22:46:25,2026-08-23 22:46:55,4259,18,DESCENDING,aws:sentinel-s1-l1c,GRD/2026/8/23/IW/DV/S1D_IW_GRDH_1SDV_20260823T224625_20260823T224655_004259_007D53_3B10,46345.2,0.013,2026-07-04,2026-10-02
S1D_IW_GRDH_1SDV_20260823T224655_20260823T224720_004259_007D53_D149,SENTINEL-1D,S1D,IW,DV,VV+VH,2026-08-23 22:46:55,2026-08-23 22:47:20,4259,18,DESCENDING,aws:sentinel-s1-l1c,GRD/2026/8/23/IW/DV/S1D_IW_GRDH_1SDV_20260823T224655_20260823T224720_004259_007D53_D149,38534.9,0.011,2026-07-04,2026-10-02
S1D_IW_GRDH_1SDV_20260823T224720_20260823T224745_004259_007D53_FF97,SENTINEL-1D,S1D,IW,DV,VV+VH,2026-08-23 22:47:20,2026-08-23 22:47:45,4259,18,DESCENDING,aws:sentinel-s1-l1c,GRD/2026/8/23/IW/DV/S1D_IW_GRDH_1SDV_20260823T224720_20260823T224745_004259_007D53_FF97,18284.1,0.005,2026-07-04,2026-10-02
S1D_IW_GRDH_1SDV_20260823T224745_20260823T224810_004259_007D53_AF37,SENTINEL-1D,S1D,IW,DV,VV+VH,2026-08-23 22:47:45,2026-08-23 22:48:10,4259,18,DESCENDING,aws:sentinel-s1-l1c,GRD/2026/8/23/IW/DV/S1D_IW_GRDH_1SDV_20260823T224745_20260823T224810_004259_007D53_AF37,25484.9,0.007,2026-07-04,2026-10-02
S1D_IW_GRDH_1SDV_20260823T224810_20260823T224835_004259_007D53_2839,SENTINEL-1D,S1D,IW,DV,VV+VH,2026-08-23 22:48:10,2026-08-23 22:48:35,4259,18,DESCENDING,aws:sentinel-s1-l1c,GRD/2026/8/23/IW/DV/S1D_IW_GRDH_1SDV_20260823T224810_20260823T224835_004259_007D53_2839,6302.5,0.002,2026-07-04,2026-10-02
S1D_IW_GRDH_1SDV_20260824T110709_20260824T110737_004266_007D93_D796,SENTINEL-1D,S1D,IW,DV,VV+VH,2026-08-24 11:07:09,2026-08-24 11:07:37,4266,25,ASCENDING,aws:sentinel-s1-l1c,GRD/2026/8/24/IW/DV/S1D_IW_GRDH_1SDV_20260824T110709_20260824T110737_004266_007D93_D796,14634.8,0.004,2026-07-04,2026-10-02
S1D_IW_GRDH_1SDV_20260824T111023_20260824T111052_004267_007D96_6021,SENTINEL-1D,S1D,IW,DV,VV+VH,2026-08-24 11:10:23,2026-08-24 11:10:52,4267,26,ASCENDING,aws:sentinel-s1-l1c,GRD/2026/8/24/IW/DV/S1D_IW_GRDH_1SDV_20260824T111023_20260824T111052_004267_007D96_6021,33446.7,0.009,2026-07-04,2026-10-02
S1D_IW_GRDH_1SDV_20260824T111052_20260824T111117_004267_007D96_36E3,SENTINEL-1D,S1D,IW,DV,VV+VH,2026-08-24 11:10:52,2026-08-24 11:11:17,4267,26,ASCENDING,aws:sentinel-s1-l1c,GRD/2026/8/24/IW/DV/S1D_IW_GRDH_1SDV_20260824T111052_20260824T111117_004267_007D96_36E3,6025.8,0.002,2026-07-04,2026-10-02
S1D_IW_GRDH_1SDV_20260824T214439_20260824T214508_004273_007DCC_D69A,SENTINEL-1D,S1D,IW,DV,VV+VH,2026-08-24 21:44:39,2026-08-24 21:45:08,4273,32,DESCENDING,aws:sentinel-s1-l1c,GRD/2026/8/24/IW/DV/S1D_IW_GRDH_1SDV_20260824T214439_20260824T214508_004273_007DCC_D69A,24823.0,0.007,2026-07-04,2026-10-02
S1D_IW_GRDH_1SDV_20260824T214508_20260824T214533_004273_007DCC_BEF5,SENTINEL-1D,S1D,IW,DV,VV+VH,2026-08-24 21:45:08,2026-08-24 21:45:33,4273,32,DESCENDING,aws:sentinel-s1-l1c,GRD/2026/8/24/IW/DV/S1D_IW_GRDH_1SDV_20260824T214508_20260824T214533_004273_007DCC_BEF5,17331.6,0.005,2026-07-04,2026-10-02
S1D_IW_GRDH_1SDV_20260824T214533_20260824T214558_004273_007DCC_95F9,SENTINEL-1D,S1D,IW,DV,VV+VH,2026-08-24 21:45:33,2026-08-24 21:45:58,4273,32,DESCENDING,aws:sentinel-s1-l1c,GRD/2026/8/24/IW/DV/S1D_IW_GRDH_1SDV_20260824T214533_20260824T214558_004273_007DCC_95F9,1181.0,0.0,2026-07-04,2026-10-02
S1D_IW_GRDH_1SDV_20260824T214558_20260824T214623_004273_007DCC_4FF7,SENTINEL-1D,S1D,IW,DV,VV+VH,2026-08-24 21:45:58,2026-08-24 21:46:23,4273,32,DESCENDING,aws:sentinel-s1-l1c,GRD/2026/8/24/IW/DV/S1D_IW_GRDH_1SDV_20260824T214558_20260824T214623_004273_007DCC_4FF7,1563.4,0.0,2026-07-04,2026-10-02
S1D_IW_GRDH_1SDV_20260824T214623_20260824T214648_004273_007DCC_D0AC,SENTINEL-1D,S1D,IW,DV,VV+VH,2026-08-24 21:46:23,2026-08-24 21:46:48,4273,32,DESCENDING,aws:sentinel-s1-l1c,GRD/2026/8/24/IW/DV/S1D_IW_GRDH_1SDV_20260824T214623_20260824T214648_004273_007DCC_D0AC,18542.5,0.005,2026-07-04,2026-10-02
S1D_IW_GRDH_1SDV_20260824T214648_20260824T214713_004273_007DCC_25D0,SENTINEL-1D,S1D,IW,DV,VV+VH,2026-08-24 21:46:48,2026-08-24 21:47:13,4273,32,DESCENDING,aws:sentinel-s1-l1c,GRD/2026/8/24/IW/DV/S1D_IW_GRDH_1SDV_20260824T214648_20260824T214713_004273_007DCC_25D0,18070.0,0.005,2026-07-04,2026-10-02
S1D_IW_GRDH_1SDV_20260824T214713_20260824T214738_004273_007DCC_FC2E,SENTINEL-1D,S1D,IW,DV,VV+VH,2026-08-24 21:47:13,2026-08-24 21:47:38,4273,32,DESCENDING,aws:sentinel-s1-l1c,GRD/2026/8/24/IW/DV/S1D_IW_GRDH_1SDV_20260824T214713_20260824T214738_004273_007DCC_FC2E,5475.4,0.001,2026-07-04,2026-10-02
S1D_IW_GRDH_1SDV_20260824T214738_20260824T214803_004273_007DCC_FEFB,SENTINEL-1D,S1D,IW,DV,VV+VH,2026-08-24 21:47:38,2026-08-24 21:48:03,4273,32,DESCENDING,aws:sentinel-s1-l1c,GRD/2026/8/24/IW/DV/S1D_IW_GRDH_1SDV_20260824T214738_20260824T214803_004273_007DCC_FEFB,80.6,0.0,2026-07-04,2026-10-02
S1C_IW_GRDH_1SDV_20260824T223509_20260824T223538_009143_012283_944A,SENTINEL-1C,S1C,IW,DV,VV+VH,2026-08-24 22:35:09,2026-08-24 22:35:38,9143,120,DESCENDING,aws:sentinel-s1-l1c,GRD/2026/8/24/IW/DV/S1C_IW_GRDH_1SDV_20260824T223509_20260824T223538_009143_012283_944A,23251.9,0.006,2026-07-04,2026-10-02
S1C_IW_GRDH_1SDV_20260824T223538_20260824T223603_009143_012283_07AB,SENTINEL-1C,S1C,IW,DV,VV+VH,2026-08-24 22:35:38,2026-08-24 22:36:03,9143,120,DESCENDING,aws:sentinel-s1-l1c,GRD/2026/8/24/IW/DV/S1C_IW_GRDH_1SDV_20260824T223538_20260824T223603_009143_012283_07AB,5736.3,0.002,2026-07-04,2026-10-02
S1C_IW_GRDH_1SDV_20260824T223603_20260824T223628_009143_012283_96FC,SENTINEL-1C,S1C,IW,DV,VV+VH,2026-08-24 22:36:03,2026-08-24 22:36:28,9143,120,DESCENDING,aws:sentinel-s1-l1c,GRD/2026/8/24/IW/DV/S1C_IW_GRDH_1SDV_20260824T223603_20260824T223628_009143_012283_96FC,3068.7,0.001,2026-07-04,2026-10-02
S1C_IW_GRDH_1SDV_20260824T223628_20260824T223645_009143_012283_4D06,SENTINEL-1C,S1C,IW,DV,VV+VH,2026-08-24 22:36:28,2026-08-24 22:36:45,9143,120,DESCENDING,aws:sentinel-s1-l1c,GRD/2026/8/24/IW/DV/S1C_IW_GRDH_1SDV_20260824T223628_20260824T223645_009143_012283_4D06,10314.1,0.003,2026-07-04,2026-10-02
S1D_IW_GRDH_1SDV_20260825T101649_20260825T101719_004281_007E0D_F7F0,SENTINEL-1D,S1D,IW,DV,VV+VH,2026-08-25 10:16:49,2026-08-25 10:17:19,4281,40,ASCENDING,aws:sentinel-s1-l1c,GRD/2026/8/25/IW/DV/S1D_IW_GRDH_1SDV_20260825T101649_20260825T101719_004281_007E0D_F7F0,20320.1,0.006,2026-07-04,2026-10-02
S1D_IW_GRDH_1SDV_20260825T223015_20260825T223044_004288_007E54_58E9,SENTINEL-1D,S1D,IW,DV,VV+VH,2026-08-25 22:30:15,2026-08-25 22:30:44,4288,47,DESCENDING,aws:sentinel-s1-l1c,GRD/2026/8/25/IW/DV/S1D_IW_GRDH_1SDV_20260825T223015_20260825T223044_004288_007E54_58E9,45117.5,0.012,2026-07-04,2026-10-02
S1D_IW_GRDH_1SDV_20260825T223044_20260825T223109_004288_007E54_8207,SENTINEL-1D,S1D,IW,DV,VV+VH,2026-08-25 22:30:44,2026-08-25 22:31:09,4288,47,DESCENDING,aws:sentinel-s1-l1c,GRD/2026/8/25/IW/DV/S1D_IW_GRDH_1SDV_20260825T223044_20260825T223109_004288_007E54_8207,42510.4,0.012,2026-07-04,2026-10-02
S1D_IW_GRDH_1SDV_20260825T223109_20260825T223134_004288_007E54_7CDA,SENTINEL-1D,S1D,IW,DV,VV+VH,2026-08-25 22:31:09,2026-08-25 22:31:34,4288,47,DESCENDING,aws:sentinel-s1-l1c,GRD/2026/8/25/IW/DV/S1D_IW_GRDH_1SDV_20260825T223109_20260825T223134_004288_007E54_7CDA,41391.3,0.011,2026-07-04,2026-10-02
S1D_IW_GRDH_1SDV_20260825T223134_20260825T223159_004288_007E54_FB63,SENTINEL-1D,S1D,IW,DV,VV+VH,2026-08-25 22:31:34,2026-08-25 22:31:59,4288,47,DESCENDING,aws:sentinel-s1-l1c,GRD/2026/8/25/IW/DV/S1D_IW_GRDH_1SDV_20260825T223134_20260825T223159_004288_007E54_FB63,42854.6,0.012,2026-07-04,2026-10-02
S1D_IW_GRDH_1SDV_20260825T223159_20260825T223224_004288_007E54_A3D3,SENTINEL-1D,S1D,IW,DV,VV+VH,2026-08-25 22:31:59,2026-08-25 22:32:24,4288,47,DESCENDING,aws:sentinel-s1-l1c,GRD/2026/8/25/IW/DV/S1D_IW_GRDH_1SDV_20260825T223159_20260825T223224_004288_007E54_A3D3,30597.8,0.008,2026-07-04,2026-10-02
S1D_IW_GRDH_1SDV_20260825T223224_20260825T223249_004288_007E54_E667,SENTINEL-1D,S1D,IW,DV,VV+VH,2026-08-25 22:32:24,2026-08-25 22:32:49,4288,47,DESCENDING,aws:sentinel-s1-l1c,GRD/2026/8/25/IW/DV/S1D_IW_GRDH_1SDV_20260825T223224_20260825T223249_004288_007E54_E667,1664.7,0.0,2026-07-04,2026-10-02
S1C_IW_GRDH_1SDV_20260826T100535_20260826T100600_009165_01234A_0B25,SENTINEL-1C,S1C,IW,DV,VV+VH,2026-08-26 10:05:35,2026-08-26 10:06:00,9165,142,ASCENDING,aws:sentinel-s1-l1c,GRD/2026/8/26/IW/DV/S1C_IW_GRDH_1SDV_20260826T100535_20260826T100600_009165_01234A_0B25,10139.3,0.003,2026-07-04,2026-10-02
S1C_IW_GRDH_1SDV_20260826T100600_20260826T100625_009165_01234A_A335,SENTINEL-1C,S1C,IW,DV,VV+VH,2026-08-26 10:06:00,2026-08-26 10:06:25,9165,142,ASCENDING,aws:sentinel-s1-l1c,GRD/2026/8/26/IW/DV/S1C_IW_GRDH_1SDV_20260826T100600_20260826T100625_009165_01234A_A335,11628.4,0.003,2026-07-04,2026-10-02
S1C_IW_GRDH_1SDV_20260826T100625_20260826T100650_009165_01234A_6550,SENTINEL-1C,S1C,IW,DV,VV+VH,2026-08-26 10:06:25,2026-08-26 10:06:50,9165,142,ASCENDING,aws:sentinel-s1-l1c,GRD/2026/8/26/IW/DV/S1C_IW_GRDH_1SDV_20260826T100625_20260826T100650_009165_01234A_6550,11504.7,0.003,2026-07-04,2026-10-02
S1C_IW_GRDH_1SDV_20260826T100650_20260826T100723_009165_01234A_04E2,SENTINEL-1C,S1C,IW,DV,VV+VH,2026-08-26 10:06:50,2026-08-26 10:07:23,9165,142,ASCENDING,aws:sentinel-s1-l1c,GRD/2026/8/26/IW/DV/S1C_IW_GRDH_1SDV_20260826T100650_20260826T100723_009165_01234A_04E2,35410.5,0.01,2026-07-04,2026-10-02
S1D_IW_GRDH_1SDV_20260826T230840_20260826T230905_004303_007EDA_AF92,SENTINEL-1D,S1D,IW,DV,VV+VH,2026-08-26 23:08:40,2026-08-26 23:09:05,4303,62,DESCENDING,aws:sentinel-s1-l1c,GRD/2026/8/26/IW/DV/S1D_IW_GRDH_1SDV_20260826T230840_20260826T230905_004303_007EDA_AF92,3326.0,0.001,2026-07-04,2026-10-02
S1D_IW_GRDH_1SDV_20260826T230905_20260826T230930_004303_007EDA_9279,SENTINEL-1D,S1D,IW,DV,VV+VH,2026-08-26 23:09:05,2026-08-26 23:09:30,4303,62,DESCENDING,aws:sentinel-s1-l1c,GRD/2026/8/26/IW/DV/S1D_IW_GRDH_1SDV_20260826T230905_20260826T230930_004303_007EDA_9279,20454.5,0.006,2026-07-04,2026-10-02
S1D_IW_GRDH_1SDV_20260826T230930_20260826T230955_004303_007EDA_3FA8,SENTINEL-1D,S1D,IW,DV,VV+VH,2026-08-26 23:09:30,2026-08-26 23:09:55,4303,62,DESCENDING,aws:sentinel-s1-l1c,GRD/2026/8/26/IW/DV/S1D_IW_GRDH_1SDV_20260826T230930_20260826T230955_004303_007EDA_3FA8,25824.7,0.007,2026-07-04,2026-10-02
S1D_IW_GRDH_1SDV_20260826T230955_20260826T231020_004303_007EDA_5C99,SENTINEL-1D,S1D,IW,DV,VV+VH,2026-08-26 23:09:55,2026-08-26 23:10:20,4303,62,DESCENDING,aws:sentinel-s1-l1c,GRD/2026/8/26/IW/DV/S1D_IW_GRDH_1SDV_20260826T230955_20260826T231020_004303_007EDA_5C99,20009.3,0.005,2026-07-04,2026-10-02
S1D_IW_GRDH_1SDV_20260826T231020_20260826T231045_004303_007EDA_D8E2,SENTINEL-1D,S1D,IW,DV,VV+VH,2026-08-26 23:10:20,2026-08-26 23:10:45,4303,62,DESCENDING,aws:sentinel-s1-l1c,GRD/2026/8/26/IW/DV/S1D_IW_GRDH_1SDV_20260826T231020_20260826T231045_004303_007EDA_D8E2,566.4,0.0,2026-07-04,2026-10-02
S1D_IW_GRDH_1SDV_20260827T100028_20260827T100057_004310_007F1A_6472,SENTINEL-1D,S1D,IW,DV,VV+VH,2026-08-27 10:00:28,2026-08-27 10:00:57,4310,69,ASCENDING,aws:sentinel-s1-l1c,GRD/2026/8/27/IW/DV/S1D_IW_GRDH_1SDV_20260827T100028_20260827T100057_004310_007F1A_6472,14.3,0.0,2026-07-04,2026-10-02
S1C_IW_GRDH_1SDV_20260827T104815_20260827T104845_009180_0123D0_5806,SENTINEL-1C,S1C,IW,DV,VV+VH,2026-08-27 10:48:15,2026-08-27 10:48:45,9180,157,ASCENDING,aws:sentinel-s1-l1c,GRD/2026/8/27/IW/DV/S1C_IW_GRDH_1SDV_20260827T104815_20260827T104845_009180_0123D0_5806,15710.5,0.004,2026-07-04,2026-10-02
S1C_IW_GRDH_1SDV_20260827T104845_20260827T104918_009180_0123D0_3D17,SENTINEL-1C,S1C,IW,DV,VV+VH,2026-08-27 10:48:45,2026-08-27 10:49:18,9180,157,ASCENDING,aws:sentinel-s1-l1c,GRD/2026/8/27/IW/DV/S1C_IW_GRDH_1SDV_20260827T104845_20260827T104918_009180_0123D0_3D17,35842.8,0.01,2026-07-04,2026-10-02
S1D_IW_GRDH_1SDV_20260827T113434_20260827T113459_004311_007F25_870D,SENTINEL-1D,S1D,IW,DV,VV+VH,2026-08-27 11:34:34,2026-08-27 11:34:59,4311,70,ASCENDING,aws:sentinel-s1-l1c,GRD/2026/8/27/IW/DV/S1D_IW_GRDH_1SDV_20260827T113434_20260827T113459_004311_007F25_870D,6451.0,0.002,2026-07-04,2026-10-02
S1D_IW_GRDH_1SDV_20260827T113434_20260827T113459_004311_007F25_97C1,SENTINEL-1D,S1D,IW,DV,VV+VH,2026-08-27 11:34:34,2026-08-27 11:34:59,4311,70,ASCENDING,aws:sentinel-s1-l1c,GRD/2026/8/27/IW/DV/S1D_IW_GRDH_1SDV_20260827T113434_20260827T113459_004311_007F25_97C1,6450.6,0.002,2026-07-04,2026-10-02
S1D_IW_GRDH_1SDV_20260827T113459_20260827T113524_004311_007F25_02A2,SENTINEL-1D,S1D,IW,DV,VV+VH,2026-08-27 11:34:59,2026-08-27 11:35:24,4311,70,ASCENDING,aws:sentinel-s1-l1c,GRD/2026/8/27/IW/DV/S1D_IW_GRDH_1SDV_20260827T113459_20260827T113524_004311_007F25_02A2,12228.3,0.003,2026-07-04,2026-10-02
S1D_IW_GRDH_1SDV_20260827T113459_20260827T113524_004311_007F25_91AE,SENTINEL-1D,S1D,IW,DV,VV+VH,2026-08-27 11:34:59,2026-08-27 11:35:24,4311,70,ASCENDING,aws:sentinel-s1-l1c,GRD/2026/8/27/IW/DV/S1D_IW_GRDH_1SDV_20260827T113459_20260827T113524_004311_007F25_91AE,12228.0,0.003,2026-07-04,2026-10-02
S1D_IW_GRDH_1SDV_20260827T113524_20260827T113549_004311_007F25_8A45,SENTINEL-1D,S1D,IW,DV,VV+VH,2026-08-27 11:35:24,2026-08-27 11:35:49,4311,70,ASCENDING,aws:sentinel-s1-l1c,GRD/2026/8/27/IW/DV/S1D_IW_GRDH_1SDV_20260827T113524_20260827T113549_004311_007F25_8A45,22895.2,0.006,2026-07-04,2026-10-02
S1D_IW_GRDH_1SDV_20260827T113524_20260827T113549_004311_007F25_B358,SENTINEL-1D,S1D,IW,DV,VV+VH,2026-08-27 11:35:24,2026-08-27 11:35:49,4311,70,ASCENDING,aws:sentinel-s1-l1c,GRD/2026/8/27/IW/DV/S1D_IW_GRDH_1SDV_20260827T113524_20260827T113549_004311_007F25_B358,22894.4,0.006,2026-07-04,2026-10-02
S1D_IW_GRDH_1SDV_20260827T113549_20260827T113614_004311_007F25_56C6,SENTINEL-1D,S1D,IW,DV,VV+VH,2026-08-27 11:35:49,2026-08-27 11:36:14,4311,70,ASCENDING,aws:sentinel-s1-l1c,GRD/2026/8/27/IW/DV/S1D_IW_GRDH_1SDV_20260827T113549_20260827T113614_004311_007F25_56C6,8144.7,0.002,2026-07-04,2026-10-02
S1D_IW_GRDH_1SDV_20260827T113549_20260827T113614_004311_007F25_B5F0,SENTINEL-1D,S1D,IW,DV,VV+VH,2026-08-27 11:35:49,2026-08-27 11:36:14,4311,70,ASCENDING,aws:sentinel-s1-l1c,GRD/2026/8/27/IW/DV/S1D_IW_GRDH_1SDV_20260827T113549_20260827T113614_004311_007F25_B5F0,8145.8,0.002,2026-07-04,2026-10-02
S1D_IW_GRDH_1SDV_20260827T113614_20260827T113639_004311_007F25_7A38,SENTINEL-1D,S1D,IW,DV,VV+VH,2026-08-27 11:36:14,2026-08-27 11:36:39,4311,70,ASCENDING,aws:sentinel-s1-l1c,GRD/2026/8/27/IW/DV/S1D_IW_GRDH_1SDV_20260827T113614_20260827T113639_004311_007F25_7A38,0.0,0.0,2026-07-04,2026-10-02
S1D_IW_GRDH_1SDV_20260827T113614_20260827T113639_004311_007F25_C325,SENTINEL-1D,S1D,IW,DV,VV+VH,2026-08-27 11:36:14,2026-08-27 11:36:39,4311,70,ASCENDING,aws:sentinel-s1-l1c,GRD/2026/8/27/IW/DV/S1D_IW_GRDH_1SDV_20260827T113614_20260827T113639_004311_007F25_C325,0.0,0.0,2026-07-04,2026-10-02
S1D_IW_GRDH_1SDV_20260827T221342_20260827T221412_004317_007F62_F4CD,SENTINEL-1D,S1D,IW,DV,VV+VH,2026-08-27 22:13:42,2026-08-27 22:14:12,4317,76,DESCENDING,aws:sentinel-s1-l1c,GRD/2026/8/27/IW/DV/S1D_IW_GRDH_1SDV_20260827T221342_20260827T221412_004317_007F62_F4CD,43490.9,0.012,2026-07-04,2026-10-02
S1D_IW_GRDH_1SDV_20260827T221412_20260827T221437_004317_007F62_A994,SENTINEL-1D,S1D,IW,DV,VV+VH,2026-08-27 22:14:12,2026-08-27 22:14:37,4317,76,DESCENDING,aws:sentinel-s1-l1c,GRD/2026/8/27/IW/DV/S1D_IW_GRDH_1SDV_20260827T221412_20260827T221437_004317_007F62_A994,12330.7,0.003,2026-07-04,2026-10-02
S1D_IW_GRDH_1SDV_20260827T221437_20260827T221502_004317_007F62_B93C,SENTINEL-1D,S1D,IW,DV,VV+VH,2026-08-27 22:14:37,2026-08-27 22:15:02,4317,76,DESCENDING,aws:sentinel-s1-l1c,GRD/2026/8/27/IW/DV/S1D_IW_GRDH_1SDV_20260827T221437_20260827T221502_004317_007F62_B93C,632.5,0.0,2026-07-04,2026-10-02
S1D_IW_GRDH_1SDV_20260827T221552_20260827T221617_004317_007F62_B338,SENTINEL-1D,S1D,IW,DV,VV+VH,2026-08-27 22:15:52,2026-08-27 22:16:17,4317,76,DESCENDING,aws:sentinel-s1-l1c,GRD/2026/8/27/IW/DV/S1D_IW_GRDH_1SDV_20260827T221552_20260827T221617_004317_007F62_B338,517.2,0.0,2026-07-04,2026-10-02
S1C_IW_GRDH_1SDV_20260827T230037_20260827T230102_009187_01240F_FCC1,SENTINEL-1C,S1C,IW,DV,VV+VH,2026-08-27 23:00:37,2026-08-27 23:01:02,9187,164,DESCENDING,aws:sentinel-s1-l1c,GRD/2026/8/27/IW/DV/S1C_IW_GRDH_1SDV_20260827T230037_20260827T230102_009187_01240F_FCC1,12027.0,0.003,2026-07-04,2026-10-02
S1D_IW_GRDH_1SDV_20260828T104031_20260828T104100_004325_007F9E_2D06,SENTINEL-1D,S1D,IW,DV,VV+VH,2026-08-28 10:40:31,2026-08-28 10:41:00,4325,84,ASCENDING,aws:sentinel-s1-l1c,GRD/2026/8/28/IW/DV/S1D_IW_GRDH_1SDV_20260828T104031_20260828T104100_004325_007F9E_2D06,43177.9,0.012,2026-07-04,2026-10-02
S1D_IW_GRDH_1SDV_20260828T104100_20260828T104125_004325_007F9E_BDE7,SENTINEL-1D,S1D,IW,DV,VV+VH,2026-08-28 10:41:00,2026-08-28 10:41:25,4325,84,ASCENDING,aws:sentinel-s1-l1c,GRD/2026/8/28/IW/DV/S1D_IW_GRDH_1SDV_20260828T104100_20260828T104125_004325_007F9E_BDE7,22291.7,0.006,2026-07-04,2026-10-02
S1D_IW_GRDH_1SDV_20260828T225017_20260828T225042_004332_007FE0_1081,SENTINEL-1D,S1D,IW,DV,VV+VH,2026-08-28 22:50:17,2026-08-28 22:50:42,4332,91,DESCENDING,aws:sentinel-s1-l1c,GRD/2026/8/28/IW/DV/S1D_IW_GRDH_1SDV_20260828T225017_20260828T225042_004332_007FE0_1081,4216.4,0.001,2026-07-04,2026-10-02
S1D_IW_GRDH_1SDV_20260828T225042_20260828T225107_004332_007FE0_F469,SENTINEL-1D,S1D,IW,DV,VV+VH,2026-08-28 22:50:42,2026-08-28 22:51:07,4332,91,DESCENDING,aws:sentinel-s1-l1c,GRD/2026/8/28/IW/DV/S1D_IW_GRDH_1SDV_20260828T225042_20260828T225107_004332_007FE0_F469,15722.5,0.004,2026-07-04,2026-10-02
S1D_IW_GRDH_1SDV_20260828T225107_20260828T225132_004332_007FE0_ED6E,SENTINEL-1D,S1D,IW,DV,VV+VH,2026-08-28 22:51:07,2026-08-28 22:51:32,4332,91,DESCENDING,aws:sentinel-s1-l1c,GRD/2026/8/28/IW/DV/S1D_IW_GRDH_1SDV_20260828T225107_20260828T225132_004332_007FE0_ED6E,2275.4,0.001,2026-07-04,2026-10-02
S1D_IW_GRDH_1SDV_20260828T225247_20260828T225312_004332_007FE0_96EC,SENTINEL-1D,S1D,IW,DV,VV+VH,2026-08-28 22:52:47,2026-08-28 22:53:12,4332,91,DESCENDING,aws:sentinel-s1-l1c,GRD/2026/8/28/IW/DV/S1D_IW_GRDH_1SDV_20260828T225247_20260828T225312_004332_007FE0_96EC,1499.9,0.0,2026-07-04,2026-10-02
S1D_IW_GRDH_1SDV_20260828T225312_20260828T225336_004332_007FE0_26C5,SENTINEL-1D,S1D,IW,DV,VV+VH,2026-08-28 22:53:12,2026-08-28 22:53:36,4332,91,DESCENDING,aws:sentinel-s1-l1c,GRD/2026/8/28/IW/DV/S1D_IW_GRDH_1SDV_20260828T225312_20260828T225336_004332_007FE0_26C5,25819.1,0.007,2026-07-04,2026-10-02
S1D_IW_GRDH_1SDV_20260828T225424_20260828T225453_004332_007FE1_E2C0,SENTINEL-1D,S1D,IW,DV,VV+VH,2026-08-28 22:54:24,2026-08-28 22:54:53,4332,91,DESCENDING,aws:sentinel-s1-l1c,GRD/2026/8/28/IW/DV/S1D_IW_GRDH_1SDV_20260828T225424_20260828T225453_004332_007FE1_E2C0,29328.8,0.008,2026-07-04,2026-10-02
S1D_IW_GRDH_1SDV_20260828T225453_20260828T225518_004332_007FE1_5DF6,SENTINEL-1D,S1D,IW,DV,VV+VH,2026-08-28 22:54:53,2026-08-28 22:55:18,4332,91,DESCENDING,aws:sentinel-s1-l1c,GRD/2026/8/28/IW/DV/S1D_IW_GRDH_1SDV_20260828T225453_20260828T225518_004332_007FE1_5DF6,2718.1,0.001,2026-07-04,2026-10-02
S1D_IW_GRDH_1SDV_20260828T225543_20260828T225608_004332_007FE1_1420,SENTINEL-1D,S1D,IW,DV,VV+VH,2026-08-28 22:55:43,2026-08-28 22:56:08,4332,91,DESCENDING,aws:sentinel-s1-l1c,GRD/2026/8/28/IW/DV/S1D_IW_GRDH_1SDV_20260828T225543_20260828T225608_004332_007FE1_1420,0.2,0.0,2026-07-04,2026-10-02
S1D_IW_GRDH_1SDV_20260828T225608_20260828T225633_004332_007FE1_7E7B,SENTINEL-1D,S1D,IW,DV,VV+VH,2026-08-28 22:56:08,2026-08-28 22:56:33,4332,91,DESCENDING,aws:sentinel-s1-l1c,GRD/2026/8/28/IW/DV/S1D_IW_GRDH_1SDV_20260828T225608_20260828T225633_004332_007FE1_7E7B,67.2,0.0,2026-07-04,2026-10-02
S1D_IW_GRDH_1SDV_20260829T111529_20260829T111554_004339_008021_A007,SENTINEL-1D,S1D,IW,DV,VV+VH,2026-08-29 11:15:29,2026-08-29 11:15:54,4339,98,ASCENDING,aws:sentinel-s1-l1c,GRD/2026/8/29/IW/DV/S1D_IW_GRDH_1SDV_20260829T111529_20260829T111554_004339_008021_A007,15469.1,0.004,2026-07-04,2026-10-02
S1D_IW_GRDH_1SDV_20260829T111554_20260829T111619_004339_008021_ED5D,SENTINEL-1D,S1D,IW,DV,VV+VH,2026-08-29 11:15:54,2026-08-29 11:16:19,4339,98,ASCENDING,aws:sentinel-s1-l1c,GRD/2026/8/29/IW/DV/S1D_IW_GRDH_1SDV_20260829T111554_20260829T111619_004339_008021_ED5D,39649.8,0.011,2026-07-04,2026-10-02
S1D_IW_GRDH_1SDV_20260829T111619_20260829T111644_004339_008021_06FD,SENTINEL-1D,S1D,IW,DV,VV+VH,2026-08-29 11:16:19,2026-08-29 11:16:44,4339,98,ASCENDING,aws:sentinel-s1-l1c,GRD/2026/8/29/IW/DV/S1D_IW_GRDH_1SDV_20260829T111619_20260829T111644_004339_008021_06FD,41314.8,0.011,2026-07-04,2026-10-02
S1D_IW_GRDH_1SDV_20260829T111644_20260829T111709_004340_008021_621F,SENTINEL-1D,S1D,IW,DV,VV+VH,2026-08-29 11:16:44,2026-08-29 11:17:09,4340,99,ASCENDING,aws:sentinel-s1-l1c,GRD/2026/8/29/IW/DV/S1D_IW_GRDH_1SDV_20260829T111644_20260829T111709_004340_008021_621F,38443.4,0.011,2026-07-04,2026-10-02
S1D_IW_GRDH_1SDV_20260829T111709_20260829T111734_004340_008021_8195,SENTINEL-1D,S1D,IW,DV,VV+VH,2026-08-29 11:17:09,2026-08-29 11:17:34,4340,99,ASCENDING,aws:sentinel-s1-l1c,GRD/2026/8/29/IW/DV/S1D_IW_GRDH_1SDV_20260829T111709_20260829T111734_004340_008021_8195,42730.9,0.012,2026-07-04,2026-10-02
S1D_IW_GRDH_1SDV_20260829T111734_20260829T111759_004340_008021_0E09,SENTINEL-1D,S1D,IW,DV,VV+VH,2026-08-29 11:17:34,2026-08-29 11:17:59,4340,99,ASCENDING,aws:sentinel-s1-l1c,GRD/2026/8/29/IW/DV/S1D_IW_GRDH_1SDV_20260829T111734_20260829T111759_004340_008021_0E09,42068.9,0.012,2026-07-04,2026-10-02
S1D_IW_GRDH_1SDV_20260829T111759_20260829T111824_004340_008021_D46A,SENTINEL-1D,S1D,IW,DV,VV+VH,2026-08-29 11:17:59,2026-08-29 11:18:24,4340,99,ASCENDING,aws:sentinel-s1-l1c,GRD/2026/8/29/IW/DV/S1D_IW_GRDH_1SDV_20260829T111759_20260829T111824_004340_008021_D46A,42780.7,0.012,2026-07-04,2026-10-02
S1D_IW_GRDH_1SDV_20260829T111824_20260829T111849_004340_008021_5E51,SENTINEL-1D,S1D,IW,DV,VV+VH,2026-08-29 11:18:24,2026-08-29 11:18:49,4340,99,ASCENDING,aws:sentinel-s1-l1c,GRD/2026/8/29/IW/DV/S1D_IW_GRDH_1SDV_20260829T111824_20260829T111849_004340_008021_5E51,42700.4,0.012,2026-07-04,2026-10-02
S1D_IW_GRDH_1SDV_20260829T111849_20260829T111914_004340_008021_AF14,SENTINEL-1D,S1D,IW,DV,VV+VH,2026-08-29 11:18:49,2026-08-29 11:19:14,4340,99,ASCENDING,aws:sentinel-s1-l1c,GRD/2026/8/29/IW/DV/S1D_IW_GRDH_1SDV_20260829T111849_20260829T111914_004340_008021_AF14,42328.6,0.012,2026-07-04,2026-10-02
S1D_IW_GRDH_1SDV_20260829T111914_20260829T111939_004340_008021_E2BA,SENTINEL-1D,S1D,IW,DV,VV+VH,2026-08-29 11:19:14,2026-08-29 11:19:39,4340,99,ASCENDING,aws:sentinel-s1-l1c,GRD/2026/8/29/IW/DV/S1D_IW_GRDH_1SDV_20260829T111914_20260829T111939_004340_008021_E2BA,25619.6,0.007,2026-07-04,2026-10-02
S1D_IW_GRDH_1SDV_20260829T111939_20260829T112004_004340_008021_CAB0,SENTINEL-1D,S1D,IW,DV,VV+VH,2026-08-29 11:19:39,2026-08-29 11:20:04,4340,99,ASCENDING,aws:sentinel-s1-l1c,GRD/2026/8/29/IW/DV/S1D_IW_GRDH_1SDV_20260829T111939_20260829T112004_004340_008021_CAB0,8698.0,0.002,2026-07-04,2026-10-02
S1D_IW_GRDH_1SDV_20260829T215324_20260829T215353_004346_008056_5F72,SENTINEL-1D,S1D,IW,DV,VV+VH,2026-08-29 21:53:24,2026-08-29 21:53:53,4346,105,DESCENDING,aws:sentinel-s1-l1c,GRD/2026/8/29/IW/DV/S1D_IW_GRDH_1SDV_20260829T215324_20260829T215353_004346_008056_5F72,43300.9,0.012,2026-07-04,2026-10-02
S1D_IW_GRDH_1SDV_20260829T215353_20260829T215418_004346_008056_F82D,SENTINEL-1D,S1D,IW,DV,VV+VH,2026-08-29 21:53:53,2026-08-29 21:54:18,4346,105,DESCENDING,aws:sentinel-s1-l1c,GRD/2026/8/29/IW/DV/S1D_IW_GRDH_1SDV_20260829T215353_20260829T215418_004346_008056_F82D,39188.1,0.011,2026-07-04,2026-10-02
S1D_IW_GRDH_1SDV_20260829T215418_20260829T215432_004346_008056_A36B,SENTINEL-1D,S1D,IW,DV,VV+VH,2026-08-29 21:54:18,2026-08-29 21:54:32,4346,105,DESCENDING,aws:sentinel-s1-l1c,GRD/2026/8/29/IW/DV/S1D_IW_GRDH_1SDV_20260829T215418_20260829T215432_004346_008056_A36B,18831.6,0.005,2026-07-04,2026-10-02
S1D_IW_GRDH_1SDV_20260829T215517_20260829T215546_004346_008057_B931,SENTINEL-1D,S1D,IW,DV,VV+VH,2026-08-29 21:55:17,2026-08-29 21:55:46,4346,105,DESCENDING,aws:sentinel-s1-l1c,GRD/2026/8/29/IW/DV/S1D_IW_GRDH_1SDV_20260829T215517_20260829T215546_004346_008057_B931,48308.0,0.013,2026-07-04,2026-10-02
S1D_IW_GRDH_1SDV_20260829T215546_20260829T215611_004346_008057_3007,SENTINEL-1D,S1D,IW,DV,VV+VH,2026-08-29 21:55:46,2026-08-29 21:56:11,4346,105,DESCENDING,aws:sentinel-s1-l1c,GRD/2026/8/29/IW/DV/S1D_IW_GRDH_1SDV_20260829T215546_20260829T215611_004346_008057_3007,31220.7,0.009,2026-07-04,2026-10-02
S1D_IW_GRDH_1SDV_20260829T215611_20260829T215636_004346_008057_5BD6,SENTINEL-1D,S1D,IW,DV,VV+VH,2026-08-29 21:56:11,2026-08-29 21:56:36,4346,105,DESCENDING,aws:sentinel-s1-l1c,GRD/2026/8/29/IW/DV/S1D_IW_GRDH_1SDV_20260829T215611_20260829T215636_004346_008057_5BD6,13309.7,0.004,2026-07-04,2026-10-02
S1D_IW_GRDH_1SDV_20260829T215636_20260829T215701_004346_008057_6257,SENTINEL-1D,S1D,IW,DV,VV+VH,2026-08-29 21:56:36,2026-08-29 21:57:01,4346,105,DESCENDING,aws:sentinel-s1-l1c,GRD/2026/8/29/IW/DV/S1D_IW_GRDH_1SDV_20260829T215636_20260829T215701_004346_008057_6257,7644.7,0.002,2026-07-04,2026-10-02
S1D_IW_GRDH_1SDV_20260829T215701_20260829T215726_004346_008057_1CA3,SENTINEL-1D,S1D,IW,DV,VV+VH,2026-08-29 21:57:01,2026-08-29 21:57:26,4346,105,DESCENDING,aws:sentinel-s1-l1c,GRD/2026/8/29/IW/DV/S1D_IW_GRDH_1SDV_20260829T215701_20260829T215726_004346_008057_1CA3,286.4,0.0,2026-07-04,2026-10-02
S1C_IW_GRDH_1SDV_20260829T224254_20260829T224323_009216_0124FB_BB3C,SENTINEL-1C,S1C,IW,DV,VV+VH,2026-08-29 22:42:54,2026-08-29 22:43:23,9216,18,DESCENDING,aws:sentinel-s1-l1c,GRD/2026/8/29/IW/DV/S1C_IW_GRDH_1SDV_20260829T224254_20260829T224323_009216_0124FB_BB3C,19002.5,0.005,2026-07-04,2026-10-02
S1C_IW_GRDH_1SDV_20260829T224438_20260829T224503_009216_0124FB_1A14,SENTINEL-1C,S1C,IW,DV,VV+VH,2026-08-29 22:44:38,2026-08-29 22:45:03,9216,18,DESCENDING,aws:sentinel-s1-l1c,GRD/2026/8/29/IW/DV/S1C_IW_GRDH_1SDV_20260829T224438_20260829T224503_009216_0124FB_1A14,1104.0,0.0,2026-07-04,2026-10-02
S1D_IW_GRDH_1SDV_20260830T102450_20260830T102520_004354_0080A0_C604,SENTINEL-1D,S1D,IW,DV,VV+VH,2026-08-30 10:24:50,2026-08-30 10:25:20,4354,113,ASCENDING,aws:sentinel-s1-l1c,GRD/2026/8/30/IW/DV/S1D_IW_GRDH_1SDV_20260830T102450_20260830T102520_004354_0080A0_C604,22421.7,0.006,2026-07-04,2026-10-02
S1C_IW_GRDH_1SDV_20260830T111046_20260830T111115_009224_01253E_1CB4,SENTINEL-1C,S1C,IW,DV,VV+VH,2026-08-30 11:10:46,2026-08-30 11:11:15,9224,26,ASCENDING,aws:sentinel-s1-l1c,GRD/2026/8/30/IW/DV/S1C_IW_GRDH_1SDV_20260830T111046_20260830T111115_009224_01253E_1CB4,1737.7,0.0,2026-07-04,2026-10-02
S1C_IW_GRDH_1SDV_20260830T214442_20260830T214512_009230_012573_13EA,SENTINEL-1C,S1C,IW,DV,VV+VH,2026-08-30 21:44:42,2026-08-30 21:45:12,9230,32,DESCENDING,aws:sentinel-s1-l1c,GRD/2026/8/30/IW/DV/S1C_IW_GRDH_1SDV_20260830T214442_20260830T214512_009230_012573_13EA,29158.4,0.008,2026-07-04,2026-10-02
S1C_IW_GRDH_1SDV_20260830T214512_20260830T214537_009230_012573_390C,SENTINEL-1C,S1C,IW,DV,VV+VH,2026-08-30 21:45:12,2026-08-30 21:45:37,9230,32,DESCENDING,aws:sentinel-s1-l1c,GRD/2026/8/30/IW/DV/S1C_IW_GRDH_1SDV_20260830T214512_20260830T214537_009230_012573_390C,619.3,0.0,2026-07-04,2026-10-02
S1C_IW_GRDH_1SDV_20260830T214537_20260830T214602_009230_012573_63E6,SENTINEL-1C,S1C,IW,DV,VV+VH,2026-08-30 21:45:37,2026-08-30 21:46:02,9230,32,DESCENDING,aws:sentinel-s1-l1c,GRD/2026/8/30/IW/DV/S1C_IW_GRDH_1SDV_20260830T214537_20260830T214602_009230_012573_63E6,1683.8,0.0,2026-07-04,2026-10-02
S1C_IW_GRDH_1SDV_20260830T214602_20260830T214627_009230_012573_DE41,SENTINEL-1C,S1C,IW,DV,VV+VH,2026-08-30 21:46:02,2026-08-30 21:46:27,9230,32,DESCENDING,aws:sentinel-s1-l1c,GRD/2026/8/30/IW/DV/S1C_IW_GRDH_1SDV_20260830T214602_20260830T214627_009230_012573_DE41,12011.9,0.003,2026-07-04,2026-10-02
S1C_IW_GRDH_1SDV_20260830T214627_20260830T214657_009230_012573_60A3,SENTINEL-1C,S1C,IW,DV,VV+VH,2026-08-30 21:46:27,2026-08-30 21:46:57,9230,32,DESCENDING,aws:sentinel-s1-l1c,GRD/2026/8/30/IW/DV/S1C_IW_GRDH_1SDV_20260830T214627_20260830T214657_009230_012573_60A3,23120.7,0.006,2026-07-04,2026-10-02
S1D_IW_GRDH_1SDV_20260830T223519_20260830T223549_004361_0080E3_4DA8,SENTINEL-1D,S1D,IW,DV,VV+VH,2026-08-30 22:35:19,2026-08-30 22:35:49,4361,120,DESCENDING,aws:sentinel-s1-l1c,GRD/2026/8/30/IW/DV/S1D_IW_GRDH_1SDV_20260830T223519_20260830T223549_004361_0080E3_4DA8,26259.7,0.007,2026-07-04,2026-10-02
S1D_IW_GRDH_1SDV_20260830T223549_20260830T223614_004361_0080E3_AC2D,SENTINEL-1D,S1D,IW,DV,VV+VH,2026-08-30 22:35:49,2026-08-30 22:36:14,4361,120,DESCENDING,aws:sentinel-s1-l1c,GRD/2026/8/30/IW/DV/S1D_IW_GRDH_1SDV_20260830T223549_20260830T223614_004361_0080E3_AC2D,6874.5,0.002,2026-07-04,2026-10-02
S1D_IW_GRDH_1SDV_20260830T223614_20260830T223639_004361_0080E3_D232,SENTINEL-1D,S1D,IW,DV,VV+VH,2026-08-30 22:36:14,2026-08-30 22:36:39,4361,120,DESCENDING,aws:sentinel-s1-l1c,GRD/2026/8/30/IW/DV/S1D_IW_GRDH_1SDV_20260830T223614_20260830T223639_004361_0080E3_D232,2508.4,0.001,2026-07-04,2026-10-02
S1D_IW_GRDH_1SDV_20260830T223639_20260830T223706_004361_0080E3_CD3C,SENTINEL-1D,S1D,IW,DV,VV+VH,2026-08-30 22:36:39,2026-08-30 22:37:06,4361,120,DESCENDING,aws:sentinel-s1-l1c,GRD/2026/8/30/IW/DV/S1D_IW_GRDH_1SDV_20260830T223639_20260830T223706_004361_0080E3_CD3C,23508.9,0.006,2026-07-04,2026-10-02
S1D_IW_GRDH_1SDV_20260830T223835_20260830T223904_004361_0080E4_1D92,SENTINEL-1D,S1D,IW,DV,VV+VH,2026-08-30 22:38:35,2026-08-30 22:39:04,4361,120,DESCENDING,aws:sentinel-s1-l1c,GRD/2026/8/30/IW/DV/S1D_IW_GRDH_1SDV_20260830T223835_20260830T223904_004361_0080E4_1D92,46593.2,0.013,2026-07-04,2026-10-02
S1D_IW_GRDH_1SDV_20260830T223904_20260830T223929_004361_0080E4_9B9F,SENTINEL-1D,S1D,IW,DV,VV+VH,2026-08-30 22:39:04,2026-08-30 22:39:29,4361,120,DESCENDING,aws:sentinel-s1-l1c,GRD/2026/8/30/IW/DV/S1D_IW_GRDH_1SDV_20260830T223904_20260830T223929_004361_0080E4_9B9F,42740.9,0.012,2026-07-04,2026-10-02
S1D_IW_GRDH_1SDV_20260830T223929_20260830T223954_004361_0080E4_F589,SENTINEL-1D,S1D,IW,DV,VV+VH,2026-08-30 22:39:29,2026-08-30 22:39:54,4361,120,DESCENDING,aws:sentinel-s1-l1c,GRD/2026/8/30/IW/DV/S1D_IW_GRDH_1SDV_20260830T223929_20260830T223954_004361_0080E4_F589,42580.1,0.012,2026-07-04,2026-10-02
S1D_IW_GRDH_1SDV_20260830T223954_20260830T224019_004361_0080E4_047F,SENTINEL-1D,S1D,IW,DV,VV+VH,2026-08-30 22:39:54,2026-08-30 22:40:19,4361,120,DESCENDING,aws:sentinel-s1-l1c,GRD/2026/8/30/IW/DV/S1D_IW_GRDH_1SDV_20260830T223954_20260830T224019_004361_0080E4_047F,37234.8,0.01,2026-07-04,2026-10-02
S1D_IW_GRDH_1SDV_20260830T224019_20260830T224044_004361_0080E4_4B4F,SENTINEL-1D,S1D,IW,DV,VV+VH,2026-08-30 22:40:19,2026-08-30 22:40:44,4361,120,DESCENDING,aws:sentinel-s1-l1c,GRD/2026/8/30/IW/DV/S1D_IW_GRDH_1SDV_20260830T224019_20260830T224044_004361_0080E4_4B4F,9304.7,0.003,2026-07-04,2026-10-02
S1D_IW_GRDH_1SDV_20260831T110238_20260831T110307_004369_008124_6738,SENTINEL-1D,S1D,IW,DV,VV+VH,2026-08-31 11:02:38,2026-08-31 11:03:07,4369,128,ASCENDING,aws:sentinel-s1-l1c,GRD/2026/8/31/IW/DV/S1D_IW_GRDH_1SDV_20260831T110238_20260831T110307_004369_008124_6738,20136.6,0.006,2026-07-04,2026-10-02
S1D_IW_GRDH_1SDV_20260831T110422_20260831T110447_004369_008124_CE8E,SENTINEL-1D,S1D,IW,DV,VV+VH,2026-08-31 11:04:22,2026-08-31 11:04:47,4369,128,ASCENDING,aws:sentinel-s1-l1c,GRD/2026/8/31/IW/DV/S1D_IW_GRDH_1SDV_20260831T110422_20260831T110447_004369_008124_CE8E,3780.5,0.001,2026-07-04,2026-10-02
S1D_IW_GRDH_1SDV_20260831T110447_20260831T110512_004369_008124_3534,SENTINEL-1D,S1D,IW,DV,VV+VH,2026-08-31 11:04:47,2026-08-31 11:05:12,4369,128,ASCENDING,aws:sentinel-s1-l1c,GRD/2026/8/31/IW/DV/S1D_IW_GRDH_1SDV_20260831T110447_20260831T110512_004369_008124_3534,17068.0,0.005,2026-07-04,2026-10-02
S1D_IW_GRDH_1SDV_20260831T110512_20260831T110537_004369_008124_E24D,SENTINEL-1D,S1D,IW,DV,VV+VH,2026-08-31 11:05:12,2026-08-31 11:05:37,4369,128,ASCENDING,aws:sentinel-s1-l1c,GRD/2026/8/31/IW/DV/S1D_IW_GRDH_1SDV_20260831T110512_20260831T110537_004369_008124_E24D,11954.4,0.003,2026-07-04,2026-10-02
S1D_IW_GRDH_1SDV_20260901T222224_20260901T222254_004390_0081E3_F0CB,SENTINEL-1D,S1D,IW,DV,VV+VH,2026-09-01 22:22:24,2026-09-01 22:22:54,4390,149,DESCENDING,aws:sentinel-s1-l1c,GRD/2026/9/1/IW/DV/S1D_IW_GRDH_1SDV_20260901T222224_20260901T222254_004390_0081E3_F0CB,43892.8,0.012,2026-07-04,2026-10-02
S1D_IW_GRDH_1SDV_20260901T222254_20260901T222319_004390_0081E3_644D,SENTINEL-1D,S1D,IW,DV,VV+VH,2026-09-01 22:22:54,2026-09-01 22:23:19,4390,149,DESCENDING,aws:sentinel-s1-l1c,GRD/2026/9/1/IW/DV/S1D_IW_GRDH_1SDV_20260901T222254_20260901T222319_004390_0081E3_644D,3088.6,0.001,2026-07-04,2026-10-02
S1D_IW_GRDH_1SDV_20260901T222319_20260901T222344_004390_0081E3_E7D4,SENTINEL-1D,S1D,IW,DV,VV+VH,2026-09-01 22:23:19,2026-09-01 22:23:44,4390,149,DESCENDING,aws:sentinel-s1-l1c,GRD/2026/9/1/IW/DV/S1D_IW_GRDH_1SDV_20260901T222319_20260901T222344_004390_0081E3_E7D4,14842.9,0.004,2026-07-04,2026-10-02
S1D_IW_GRDH_1SDV_20260901T222344_20260901T222409_004390_0081E3_1380,SENTINEL-1D,S1D,IW,DV,VV+VH,2026-09-01 22:23:44,2026-09-01 22:24:09,4390,149,DESCENDING,aws:sentinel-s1-l1c,GRD/2026/9/1/IW/DV/S1D_IW_GRDH_1SDV_20260901T222344_20260901T222409_004390_0081E3_1380,35854.4,0.01,2026-07-04,2026-10-02
S1D_IW_GRDH_1SDV_20260901T222409_20260901T222434_004390_0081E3_06DB,SENTINEL-1D,S1D,IW,DV,VV+VH,2026-09-01 22:24:09,2026-09-01 22:24:34,4390,149,DESCENDING,aws:sentinel-s1-l1c,GRD/2026/9/1/IW/DV/S1D_IW_GRDH_1SDV_20260901T222409_20260901T222434_004390_0081E3_06DB,1944.4,0.001,2026-07-04,2026-10-02
S1C_IW_GRDH_1SDV_20260902T095846_20260902T095911_009267_0126A5_53B7,SENTINEL-1C,S1C,IW,DV,VV+VH,2026-09-02 09:58:46,2026-09-02 09:59:11,9267,69,ASCENDING,aws:sentinel-s1-l1c,GRD/2026/9/2/IW/DV/S1C_IW_GRDH_1SDV_20260902T095846_20260902T095911_009267_0126A5_53B7,8412.3,0.002,2026-07-04,2026-10-02
S1C_IW_GRDH_1SDV_20260902T095911_20260902T095925_009267_0126A5_0EF0,SENTINEL-1C,S1C,IW,DV,VV+VH,2026-09-02 09:59:11,2026-09-02 09:59:25,9267,69,ASCENDING,aws:sentinel-s1-l1c,GRD/2026/9/2/IW/DV/S1C_IW_GRDH_1SDV_20260902T095911_20260902T095925_009267_0126A5_0EF0,12639.5,0.003,2026-07-04,2026-10-02
S1C_IW_GRDH_1SDV_20260902T095950_20260902T100020_009267_0126A6_613F,SENTINEL-1C,S1C,IW,DV,VV+VH,2026-09-02 09:59:50,2026-09-02 10:00:20,9267,69,ASCENDING,aws:sentinel-s1-l1c,GRD/2026/9/2/IW/DV/S1C_IW_GRDH_1SDV_20260902T095950_20260902T100020_009267_0126A6_613F,6069.1,0.002,2026-07-04,2026-10-02
S1D_IW_GRDH_1SDV_20260902T104831_20260902T104900_004398_008229_6724,SENTINEL-1D,S1D,IW,DV,VV+VH,2026-09-02 10:48:31,2026-09-02 10:49:00,4398,157,ASCENDING,aws:sentinel-s1-l1c,GRD/2026/9/2/IW/DV/S1D_IW_GRDH_1SDV_20260902T104831_20260902T104900_004398_008229_6724,12852.5,0.004,2026-07-04,2026-10-02
S1D_IW_GRDH_1SDV_20260902T104900_20260902T104925_004398_008229_76CF,SENTINEL-1D,S1D,IW,DV,VV+VH,2026-09-02 10:49:00,2026-09-02 10:49:25,4398,157,ASCENDING,aws:sentinel-s1-l1c,GRD/2026/9/2/IW/DV/S1D_IW_GRDH_1SDV_20260902T104900_20260902T104925_004398_008229_76CF,31203.5,0.009,2026-07-04,2026-10-02
S1D_IW_GRDH_1SDV_20260902T104925_20260902T104950_004398_008229_8E2F,SENTINEL-1D,S1D,IW,DV,VV+VH,2026-09-02 10:49:25,2026-09-02 10:49:50,4398,157,ASCENDING,aws:sentinel-s1-l1c,GRD/2026/9/2/IW/DV/S1D_IW_GRDH_1SDV_20260902T104925_20260902T104950_004398_008229_8E2F,3772.2,0.001,2026-07-04,2026-10-02
S1D_IW_GRDH_1SDV_20260902T230042_20260902T230107_004405_00826B_48A8,SENTINEL-1D,S1D,IW,DV,VV+VH,2026-09-02 23:00:42,2026-09-02 23:01:07,4405,164,DESCENDING,aws:sentinel-s1-l1c,GRD/2026/9/2/IW/DV/S1D_IW_GRDH_1SDV_20260902T230042_20260902T230107_004405_00826B_48A8,3695.2,0.001,2026-07-04,2026-10-02
S1D_IW_GRDH_1SDV_20260902T230107_20260902T230132_004405_00826B_E269,SENTINEL-1D,S1D,IW,DV,VV+VH,2026-09-02 23:01:07,2026-09-02 23:01:32,4405,164,DESCENDING,aws:sentinel-s1-l1c,GRD/2026/9/2/IW/DV/S1D_IW_GRDH_1SDV_20260902T230107_20260902T230132_004405_00826B_E269,40938.8,0.011,2026-07-04,2026-10-02
S1D_IW_GRDH_1SDV_20260902T230132_20260902T230157_004405_00826B_DB67,SENTINEL-1D,S1D,IW,DV,VV+VH,2026-09-02 23:01:32,2026-09-02 23:01:57,4405,164,DESCENDING,aws:sentinel-s1-l1c,GRD/2026/9/2/IW/DV/S1D_IW_GRDH_1SDV_20260902T230132_20260902T230157_004405_00826B_DB67,42869.3,0.012,2026-07-04,2026-10-02
S1D_IW_GRDH_1SDV_20260902T230157_20260902T230222_004405_00826B_A105,SENTINEL-1D,S1D,IW,DV,VV+VH,2026-09-02 23:01:57,2026-09-02 23:02:22,4405,164,DESCENDING,aws:sentinel-s1-l1c,GRD/2026/9/2/IW/DV/S1D_IW_GRDH_1SDV_20260902T230157_20260902T230222_004405_00826B_A105,41405.5,0.011,2026-07-04,2026-10-02
S1D_IW_GRDH_1SDV_20260902T230222_20260902T230247_004405_00826B_C58A,SENTINEL-1D,S1D,IW,DV,VV+VH,2026-09-02 23:02:22,2026-09-02 23:02:47,4405,164,DESCENDING,aws:sentinel-s1-l1c,GRD/2026/9/2/IW/DV/S1D_IW_GRDH_1SDV_20260902T230222_20260902T230247_004405_00826B_C58A,19714.3,0.005,2026-07-04,2026-10-02
S1D_IW_GRDH_1SDV_20260903T112330_20260903T112355_004412_0082B1_4D73,SENTINEL-1D,S1D,IW,DV,VV+VH,2026-09-03 11:23:30,2026-09-03 11:23:55,4412,171,ASCENDING,aws:sentinel-s1-l1c,GRD/2026/9/3/IW/DV/S1D_IW_GRDH_1SDV_20260903T112330_20260903T112355_004412_0082B1_4D73,148.8,0.0,2026-07-04,2026-10-02
S1D_IW_GRDH_1SDV_20260903T112355_20260903T112420_004412_0082B1_F362,SENTINEL-1D,S1D,IW,DV,VV+VH,2026-09-03 11:23:55,2026-09-03 11:24:20,4412,171,ASCENDING,aws:sentinel-s1-l1c,GRD/2026/9/3/IW/DV/S1D_IW_GRDH_1SDV_20260903T112355_20260903T112420_004412_0082B1_F362,7053.9,0.002,2026-07-04,2026-10-02
S1D_IW_GRDH_1SDV_20260903T112420_20260903T112445_004412_0082B1_23F9,SENTINEL-1D,S1D,IW,DV,VV+VH,2026-09-03 11:24:20,2026-09-03 11:24:45,4412,171,ASCENDING,aws:sentinel-s1-l1c,GRD/2026/9/3/IW/DV/S1D_IW_GRDH_1SDV_20260903T112420_20260903T112445_004412_0082B1_23F9,17741.7,0.005,2026-07-04,2026-10-02
S1D_IW_GRDH_1SDV_20260903T112445_20260903T112510_004412_0082B1_9C6F,SENTINEL-1D,S1D,IW,DV,VV+VH,2026-09-03 11:24:45,2026-09-03 11:25:10,4412,171,ASCENDING,aws:sentinel-s1-l1c,GRD/2026/9/3/IW/DV/S1D_IW_GRDH_1SDV_20260903T112445_20260903T112510_004412_0082B1_9C6F,10243.6,0.003,2026-07-04,2026-10-02
S1D_IW_GRDH_1SDV_20260903T112510_20260903T112535_004413_0082B1_FA92,SENTINEL-1D,S1D,IW,DV,VV+VH,2026-09-03 11:25:10,2026-09-03 11:25:35,4413,172,ASCENDING,aws:sentinel-s1-l1c,GRD/2026/9/3/IW/DV/S1D_IW_GRDH_1SDV_20260903T112510_20260903T112535_004413_0082B1_FA92,6404.0,0.002,2026-07-04,2026-10-02
S1D_IW_GRDH_1SDV_20260903T112535_20260903T112600_004413_0082B1_6BE5,SENTINEL-1D,S1D,IW,DV,VV+VH,2026-09-03 11:25:35,2026-09-03 11:26:00,4413,172,ASCENDING,aws:sentinel-s1-l1c,GRD/2026/9/3/IW/DV/S1D_IW_GRDH_1SDV_20260903T112535_20260903T112600_004413_0082B1_6BE5,4876.4,0.001,2026-07-04,2026-10-02
S1D_IW_GRDH_1SDV_20260903T112600_20260903T112625_004413_0082B1_8C3C,SENTINEL-1D,S1D,IW,DV,VV+VH,2026-09-03 11:26:00,2026-09-03 11:26:25,4413,172,ASCENDING,aws:sentinel-s1-l1c,GRD/2026/9/3/IW/DV/S1D_IW_GRDH_1SDV_20260903T112600_20260903T112625_004413_0082B1_8C3C,12829.6,0.004,2026-07-04,2026-10-02
S1D_IW_GRDH_1SDV_20260903T112625_20260903T112650_004413_0082B1_56E5,SENTINEL-1D,S1D,IW,DV,VV+VH,2026-09-03 11:26:25,2026-09-03 11:26:50,4413,172,ASCENDING,aws:sentinel-s1-l1c,GRD/2026/9/3/IW/DV/S1D_IW_GRDH_1SDV_20260903T112625_20260903T112650_004413_0082B1_56E5,36530.7,0.01,2026-07-04,2026-10-02
S1D_IW_GRDH_1SDV_20260903T112650_20260903T112715_004413_0082B1_4570,SENTINEL-1D,S1D,IW,DV,VV+VH,2026-09-03 11:26:50,2026-09-03 11:27:15,4413,172,ASCENDING,aws:sentinel-s1-l1c,GRD/2026/9/3/IW/DV/S1D_IW_GRDH_1SDV_20260903T112650_20260903T112715_004413_0082B1_4570,42897.8,0.012,2026-07-04,2026-10-02
S1D_IW_GRDH_1SDV_20260903T112715_20260903T112740_004413_0082B1_2BC1,SENTINEL-1D,S1D,IW,DV,VV+VH,2026-09-03 11:27:15,2026-09-03 11:27:40,4413,172,ASCENDING,aws:sentinel-s1-l1c,GRD/2026/9/3/IW/DV/S1D_IW_GRDH_1SDV_20260903T112715_20260903T112740_004413_0082B1_2BC1,42913.0,0.012,2026-07-04,2026-10-02
S1D_IW_GRDH_1SDV_20260903T112740_20260903T112805_004413_0082B1_95DD,SENTINEL-1D,S1D,IW,DV,VV+VH,2026-09-03 11:27:40,2026-09-03 11:28:05,4413,172,ASCENDING,aws:sentinel-s1-l1c,GRD/2026/9/3/IW/DV/S1D_IW_GRDH_1SDV_20260903T112740_20260903T112805_004413_0082B1_95DD,42099.9,0.012,2026-07-04,2026-10-02
S1D_IW_GRDH_1SDV_20260903T112805_20260903T112830_004413_0082B1_63D8,SENTINEL-1D,S1D,IW,DV,VV+VH,2026-09-03 11:28:05,2026-09-03 11:28:30,4413,172,ASCENDING,aws:sentinel-s1-l1c,GRD/2026/9/3/IW/DV/S1D_IW_GRDH_1SDV_20260903T112805_20260903T112830_004413_0082B1_63D8,13390.0,0.004,2026-07-04,2026-10-02
S1D_IW_GRDH_1SDV_20260903T220500_20260903T220530_004419_0082EC_7034,SENTINEL-1D,S1D,IW,DV,VV+VH,2026-09-03 22:05:00,2026-09-03 22:05:30,4419,3,DESCENDING,aws:sentinel-s1-l1c,GRD/2026/9/3/IW/DV/S1D_IW_GRDH_1SDV_20260903T220500_20260903T220530_004419_0082EC_7034,40593.0,0.011,2026-07-04,2026-10-02
S1D_IW_GRDH_1SDV_20260903T220530_20260903T220555_004419_0082EC_0A3B,SENTINEL-1D,S1D,IW,DV,VV+VH,2026-09-03 22:05:30,2026-09-03 22:05:55,4419,3,DESCENDING,aws:sentinel-s1-l1c,GRD/2026/9/3/IW/DV/S1D_IW_GRDH_1SDV_20260903T220530_20260903T220555_004419_0082EC_0A3B,10684.7,0.003,2026-07-04,2026-10-02
S1C_IW_GRDH_1SDV_20260903T225047_20260903T225116_009289_012762_D7BB,SENTINEL-1C,S1C,IW,DV,VV+VH,2026-09-03 22:50:47,2026-09-03 22:51:16,9289,91,DESCENDING,aws:sentinel-s1-l1c,GRD/2026/9/3/IW/DV/S1C_IW_GRDH_1SDV_20260903T225047_20260903T225116_009289_012762_D7BB,5778.5,0.002,2026-07-04,2026-10-02
S1C_IW_GRDH_1SDV_20260903T225231_20260903T225307_009289_012762_B479,SENTINEL-1C,S1C,IW,DV,VV+VH,2026-09-03 22:52:31,2026-09-03 22:53:07,9289,91,DESCENDING,aws:sentinel-s1-l1c,GRD/2026/9/3/IW/DV/S1C_IW_GRDH_1SDV_20260903T225231_20260903T225307_009289_012762_B479,3998.7,0.001,2026-07-04,2026-10-02
S1D_IW_GRDH_1SDV_20260904T103246_20260904T103316_004427_008337_A0F1,SENTINEL-1D,S1D,IW,DV,VV+VH,2026-09-04 10:32:46,2026-09-04 10:33:16,4427,11,ASCENDING,aws:sentinel-s1-l1c,GRD/2026/9/4/IW/DV/S1D_IW_GRDH_1SDV_20260904T103246_20260904T103316_004427_008337_A0F1,36908.5,0.01,2026-07-04,2026-10-02
S1D_IW_GRDH_1SDV_20260904T103316_20260904T103341_004427_008337_79C3,SENTINEL-1D,S1D,IW,DV,VV+VH,2026-09-04 10:33:16,2026-09-04 10:33:41,4427,11,ASCENDING,aws:sentinel-s1-l1c,GRD/2026/9/4/IW/DV/S1D_IW_GRDH_1SDV_20260904T103316_20260904T103341_004427_008337_79C3,1280.6,0.0,2026-07-04,2026-10-02
S1C_IW_GRDH_1SDV_20260904T111903_20260904T111932_009297_0127B1_2B7D,SENTINEL-1C,S1C,IW,DV,VV+VH,2026-09-04 11:19:03,2026-09-04 11:19:32,9297,99,ASCENDING,aws:sentinel-s1-l1c,GRD/2026/9/4/IW/DV/S1C_IW_GRDH_1SDV_20260904T111903_20260904T111932_009297_0127B1_2B7D,24072.1,0.007,2026-07-04,2026-10-02
S1C_IW_GRDH_1SDV_20260904T111932_20260904T111957_009297_0127B1_B44B,SENTINEL-1C,S1C,IW,DV,VV+VH,2026-09-04 11:19:32,2026-09-04 11:19:57,9297,99,ASCENDING,aws:sentinel-s1-l1c,GRD/2026/9/4/IW/DV/S1C_IW_GRDH_1SDV_20260904T111932_20260904T111957_009297_0127B1_B44B,4403.3,0.001,2026-07-04,2026-10-02
S1C_IW_GRDH_1SDV_20260904T215152_20260904T215217_009303_0127E4_008E,SENTINEL-1C,S1C,IW,DV,VV+VH,2026-09-04 21:51:52,2026-09-04 21:52:17,9303,105,DESCENDING,aws:sentinel-s1-l1c,GRD/2026/9/4/IW/DV/S1C_IW_GRDH_1SDV_20260904T215152_20260904T215217_009303_0127E4_008E,6760.1,0.002,2026-07-04,2026-10-02
S1C_IW_GRDH_1SDV_20260904T215217_20260904T215232_009303_0127E4_C9D2,SENTINEL-1C,S1C,IW,DV,VV+VH,2026-09-04 21:52:17,2026-09-04 21:52:32,9303,105,DESCENDING,aws:sentinel-s1-l1c,GRD/2026/9/4/IW/DV/S1C_IW_GRDH_1SDV_20260904T215217_20260904T215232_009303_0127E4_C9D2,14485.7,0.004,2026-07-04,2026-10-02
S1C_IW_GRDH_1SDV_20260904T215313_20260904T215343_009303_0127E5_047B,SENTINEL-1C,S1C,IW,DV,VV+VH,2026-09-04 21:53:13,2026-09-04 21:53:43,9303,105,DESCENDING,aws:sentinel-s1-l1c,GRD/2026/9/4/IW/DV/S1C_IW_GRDH_1SDV_20260904T215313_20260904T215343_009303_0127E5_047B,42768.5,0.012,2026-07-04,2026-10-02
S1C_IW_GRDH_1SDV_20260904T215343_20260904T215408_009303_0127E5_C47F,SENTINEL-1C,S1C,IW,DV,VV+VH,2026-09-04 21:53:43,2026-09-04 21:54:08,9303,105,DESCENDING,aws:sentinel-s1-l1c,GRD/2026/9/4/IW/DV/S1C_IW_GRDH_1SDV_20260904T215343_20260904T215408_009303_0127E5_C47F,38727.5,0.011,2026-07-04,2026-10-02
S1C_IW_GRDH_1SDV_20260904T215408_20260904T215422_009303_0127E5_7B7C,SENTINEL-1C,S1C,IW,DV,VV+VH,2026-09-04 21:54:08,2026-09-04 21:54:22,9303,105,DESCENDING,aws:sentinel-s1-l1c,GRD/2026/9/4/IW/DV/S1C_IW_GRDH_1SDV_20260904T215408_20260904T215422_009303_0127E5_7B7C,19555.8,0.005,2026-07-04,2026-10-02
S1D_IW_GRDH_1SDV_20260904T224256_20260904T224325_004434_008373_CDF1,SENTINEL-1D,S1D,IW,DV,VV+VH,2026-09-04 22:42:56,2026-09-04 22:43:25,4434,18,DESCENDING,aws:sentinel-s1-l1c,GRD/2026/9/4/IW/DV/S1D_IW_GRDH_1SDV_20260904T224256_20260904T224325_004434_008373_CDF1,35173.0,0.01,2026-07-04,2026-10-02
S1D_IW_GRDH_1SDV_20260904T224325_20260904T224350_004434_008373_BEBE,SENTINEL-1D,S1D,IW,DV,VV+VH,2026-09-04 22:43:25,2026-09-04 22:43:50,4434,18,DESCENDING,aws:sentinel-s1-l1c,GRD/2026/9/4/IW/DV/S1D_IW_GRDH_1SDV_20260904T224325_20260904T224350_004434_008373_BEBE,1669.3,0.0,2026-07-04,2026-10-02
S1D_IW_GRDH_1SDV_20260904T224505_20260904T224530_004434_008373_CB5A,SENTINEL-1D,S1D,IW,DV,VV+VH,2026-09-04 22:45:05,2026-09-04 22:45:30,4434,18,DESCENDING,aws:sentinel-s1-l1c,GRD/2026/9/4/IW/DV/S1D_IW_GRDH_1SDV_20260904T224505_20260904T224530_004434_008373_CB5A,11572.2,0.003,2026-07-04,2026-10-02
S1D_IW_GRDH_1SDV_20260904T224530_20260904T224549_004434_008373_2D92,SENTINEL-1D,S1D,IW,DV,VV+VH,2026-09-04 22:45:30,2026-09-04 22:45:49,4434,18,DESCENDING,aws:sentinel-s1-l1c,GRD/2026/9/4/IW/DV/S1D_IW_GRDH_1SDV_20260904T224530_20260904T224549_004434_008373_2D92,24167.6,0.007,2026-07-04,2026-10-02
S1D_IW_GRDH_1SDV_20260904T224626_20260904T224655_004434_008374_1254,SENTINEL-1D,S1D,IW,DV,VV+VH,2026-09-04 22:46:26,2026-09-04 22:46:55,4434,18,DESCENDING,aws:sentinel-s1-l1c,GRD/2026/9/4/IW/DV/S1D_IW_GRDH_1SDV_20260904T224626_20260904T224655_004434_008374_1254,46342.2,0.013,2026-07-04,2026-10-02
S1D_IW_GRDH_1SDV_20260904T224655_20260904T224720_004434_008374_A498,SENTINEL-1D,S1D,IW,DV,VV+VH,2026-09-04 22:46:55,2026-09-04 22:47:20,4434,18,DESCENDING,aws:sentinel-s1-l1c,GRD/2026/9/4/IW/DV/S1D_IW_GRDH_1SDV_20260904T224655_20260904T224720_004434_008374_A498,38543.8,0.011,2026-07-04,2026-10-02
S1D_IW_GRDH_1SDV_20260904T224720_20260904T224745_004434_008374_0887,SENTINEL-1D,S1D,IW,DV,VV+VH,2026-09-04 22:47:20,2026-09-04 22:47:45,4434,18,DESCENDING,aws:sentinel-s1-l1c,GRD/2026/9/4/IW/DV/S1D_IW_GRDH_1SDV_20260904T224720_20260904T224745_004434_008374_0887,18293.2,0.005,2026-07-04,2026-10-02
S1D_IW_GRDH_1SDV_20260904T224745_20260904T224810_004434_008374_25B0,SENTINEL-1D,S1D,IW,DV,VV+VH,2026-09-04 22:47:45,2026-09-04 22:48:10,4434,18,DESCENDING,aws:sentinel-s1-l1c,GRD/2026/9/4/IW/DV/S1D_IW_GRDH_1SDV_20260904T224745_20260904T224810_004434_008374_25B0,25492.3,0.007,2026-07-04,2026-10-02
S1D_IW_GRDH_1SDV_20260904T224810_20260904T224835_004434_008374_3560,SENTINEL-1D,S1D,IW,DV,VV+VH,2026-09-04 22:48:10,2026-09-04 22:48:35,4434,18,DESCENDING,aws:sentinel-s1-l1c,GRD/2026/9/4/IW/DV/S1D_IW_GRDH_1SDV_20260904T224810_20260904T224835_004434_008374_3560,6308.0,0.002,2026-07-04,2026-10-02
S1D_IW_GRDH_1SDV_20260905T110709_20260905T110737_004441_0083B1_666A,SENTINEL-1D,S1D,IW,DV,VV+VH,2026-09-05 11:07:09,2026-09-05 11:07:37,4441,25,ASCENDING,aws:sentinel-s1-l1c,GRD/2026/9/5/IW/DV/S1D_IW_GRDH_1SDV_20260905T110709_20260905T110737_004441_0083B1_666A,14648.8,0.004,2026-07-04,2026-10-02
S1D_IW_GRDH_1SDV_20260905T111023_20260905T111052_004442_0083B4_A1C0,SENTINEL-1D,S1D,IW,DV,VV+VH,2026-09-05 11:10:23,2026-09-05 11:10:52,4442,26,ASCENDING,aws:sentinel-s1-l1c,GRD/2026/9/5/IW/DV/S1D_IW_GRDH_1SDV_20260905T111023_20260905T111052_004442_0083B4_A1C0,33446.1,0.009,2026-07-04,2026-10-02
S1D_IW_GRDH_1SDV_20260905T111052_20260905T111117_004442_0083B4_4D84,SENTINEL-1D,S1D,IW,DV,VV+VH,2026-09-05 11:10:52,2026-09-05 11:11:17,4442,26,ASCENDING,aws:sentinel-s1-l1c,GRD/2026/9/5/IW/DV/S1D_IW_GRDH_1SDV_20260905T111052_20260905T111117_004442_0083B4_4D84,6021.1,0.002,2026-07-04,2026-10-02
S1D_IW_GRDH_1SDV_20260905T214439_20260905T214508_004448_0083EA_FA5B,SENTINEL-1D,S1D,IW,DV,VV+VH,2026-09-05 21:44:39,2026-09-05 21:45:08,4448,32,DESCENDING,aws:sentinel-s1-l1c,GRD/2026/9/5/IW/DV/S1D_IW_GRDH_1SDV_20260905T214439_20260905T214508_004448_0083EA_FA5B,24804.3,0.007,2026-07-04,2026-10-02
S1D_IW_GRDH_1SDV_20260905T214508_20260905T214533_004448_0083EA_CF74,SENTINEL-1D,S1D,IW,DV,VV+VH,2026-09-05 21:45:08,2026-09-05 21:45:33,4448,32,DESCENDING,aws:sentinel-s1-l1c,GRD/2026/9/5/IW/DV/S1D_IW_GRDH_1SDV_20260905T214508_20260905T214533_004448_0083EA_CF74,17325.3,0.005,2026-07-04,2026-10-02
S1D_IW_GRDH_1SDV_20260905T214533_20260905T214558_004448_0083EA_9744,SENTINEL-1D,S1D,IW,DV,VV+VH,2026-09-05 21:45:33,2026-09-05 21:45:58,4448,32,DESCENDING,aws:sentinel-s1-l1c,GRD/2026/9/5/IW/DV/S1D_IW_GRDH_1SDV_20260905T214533_20260905T214558_004448_0083EA_9744,1172.5,0.0,2026-07-04,2026-10-02
S1D_IW_GRDH_1SDV_20260905T214558_20260905T214623_004448_0083EA_890C,SENTINEL-1D,S1D,IW,DV,VV+VH,2026-09-05 21:45:58,2026-09-05 21:46:23,4448,32,DESCENDING,aws:sentinel-s1-l1c,GRD/2026/9/5/IW/DV/S1D_IW_GRDH_1SDV_20260905T214558_20260905T214623_004448_0083EA_890C,1558.7,0.0,2026-07-04,2026-10-02
S1D_IW_GRDH_1SDV_20260905T214623_20260905T214648_004448_0083EA_2CC7,SENTINEL-1D,S1D,IW,DV,VV+VH,2026-09-05 21:46:23,2026-09-05 21:46:48,4448,32,DESCENDING,aws:sentinel-s1-l1c,GRD/2026/9/5/IW/DV/S1D_IW_GRDH_1SDV_20260905T214623_20260905T214648_004448_0083EA_2CC7,18532.9,0.005,2026-07-04,2026-10-02
S1D_IW_GRDH_1SDV_20260905T214648_20260905T214713_004448_0083EA_4634,SENTINEL-1D,S1D,IW,DV,VV+VH,2026-09-05 21:46:48,2026-09-05 21:47:13,4448,32,DESCENDING,aws:sentinel-s1-l1c,GRD/2026/9/5/IW/DV/S1D_IW_GRDH_1SDV_20260905T214648_20260905T214713_004448_0083EA_4634,18061.8,0.005,2026-07-04,2026-10-02
S1D_IW_GRDH_1SDV_20260905T214713_20260905T214738_004448_0083EA_1036,SENTINEL-1D,S1D,IW,DV,VV+VH,2026-09-05 21:47:13,2026-09-05 21:47:38,4448,32,DESCENDING,aws:sentinel-s1-l1c,GRD/2026/9/5/IW/DV/S1D_IW_GRDH_1SDV_20260905T214713_20260905T214738_004448_0083EA_1036,5467.3,0.001,2026-07-04,2026-10-02
S1D_IW_GRDH_1SDV_20260905T214738_20260905T214803_004448_0083EA_E580,SENTINEL-1D,S1D,IW,DV,VV+VH,2026-09-05 21:47:38,2026-09-05 21:48:03,4448,32,DESCENDING,aws:sentinel-s1-l1c,GRD/2026/9/5/IW/DV/S1D_IW_GRDH_1SDV_20260905T214738_20260905T214803_004448_0083EA_E580,80.0,0.0,2026-07-04,2026-10-02
S1C_IW_GRDH_1SDV_20260905T223509_20260905T223538_009318_01286F_9580,SENTINEL-1C,S1C,IW,DV,VV+VH,2026-09-05 22:35:09,2026-09-05 22:35:38,9318,120,DESCENDING,aws:sentinel-s1-l1c,GRD/2026/9/5/IW/DV/S1C_IW_GRDH_1SDV_20260905T223509_20260905T223538_009318_01286F_9580,23249.8,0.006,2026-07-04,2026-10-02
S1C_IW_GRDH_1SDV_20260905T223538_20260905T223603_009318_01286F_BE35,SENTINEL-1C,S1C,IW,DV,VV+VH,2026-09-05 22:35:38,2026-09-05 22:36:03,9318,120,DESCENDING,aws:sentinel-s1-l1c,GRD/2026/9/5/IW/DV/S1C_IW_GRDH_1SDV_20260905T223538_20260905T223603_009318_01286F_BE35,5734.1,0.002,2026-07-04,2026-10-02
S1C_IW_GRDH_1SDV_20260905T223603_20260905T223628_009318_01286F_96B0,SENTINEL-1C,S1C,IW,DV,VV+VH,2026-09-05 22:36:03,2026-09-05 22:36:28,9318,120,DESCENDING,aws:sentinel-s1-l1c,GRD/2026/9/5/IW/DV/S1C_IW_GRDH_1SDV_20260905T223603_20260905T223628_009318_01286F_96B0,3068.0,0.001,2026-07-04,2026-10-02
S1C_IW_GRDH_1SDV_20260905T223628_20260905T223645_009318_01286F_C4F5,SENTINEL-1C,S1C,IW,DV,VV+VH,2026-09-05 22:36:28,2026-09-05 22:36:45,9318,120,DESCENDING,aws:sentinel-s1-l1c,GRD/2026/9/5/IW/DV/S1C_IW_GRDH_1SDV_20260905T223628_20260905T223645_009318_01286F_C4F5,10305.2,0.003,2026-07-04,2026-10-02
S1D_IW_GRDH_1SDV_20260906T101650_20260906T101719_004456_008426_62EC,SENTINEL-1D,S1D,IW,DV,VV+VH,2026-09-06 10:16:50,2026-09-06 10:17:19,4456,40,ASCENDING,aws:sentinel-s1-l1c,GRD/2026/9/6/IW/DV/S1D_IW_GRDH_1SDV_20260906T101650_20260906T101719_004456_008426_62EC,20299.5,0.006,2026-07-04,2026-10-02
S1C_IW_GRDH_1SDV_20260907T100535_20260907T100600_009340_012936_37F3,SENTINEL-1C,S1C,IW,DV,VV+VH,2026-09-07 10:05:35,2026-09-07 10:06:00,9340,142,ASCENDING,aws:sentinel-s1-l1c,GRD/2026/9/7/IW/DV/S1C_IW_GRDH_1SDV_20260907T100535_20260907T100600_009340_012936_37F3,10147.4,0.003,2026-07-04,2026-10-02
S1C_IW_GRDH_1SDV_20260907T100600_20260907T100625_009340_012936_EDE7,SENTINEL-1C,S1C,IW,DV,VV+VH,2026-09-07 10:06:00,2026-09-07 10:06:25,9340,142,ASCENDING,aws:sentinel-s1-l1c,GRD/2026/9/7/IW/DV/S1C_IW_GRDH_1SDV_20260907T100600_20260907T100625_009340_012936_EDE7,11635.6,0.003,2026-07-04,2026-10-02
S1C_IW_GRDH_1SDV_20260907T100625_20260907T100650_009340_012936_A162,SENTINEL-1C,S1C,IW,DV,VV+VH,2026-09-07 10:06:25,2026-09-07 10:06:50,9340,142,ASCENDING,aws:sentinel-s1-l1c,GRD/2026/9/7/IW/DV/S1C_IW_GRDH_1SDV_20260907T100625_20260907T100650_009340_012936_A162,11513.7,0.003,2026-07-04,2026-10-02
S1C_IW_GRDH_1SDV_20260907T100650_20260907T100723_009340_012936_4C68,SENTINEL-1C,S1C,IW,DV,VV+VH,2026-09-07 10:06:50,2026-09-07 10:07:23,9340,142,ASCENDING,aws:sentinel-s1-l1c,GRD/2026/9/7/IW/DV/S1C_IW_GRDH_1SDV_20260907T100650_20260907T100723_009340_012936_4C68,35433.2,0.01,2026-07-04,2026-10-02
S1D_IW_GRDH_1SDV_20260907T105437_20260907T105506_004471_0084B6_6A60,SENTINEL-1D,S1D,IW,DV,VV+VH,2026-09-07 10:54:37,2026-09-07 10:55:06,4471,55,ASCENDING,aws:sentinel-s1-l1c,GRD/2026/9/7/IW/DV/S1D_IW_GRDH_1SDV_20260907T105437_20260907T105506_004471_0084B6_6A60,34611.4,0.009,2026-07-04,2026-10-02
S1D_IW_GRDH_1SDV_20260907T105506_20260907T105531_004471_0084B6_BE1B,SENTINEL-1D,S1D,IW,DV,VV+VH,2026-09-07 10:55:06,2026-09-07 10:55:31,4471,55,ASCENDING,aws:sentinel-s1-l1c,GRD/2026/9/7/IW/DV/S1D_IW_GRDH_1SDV_20260907T105506_20260907T105531_004471_0084B6_BE1B,15559.3,0.004,2026-07-04,2026-10-02
S1D_IW_GRDH_1SDV_20260907T105531_20260907T105556_004471_0084B6_296A,SENTINEL-1D,S1D,IW,DV,VV+VH,2026-09-07 10:55:31,2026-09-07 10:55:56,4471,55,ASCENDING,aws:sentinel-s1-l1c,GRD/2026/9/7/IW/DV/S1D_IW_GRDH_1SDV_20260907T105531_20260907T105556_004471_0084B6_296A,14020.7,0.004,2026-07-04,2026-10-02
S1D_IW_GRDH_1SDV_20260907T105556_20260907T105621_004471_0084B6_90DE,SENTINEL-1D,S1D,IW,DV,VV+VH,2026-09-07 10:55:56,2026-09-07 10:56:21,4471,55,ASCENDING,aws:sentinel-s1-l1c,GRD/2026/9/7/IW/DV/S1D_IW_GRDH_1SDV_20260907T105556_20260907T105621_004471_0084B6_90DE,24109.7,0.007,2026-07-04,2026-10-02
S1D_IW_GRDH_1SDV_20260907T105621_20260907T105646_004471_0084B6_61D4,SENTINEL-1D,S1D,IW,DV,VV+VH,2026-09-07 10:56:21,2026-09-07 10:56:46,4471,55,ASCENDING,aws:sentinel-s1-l1c,GRD/2026/9/7/IW/DV/S1D_IW_GRDH_1SDV_20260907T105621_20260907T105646_004471_0084B6_61D4,40877.7,0.011,2026-07-04,2026-10-02
S1D_IW_GRDH_1SDV_20260907T105646_20260907T105711_004471_0084B6_140F,SENTINEL-1D,S1D,IW,DV,VV+VH,2026-09-07 10:56:46,2026-09-07 10:57:11,4471,55,ASCENDING,aws:sentinel-s1-l1c,GRD/2026/9/7/IW/DV/S1D_IW_GRDH_1SDV_20260907T105646_20260907T105711_004471_0084B6_140F,38968.4,0.011,2026-07-04,2026-10-02
S1D_IW_GRDH_1SDV_20260907T105711_20260907T105736_004471_0084B6_B422,SENTINEL-1D,S1D,IW,DV,VV+VH,2026-09-07 10:57:11,2026-09-07 10:57:36,4471,55,ASCENDING,aws:sentinel-s1-l1c,GRD/2026/9/7/IW/DV/S1D_IW_GRDH_1SDV_20260907T105711_20260907T105736_004471_0084B6_B422,36144.7,0.01,2026-07-04,2026-10-02
S1D_IW_GRDH_1SDV_20260907T105736_20260907T105801_004471_0084B6_929A,SENTINEL-1D,S1D,IW,DV,VV+VH,2026-09-07 10:57:36,2026-09-07 10:58:01,4471,55,ASCENDING,aws:sentinel-s1-l1c,GRD/2026/9/7/IW/DV/S1D_IW_GRDH_1SDV_20260907T105736_20260907T105801_004471_0084B6_929A,1043.3,0.0,2026-07-04,2026-10-02
S1D_IW_GRDH_1SDV_20260907T230840_20260907T230905_004478_0084F9_2B0C,SENTINEL-1D,S1D,IW,DV,VV+VH,2026-09-07 23:08:40,2026-09-07 23:09:05,4478,62,DESCENDING,aws:sentinel-s1-l1c,GRD/2026/9/7/IW/DV/S1D_IW_GRDH_1SDV_20260907T230840_20260907T230905_004478_0084F9_2B0C,3324.4,0.001,2026-07-04,2026-10-02
S1D_IW_GRDH_1SDV_20260907T230905_20260907T230930_004478_0084F9_F9DC,SENTINEL-1D,S1D,IW,DV,VV+VH,2026-09-07 23:09:05,2026-09-07 23:09:30,4478,62,DESCENDING,aws:sentinel-s1-l1c,GRD/2026/9/7/IW/DV/S1D_IW_GRDH_1SDV_20260907T230905_20260907T230930_004478_0084F9_F9DC,20464.3,0.006,2026-07-04,2026-10-02
S1D_IW_GRDH_1SDV_20260907T230930_20260907T230955_004478_0084F9_A704,SENTINEL-1D,S1D,IW,DV,VV+VH,2026-09-07 23:09:30,2026-09-07 23:09:55,4478,62,DESCENDING,aws:sentinel-s1-l1c,GRD/2026/9/7/IW/DV/S1D_IW_GRDH_1SDV_20260907T230930_20260907T230955_004478_0084F9_A704,25838.7,0.007,2026-07-04,2026-10-02
S1D_IW_GRDH_1SDV_20260907T230955_20260907T231020_004478_0084F9_CEBC,SENTINEL-1D,S1D,IW,DV,VV+VH,2026-09-07 23:09:55,2026-09-07 23:10:20,4478,62,DESCENDING,aws:sentinel-s1-l1c,GRD/2026/9/7/IW/DV/S1D_IW_GRDH_1SDV_20260907T230955_20260907T231020_004478_0084F9_CEBC,20027.0,0.005,2026-07-04,2026-10-02
S1D_IW_GRDH_1SDV_20260907T231020_20260907T231045_004478_0084F9_C393,SENTINEL-1D,S1D,IW,DV,VV+VH,2026-09-07 23:10:20,2026-09-07 23:10:45,4478,62,DESCENDING,aws:sentinel-s1-l1c,GRD/2026/9/7/IW/DV/S1D_IW_GRDH_1SDV_20260907T231020_20260907T231045_004478_0084F9_C393,572.3,0.0,2026-07-04,2026-10-02
S1D_IW_GRDH_1SDV_20260908T100028_20260908T100057_004485_008536_17B2,SENTINEL-1D,S1D,IW,DV,VV+VH,2026-09-08 10:00:28,2026-09-08 10:00:57,4485,69,ASCENDING,aws:sentinel-s1-l1c,GRD/2026/9/8/IW/DV/S1D_IW_GRDH_1SDV_20260908T100028_20260908T100057_004485_008536_17B2,13.8,0.0,2026-07-04,2026-10-02
S1C_IW_GRDH_1SDV_20260908T104816_20260908T104845_009355_0129B8_C05A,SENTINEL-1C,S1C,IW,DV,VV+VH,2026-09-08 10:48:16,2026-09-08 10:48:45,9355,157,ASCENDING,aws:sentinel-s1-l1c,GRD/2026/9/8/IW/DV/S1C_IW_GRDH_1SDV_20260908T104816_20260908T104845_009355_0129B8_C05A,15645.5,0.004,2026-07-04,2026-10-02
S1C_IW_GRDH_1SDV_20260908T104845_20260908T104919_009355_0129B8_1AF8,SENTINEL-1C,S1C,IW,DV,VV+VH,2026-09-08 10:48:45,2026-09-08 10:49:19,9355,157,ASCENDING,aws:sentinel-s1-l1c,GRD/2026/9/8/IW/DV/S1C_IW_GRDH_1SDV_20260908T104845_20260908T104919_009355_0129B8_1AF8,35838.9,0.01,2026-07-04,2026-10-02
S1D_IW_GRDH_1SDV_20260908T113434_20260908T113459_004486_008541_97C3,SENTINEL-1D,S1D,IW,DV,VV+VH,2026-09-08 11:34:34,2026-09-08 11:34:59,4486,70,ASCENDING,aws:sentinel-s1-l1c,GRD/2026/9/8/IW/DV/S1D_IW_GRDH_1SDV_20260908T113434_20260908T113459_004486_008541_97C3,6459.0,0.002,2026-07-04,2026-10-02
S1D_IW_GRDH_1SDV_20260908T113459_20260908T113524_004486_008541_4444,SENTINEL-1D,S1D,IW,DV,VV+VH,2026-09-08 11:34:59,2026-09-08 11:35:24,4486,70,ASCENDING,aws:sentinel-s1-l1c,GRD/2026/9/8/IW/DV/S1D_IW_GRDH_1SDV_20260908T113459_20260908T113524_004486_008541_4444,12242.2,0.003,2026-07-04,2026-10-02
S1D_IW_GRDH_1SDV_20260908T113524_20260908T113549_004486_008541_98CD,SENTINEL-1D,S1D,IW,DV,VV+VH,2026-09-08 11:35:24,2026-09-08 11:35:49,4486,70,ASCENDING,aws:sentinel-s1-l1c,GRD/2026/9/8/IW/DV/S1D_IW_GRDH_1SDV_20260908T113524_20260908T113549_004486_008541_98CD,22907.2,0.006,2026-07-04,2026-10-02
S1D_IW_GRDH_1SDV_20260908T113549_20260908T113614_004486_008541_DCD5,SENTINEL-1D,S1D,IW,DV,VV+VH,2026-09-08 11:35:49,2026-09-08 11:36:14,4486,70,ASCENDING,aws:sentinel-s1-l1c,GRD/2026/9/8/IW/DV/S1D_IW_GRDH_1SDV_20260908T113549_20260908T113614_004486_008541_DCD5,8156.5,0.002,2026-07-04,2026-10-02
S1D_IW_GRDH_1SDV_20260908T113614_20260908T113639_004486_008541_7916,SENTINEL-1D,S1D,IW,DV,VV+VH,2026-09-08 11:36:14,2026-09-08 11:36:39,4486,70,ASCENDING,aws:sentinel-s1-l1c,GRD/2026/9/8/IW/DV/S1D_IW_GRDH_1SDV_20260908T113614_20260908T113639_004486_008541_7916,0.1,0.0,2026-07-04,2026-10-02
S1D_IW_GRDH_1SDV_20260908T221343_20260908T221412_004492_00857E_E8DF,SENTINEL-1D,S1D,IW,DV,VV+VH,2026-09-08 22:13:43,2026-09-08 22:14:12,4492,76,DESCENDING,aws:sentinel-s1-l1c,GRD/2026/9/8/IW/DV/S1D_IW_GRDH_1SDV_20260908T221343_20260908T221412_004492_00857E_E8DF,43476.8,0.012,2026-07-04,2026-10-02
S1D_IW_GRDH_1SDV_20260908T221412_20260908T221437_004492_00857E_B70B,SENTINEL-1D,S1D,IW,DV,VV+VH,2026-09-08 22:14:12,2026-09-08 22:14:37,4492,76,DESCENDING,aws:sentinel-s1-l1c,GRD/2026/9/8/IW/DV/S1D_IW_GRDH_1SDV_20260908T221412_20260908T221437_004492_00857E_B70B,12315.8,0.003,2026-07-04,2026-10-02
S1D_IW_GRDH_1SDV_20260908T221437_20260908T221502_004492_00857E_228D,SENTINEL-1D,S1D,IW,DV,VV+VH,2026-09-08 22:14:37,2026-09-08 22:15:02,4492,76,DESCENDING,aws:sentinel-s1-l1c,GRD/2026/9/8/IW/DV/S1D_IW_GRDH_1SDV_20260908T221437_20260908T221502_004492_00857E_228D,625.2,0.0,2026-07-04,2026-10-02
S1D_IW_GRDH_1SDV_20260908T221552_20260908T221617_004492_00857E_21B2,SENTINEL-1D,S1D,IW,DV,VV+VH,2026-09-08 22:15:52,2026-09-08 22:16:17,4492,76,DESCENDING,aws:sentinel-s1-l1c,GRD/2026/9/8/IW/DV/S1D_IW_GRDH_1SDV_20260908T221552_20260908T221617_004492_00857E_21B2,512.1,0.0,2026-07-04,2026-10-02
S1C_IW_GRDH_1SDV_20260908T230037_20260908T230102_009362_0129F4_C190,SENTINEL-1C,S1C,IW,DV,VV+VH,2026-09-08 23:00:37,2026-09-08 23:01:02,9362,164,DESCENDING,aws:sentinel-s1-l1c,GRD/2026/9/8/IW/DV/S1C_IW_GRDH_1SDV_20260908T230037_20260908T230102_009362_0129F4_C190,12030.8,0.003,2026-07-04,2026-10-02
S1D_IW_GRDH_1SDV_20260909T104031_20260909T104100_004500_0085BF_02DA,SENTINEL-1D,S1D,IW,DV,VV+VH,2026-09-09 10:40:31,2026-09-09 10:41:00,4500,84,ASCENDING,aws:sentinel-s1-l1c,GRD/2026/9/9/IW/DV/S1D_IW_GRDH_1SDV_20260909T104031_20260909T104100_004500_0085BF_02DA,43160.6,0.012,2026-07-04,2026-10-02
S1D_IW_GRDH_1SDV_20260909T104100_20260909T104125_004500_0085BF_8FA2,SENTINEL-1D,S1D,IW,DV,VV+VH,2026-09-09 10:41:00,2026-09-09 10:41:25,4500,84,ASCENDING,aws:sentinel-s1-l1c,GRD/2026/9/9/IW/DV/S1D_IW_GRDH_1SDV_20260909T104100_20260909T104125_004500_0085BF_8FA2,22299.0,0.006,2026-07-04,2026-10-02
S1D_IW_GRDH_1SDV_20260909T225017_20260909T225042_004507_0085FC_636C,SENTINEL-1D,S1D,IW,DV,VV+VH,2026-09-09 22:50:17,2026-09-09 22:50:42,4507,91,DESCENDING,aws:sentinel-s1-l1c,GRD/2026/9/9/IW/DV/S1D_IW_GRDH_1SDV_20260909T225017_20260909T225042_004507_0085FC_636C,4224.9,0.001,2026-07-04,2026-10-02
S1D_IW_GRDH_1SDV_20260909T225042_20260909T225107_004507_0085FC_730E,SENTINEL-1D,S1D,IW,DV,VV+VH,2026-09-09 22:50:42,2026-09-09 22:51:07,4507,91,DESCENDING,aws:sentinel-s1-l1c,GRD/2026/9/9/IW/DV/S1D_IW_GRDH_1SDV_20260909T225042_20260909T225107_004507_0085FC_730E,15736.3,0.004,2026-07-04,2026-10-02
S1D_IW_GRDH_1SDV_20260909T225107_20260909T225132_004507_0085FC_C39E,SENTINEL-1D,S1D,IW,DV,VV+VH,2026-09-09 22:51:07,2026-09-09 22:51:32,4507,91,DESCENDING,aws:sentinel-s1-l1c,GRD/2026/9/9/IW/DV/S1D_IW_GRDH_1SDV_20260909T225107_20260909T225132_004507_0085FC_C39E,2281.0,0.001,2026-07-04,2026-10-02
S1D_IW_GRDH_1SDV_20260909T225247_20260909T225312_004507_0085FC_06A7,SENTINEL-1D,S1D,IW,DV,VV+VH,2026-09-09 22:52:47,2026-09-09 22:53:12,4507,91,DESCENDING,aws:sentinel-s1-l1c,GRD/2026/9/9/IW/DV/S1D_IW_GRDH_1SDV_20260909T225247_20260909T225312_004507_0085FC_06A7,1495.0,0.0,2026-07-04,2026-10-02
S1D_IW_GRDH_1SDV_20260909T225312_20260909T225336_004507_0085FC_B366,SENTINEL-1D,S1D,IW,DV,VV+VH,2026-09-09 22:53:12,2026-09-09 22:53:36,4507,91,DESCENDING,aws:sentinel-s1-l1c,GRD/2026/9/9/IW/DV/S1D_IW_GRDH_1SDV_20260909T225312_20260909T225336_004507_0085FC_B366,25824.3,0.007,2026-07-04,2026-10-02
S1D_IW_GRDH_1SDV_20260909T225424_20260909T225453_004507_0085FD_328C,SENTINEL-1D,S1D,IW,DV,VV+VH,2026-09-09 22:54:24,2026-09-09 22:54:53,4507,91,DESCENDING,aws:sentinel-s1-l1c,GRD/2026/9/9/IW/DV/S1D_IW_GRDH_1SDV_20260909T225424_20260909T225453_004507_0085FD_328C,29343.6,0.008,2026-07-04,2026-10-02
S1D_IW_GRDH_1SDV_20260909T225453_20260909T225518_004507_0085FD_DD3C,SENTINEL-1D,S1D,IW,DV,VV+VH,2026-09-09 22:54:53,2026-09-09 22:55:18,4507,91,DESCENDING,aws:sentinel-s1-l1c,GRD/2026/9/9/IW/DV/S1D_IW_GRDH_1SDV_20260909T225453_20260909T225518_004507_0085FD_DD3C,2730.1,0.001,2026-07-04,2026-10-02
S1D_IW_GRDH_1SDV_20260909T225543_20260909T225608_004507_0085FD_684F,SENTINEL-1D,S1D,IW,DV,VV+VH,2026-09-09 22:55:43,2026-09-09 22:56:08,4507,91,DESCENDING,aws:sentinel-s1-l1c,GRD/2026/9/9/IW/DV/S1D_IW_GRDH_1SDV_20260909T225543_20260909T225608_004507_0085FD_684F,0.2,0.0,2026-07-04,2026-10-02
S1D_IW_GRDH_1SDV_20260909T225608_20260909T225633_004507_0085FD_9840,SENTINEL-1D,S1D,IW,DV,VV+VH,2026-09-09 22:56:08,2026-09-09 22:56:33,4507,91,DESCENDING,aws:sentinel-s1-l1c,GRD/2026/9/9/IW/DV/S1D_IW_GRDH_1SDV_20260909T225608_20260909T225633_004507_0085FD_9840,67.7,0.0,2026-07-04,2026-10-02
S1D_IW_GRDH_1SDV_20260910T111529_20260910T111554_004514_00863D_F76A,SENTINEL-1D,S1D,IW,DV,VV+VH,2026-09-10 11:15:29,2026-09-10 11:15:54,4514,98,ASCENDING,aws:sentinel-s1-l1c,GRD/2026/9/10/IW/DV/S1D_IW_GRDH_1SDV_20260910T111529_20260910T111554_004514_00863D_F76A,15471.7,0.004,2026-07-04,2026-10-02
S1D_IW_GRDH_1SDV_20260910T111554_20260910T111619_004514_00863D_49FF,SENTINEL-1D,S1D,IW,DV,VV+VH,2026-09-10 11:15:54,2026-09-10 11:16:19,4514,98,ASCENDING,aws:sentinel-s1-l1c,GRD/2026/9/10/IW/DV/S1D_IW_GRDH_1SDV_20260910T111554_20260910T111619_004514_00863D_49FF,39649.2,0.011,2026-07-04,2026-10-02
S1D_IW_GRDH_1SDV_20260910T111619_20260910T111644_004514_00863D_A137,SENTINEL-1D,S1D,IW,DV,VV+VH,2026-09-10 11:16:19,2026-09-10 11:16:44,4514,98,ASCENDING,aws:sentinel-s1-l1c,GRD/2026/9/10/IW/DV/S1D_IW_GRDH_1SDV_20260910T111619_20260910T111644_004514_00863D_A137,41316.3,0.011,2026-07-04,2026-10-02
S1D_IW_GRDH_1SDV_20260910T111644_20260910T111709_004515_00863D_2C69,SENTINEL-1D,S1D,IW,DV,VV+VH,2026-09-10 11:16:44,2026-09-10 11:17:09,4515,99,ASCENDING,aws:sentinel-s1-l1c,GRD/2026/9/10/IW/DV/S1D_IW_GRDH_1SDV_20260910T111644_20260910T111709_004515_00863D_2C69,38450.1,0.011,2026-07-04,2026-10-02
S1D_IW_GRDH_1SDV_20260910T111709_20260910T111734_004515_00863D_174C,SENTINEL-1D,S1D,IW,DV,VV+VH,2026-09-10 11:17:09,2026-09-10 11:17:34,4515,99,ASCENDING,aws:sentinel-s1-l1c,GRD/2026/9/10/IW/DV/S1D_IW_GRDH_1SDV_20260910T111709_20260910T111734_004515_00863D_174C,42733.4,0.012,2026-07-04,2026-10-02
S1D_IW_GRDH_1SDV_20260910T111734_20260910T111759_004515_00863D_EF81,SENTINEL-1D,S1D,IW,DV,VV+VH,2026-09-10 11:17:34,2026-09-10 11:17:59,4515,99,ASCENDING,aws:sentinel-s1-l1c,GRD/2026/9/10/IW/DV/S1D_IW_GRDH_1SDV_20260910T111734_20260910T111759_004515_00863D_EF81,42075.3,0.012,2026-07-04,2026-10-02
S1D_IW_GRDH_1SDV_20260910T111759_20260910T111824_004515_00863D_50A9,SENTINEL-1D,S1D,IW,DV,VV+VH,2026-09-10 11:17:59,2026-09-10 11:18:24,4515,99,ASCENDING,aws:sentinel-s1-l1c,GRD/2026/9/10/IW/DV/S1D_IW_GRDH_1SDV_20260910T111759_20260910T111824_004515_00863D_50A9,42779.9,0.012,2026-07-04,2026-10-02
S1D_IW_GRDH_1SDV_20260910T111824_20260910T111849_004515_00863D_42C2,SENTINEL-1D,S1D,IW,DV,VV+VH,2026-09-10 11:18:24,2026-09-10 11:18:49,4515,99,ASCENDING,aws:sentinel-s1-l1c,GRD/2026/9/10/IW/DV/S1D_IW_GRDH_1SDV_20260910T111824_20260910T111849_004515_00863D_42C2,42703.5,0.012,2026-07-04,2026-10-02
S1D_IW_GRDH_1SDV_20260910T111849_20260910T111914_004515_00863D_39BD,SENTINEL-1D,S1D,IW,DV,VV+VH,2026-09-10 11:18:49,2026-09-10 11:19:14,4515,99,ASCENDING,aws:sentinel-s1-l1c,GRD/2026/9/10/IW/DV/S1D_IW_GRDH_1SDV_20260910T111849_20260910T111914_004515_00863D_39BD,42328.3,0.012,2026-07-04,2026-10-02
S1D_IW_GRDH_1SDV_20260910T111914_20260910T111939_004515_00863D_F66E,SENTINEL-1D,S1D,IW,DV,VV+VH,2026-09-10 11:19:14,2026-09-10 11:19:39,4515,99,ASCENDING,aws:sentinel-s1-l1c,GRD/2026/9/10/IW/DV/S1D_IW_GRDH_1SDV_20260910T111914_20260910T111939_004515_00863D_F66E,25614.2,0.007,2026-07-04,2026-10-02
S1D_IW_GRDH_1SDV_20260910T111939_20260910T112004_004515_00863D_55E2,SENTINEL-1D,S1D,IW,DV,VV+VH,2026-09-10 11:19:39,2026-09-10 11:20:04,4515,99,ASCENDING,aws:sentinel-s1-l1c,GRD/2026/9/10/IW/DV/S1D_IW_GRDH_1SDV_20260910T111939_20260910T112004_004515_00863D_55E2,8694.5,0.002,2026-07-04,2026-10-02
S1D_IW_GRDH_1SDV_20260910T215324_20260910T215353_004521_008672_CD2D,SENTINEL-1D,S1D,IW,DV,VV+VH,2026-09-10 21:53:24,2026-09-10 21:53:53,4521,105,DESCENDING,aws:sentinel-s1-l1c,GRD/2026/9/10/IW/DV/S1D_IW_GRDH_1SDV_20260910T215324_20260910T215353_004521_008672_CD2D,43309.6,0.012,2026-07-04,2026-10-02
S1D_IW_GRDH_1SDV_20260910T215353_20260910T215418_004521_008672_AA07,SENTINEL-1D,S1D,IW,DV,VV+VH,2026-09-10 21:53:53,2026-09-10 21:54:18,4521,105,DESCENDING,aws:sentinel-s1-l1c,GRD/2026/9/10/IW/DV/S1D_IW_GRDH_1SDV_20260910T215353_20260910T215418_004521_008672_AA07,39180.8,0.011,2026-07-04,2026-10-02
S1D_IW_GRDH_1SDV_20260910T215418_20260910T215432_004521_008672_1B4E,SENTINEL-1D,S1D,IW,DV,VV+VH,2026-09-10 21:54:18,2026-09-10 21:54:32,4521,105,DESCENDING,aws:sentinel-s1-l1c,GRD/2026/9/10/IW/DV/S1D_IW_GRDH_1SDV_20260910T215418_20260910T215432_004521_008672_1B4E,18802.7,0.005,2026-07-04,2026-10-02
S1D_IW_GRDH_1SDV_20260910T215517_20260910T215546_004521_008673_0BC6,SENTINEL-1D,S1D,IW,DV,VV+VH,2026-09-10 21:55:17,2026-09-10 21:55:46,4521,105,DESCENDING,aws:sentinel-s1-l1c,GRD/2026/9/10/IW/DV/S1D_IW_GRDH_1SDV_20260910T215517_20260910T215546_004521_008673_0BC6,48310.8,0.013,2026-07-04,2026-10-02
S1D_IW_GRDH_1SDV_20260910T215546_20260910T215611_004521_008673_C13D,SENTINEL-1D,S1D,IW,DV,VV+VH,2026-09-10 21:55:46,2026-09-10 21:56:11,4521,105,DESCENDING,aws:sentinel-s1-l1c,GRD/2026/9/10/IW/DV/S1D_IW_GRDH_1SDV_20260910T215546_20260910T215611_004521_008673_C13D,31215.6,0.009,2026-07-04,2026-10-02
S1D_IW_GRDH_1SDV_20260910T215611_20260910T215636_004521_008673_87F5,SENTINEL-1D,S1D,IW,DV,VV+VH,2026-09-10 21:56:11,2026-09-10 21:56:36,4521,105,DESCENDING,aws:sentinel-s1-l1c,GRD/2026/9/10/IW/DV/S1D_IW_GRDH_1SDV_20260910T215611_20260910T215636_004521_008673_87F5,13302.5,0.004,2026-07-04,2026-10-02
S1D_IW_GRDH_1SDV_20260910T215636_20260910T215701_004521_008673_855F,SENTINEL-1D,S1D,IW,DV,VV+VH,2026-09-10 21:56:36,2026-09-10 21:57:01,4521,105,DESCENDING,aws:sentinel-s1-l1c,GRD/2026/9/10/IW/DV/S1D_IW_GRDH_1SDV_20260910T215636_20260910T215701_004521_008673_855F,7637.4,0.002,2026-07-04,2026-10-02
S1D_IW_GRDH_1SDV_20260910T215701_20260910T215726_004521_008673_7629,SENTINEL-1D,S1D,IW,DV,VV+VH,2026-09-10 21:57:01,2026-09-10 21:57:26,4521,105,DESCENDING,aws:sentinel-s1-l1c,GRD/2026/9/10/IW/DV/S1D_IW_GRDH_1SDV_20260910T215701_20260910T215726_004521_008673_7629,284.5,0.0,2026-07-04,2026-10-02
S1C_IW_GRDH_1SDV_20260910T224254_20260910T224324_009391_012AD7_0991,SENTINEL-1C,S1C,IW,DV,VV+VH,2026-09-10 22:42:54,2026-09-10 22:43:24,9391,18,DESCENDING,aws:sentinel-s1-l1c,GRD/2026/9/10/IW/DV/S1C_IW_GRDH_1SDV_20260910T224254_20260910T224324_009391_012AD7_0991,19006.5,0.005,2026-07-04,2026-10-02
S1C_IW_GRDH_1SDV_20260910T224439_20260910T224504_009391_012AD7_916A,SENTINEL-1C,S1C,IW,DV,VV+VH,2026-09-10 22:44:39,2026-09-10 22:45:04,9391,18,DESCENDING,aws:sentinel-s1-l1c,GRD/2026/9/10/IW/DV/S1C_IW_GRDH_1SDV_20260910T224439_20260910T224504_009391_012AD7_916A,1103.8,0.0,2026-07-04,2026-10-02
S1D_IW_GRDH_1SDV_20260911T102451_20260911T102520_004529_0086B8_7396,SENTINEL-1D,S1D,IW,DV,VV+VH,2026-09-11 10:24:51,2026-09-11 10:25:20,4529,113,ASCENDING,aws:sentinel-s1-l1c,GRD/2026/9/11/IW/DV/S1D_IW_GRDH_1SDV_20260911T102451_20260911T102520_004529_0086B8_7396,22401.3,0.006,2026-07-04,2026-10-02
S1C_IW_GRDH_1SDV_20260911T111046_20260911T111115_009399_012B1B_DB27,SENTINEL-1C,S1C,IW,DV,VV+VH,2026-09-11 11:10:46,2026-09-11 11:11:15,9399,26,ASCENDING,aws:sentinel-s1-l1c,GRD/2026/9/11/IW/DV/S1C_IW_GRDH_1SDV_20260911T111046_20260911T111115_009399_012B1B_DB27,1737.0,0.0,2026-07-04,2026-10-02
S1C_IW_GRDH_1SDV_20260911T214443_20260911T214512_009405_012B52_7ABE,SENTINEL-1C,S1C,IW,DV,VV+VH,2026-09-11 21:44:43,2026-09-11 21:45:12,9405,32,DESCENDING,aws:sentinel-s1-l1c,GRD/2026/9/11/IW/DV/S1C_IW_GRDH_1SDV_20260911T214443_20260911T214512_009405_012B52_7ABE,29164.3,0.008,2026-07-04,2026-10-02
S1C_IW_GRDH_1SDV_20260911T214512_20260911T214537_009405_012B52_0E23,SENTINEL-1C,S1C,IW,DV,VV+VH,2026-09-11 21:45:12,2026-09-11 21:45:37,9405,32,DESCENDING,aws:sentinel-s1-l1c,GRD/2026/9/11/IW/DV/S1C_IW_GRDH_1SDV_20260911T214512_20260911T214537_009405_012B52_0E23,619.6,0.0,2026-07-04,2026-10-02
S1C_IW_GRDH_1SDV_20260911T214537_20260911T214602_009405_012B52_9B1C,SENTINEL-1C,S1C,IW,DV,VV+VH,2026-09-11 21:45:37,2026-09-11 21:46:02,9405,32,DESCENDING,aws:sentinel-s1-l1c,GRD/2026/9/11/IW/DV/S1C_IW_GRDH_1SDV_20260911T214537_20260911T214602_009405_012B52_9B1C,1684.6,0.0,2026-07-04,2026-10-02
S1C_IW_GRDH_1SDV_20260911T214602_20260911T214627_009405_012B52_A82D,SENTINEL-1C,S1C,IW,DV,VV+VH,2026-09-11 21:46:02,2026-09-11 21:46:27,9405,32,DESCENDING,aws:sentinel-s1-l1c,GRD/2026/9/11/IW/DV/S1C_IW_GRDH_1SDV_20260911T214602_20260911T214627_009405_012B52_A82D,12015.4,0.003,2026-07-04,2026-10-02
S1C_IW_GRDH_1SDV_20260911T214627_20260911T214657_009405_012B52_3D94,SENTINEL-1C,S1C,IW,DV,VV+VH,2026-09-11 21:46:27,2026-09-11 21:46:57,9405,32,DESCENDING,aws:sentinel-s1-l1c,GRD/2026/9/11/IW/DV/S1C_IW_GRDH_1SDV_20260911T214627_20260911T214657_009405_012B52_3D94,23115.4,0.006,2026-07-04,2026-10-02
S1D_IW_GRDH_1SDV_20260911T223520_20260911T223549_004536_0086FA_9968,SENTINEL-1D,S1D,IW,DV,VV+VH,2026-09-11 22:35:20,2026-09-11 22:35:49,4536,120,DESCENDING,aws:sentinel-s1-l1c,GRD/2026/9/11/IW/DV/S1D_IW_GRDH_1SDV_20260911T223520_20260911T223549_004536_0086FA_9968,26272.8,0.007,2026-07-04,2026-10-02
S1D_IW_GRDH_1SDV_20260911T223549_20260911T223614_004536_0086FA_7EB6,SENTINEL-1D,S1D,IW,DV,VV+VH,2026-09-11 22:35:49,2026-09-11 22:36:14,4536,120,DESCENDING,aws:sentinel-s1-l1c,GRD/2026/9/11/IW/DV/S1D_IW_GRDH_1SDV_20260911T223549_20260911T223614_004536_0086FA_7EB6,6873.1,0.002,2026-07-04,2026-10-02
S1D_IW_GRDH_1SDV_20260911T223614_20260911T223639_004536_0086FA_5A50,SENTINEL-1D,S1D,IW,DV,VV+VH,2026-09-11 22:36:14,2026-09-11 22:36:39,4536,120,DESCENDING,aws:sentinel-s1-l1c,GRD/2026/9/11/IW/DV/S1D_IW_GRDH_1SDV_20260911T223614_20260911T223639_004536_0086FA_5A50,2507.6,0.001,2026-07-04,2026-10-02
S1D_IW_GRDH_1SDV_20260911T223639_20260911T223707_004536_0086FA_A30A,SENTINEL-1D,S1D,IW,DV,VV+VH,2026-09-11 22:36:39,2026-09-11 22:37:07,4536,120,DESCENDING,aws:sentinel-s1-l1c,GRD/2026/9/11/IW/DV/S1D_IW_GRDH_1SDV_20260911T223639_20260911T223707_004536_0086FA_A30A,23504.4,0.006,2026-07-04,2026-10-02
S1D_IW_GRDH_1SDV_20260911T223836_20260911T223905_004536_0086FB_16DF,SENTINEL-1D,S1D,IW,DV,VV+VH,2026-09-11 22:38:36,2026-09-11 22:39:05,4536,120,DESCENDING,aws:sentinel-s1-l1c,GRD/2026/9/11/IW/DV/S1D_IW_GRDH_1SDV_20260911T223836_20260911T223905_004536_0086FB_16DF,46580.4,0.013,2026-07-04,2026-10-02
S1D_IW_GRDH_1SDV_20260911T223905_20260911T223930_004536_0086FB_BBD2,SENTINEL-1D,S1D,IW,DV,VV+VH,2026-09-11 22:39:05,2026-09-11 22:39:30,4536,120,DESCENDING,aws:sentinel-s1-l1c,GRD/2026/9/11/IW/DV/S1D_IW_GRDH_1SDV_20260911T223905_20260911T223930_004536_0086FB_BBD2,42740.8,0.012,2026-07-04,2026-10-02
S1D_IW_GRDH_1SDV_20260911T223930_20260911T223955_004536_0086FB_E3FB,SENTINEL-1D,S1D,IW,DV,VV+VH,2026-09-11 22:39:30,2026-09-11 22:39:55,4536,120,DESCENDING,aws:sentinel-s1-l1c,GRD/2026/9/11/IW/DV/S1D_IW_GRDH_1SDV_20260911T223930_20260911T223955_004536_0086FB_E3FB,42581.6,0.012,2026-07-04,2026-10-02
S1D_IW_GRDH_1SDV_20260911T223955_20260911T224020_004536_0086FB_4803,SENTINEL-1D,S1D,IW,DV,VV+VH,2026-09-11 22:39:55,2026-09-11 22:40:20,4536,120,DESCENDING,aws:sentinel-s1-l1c,GRD/2026/9/11/IW/DV/S1D_IW_GRDH_1SDV_20260911T223955_20260911T224020_004536_0086FB_4803,37225.5,0.01,2026-07-04,2026-10-02
S1D_IW_GRDH_1SDV_20260911T224020_20260911T224045_004536_0086FB_95C2,SENTINEL-1D,S1D,IW,DV,VV+VH,2026-09-11 22:40:20,2026-09-11 22:40:45,4536,120,DESCENDING,aws:sentinel-s1-l1c,GRD/2026/9/11/IW/DV/S1D_IW_GRDH_1SDV_20260911T224020_20260911T224045_004536_0086FB_95C2,9304.2,0.003,2026-07-04,2026-10-02
S1D_IW_GRDH_1SDV_20260912T110238_20260912T110307_004544_00873C_EDF4,SENTINEL-1D,S1D,IW,DV,VV+VH,2026-09-12 11:02:38,2026-09-12 11:03:07,4544,128,ASCENDING,aws:sentinel-s1-l1c,GRD/2026/9/12/IW/DV/S1D_IW_GRDH_1SDV_20260912T110238_20260912T110307_004544_00873C_EDF4,20132.3,0.006,2026-07-04,2026-10-02
S1D_IW_GRDH_1SDV_20260912T110422_20260912T110447_004544_00873C_28BF,SENTINEL-1D,S1D,IW,DV,VV+VH,2026-09-12 11:04:22,2026-09-12 11:04:47,4544,128,ASCENDING,aws:sentinel-s1-l1c,GRD/2026/9/12/IW/DV/S1D_IW_GRDH_1SDV_20260912T110422_20260912T110447_004544_00873C_28BF,3778.1,0.001,2026-07-04,2026-10-02
S1D_IW_GRDH_1SDV_20260912T110447_20260912T110512_004544_00873C_0DEE,SENTINEL-1D,S1D,IW,DV,VV+VH,2026-09-12 11:04:47,2026-09-12 11:05:12,4544,128,ASCENDING,aws:sentinel-s1-l1c,GRD/2026/9/12/IW/DV/S1D_IW_GRDH_1SDV_20260912T110447_20260912T110512_004544_00873C_0DEE,17066.2,0.005,2026-07-04,2026-10-02
S1D_IW_GRDH_1SDV_20260912T110512_20260912T110537_004544_00873C_3C22,SENTINEL-1D,S1D,IW,DV,VV+VH,2026-09-12 11:05:12,2026-09-12 11:05:37,4544,128,ASCENDING,aws:sentinel-s1-l1c,GRD/2026/9/12/IW/DV/S1D_IW_GRDH_1SDV_20260912T110512_20260912T110537_004544_00873C_3C22,11954.3,0.003,2026-07-04,2026-10-02
S1D_IW_GRDH_1SDV_20260913T222225_20260913T222254_004565_0087FC_B306,SENTINEL-1D,S1D,IW,DV,VV+VH,2026-09-13 22:22:25,2026-09-13 22:22:54,4565,149,DESCENDING,aws:sentinel-s1-l1c,GRD/2026/9/13/IW/DV/S1D_IW_GRDH_1SDV_20260913T222225_20260913T222254_004565_0087FC_B306,43923.5,0.012,2026-07-04,2026-10-02
S1D_IW_GRDH_1SDV_20260913T222254_20260913T222319_004565_0087FC_C9A8,SENTINEL-1D,S1D,IW,DV,VV+VH,2026-09-13 22:22:54,2026-09-13 22:23:19,4565,149,DESCENDING,aws:sentinel-s1-l1c,GRD/2026/9/13/IW/DV/S1D_IW_GRDH_1SDV_20260913T222254_20260913T222319_004565_0087FC_C9A8,3102.8,0.001,2026-07-04,2026-10-02
S1D_IW_GRDH_1SDV_20260913T222319_20260913T222344_004565_0087FC_6C56,SENTINEL-1D,S1D,IW,DV,VV+VH,2026-09-13 22:23:19,2026-09-13 22:23:44,4565,149,DESCENDING,aws:sentinel-s1-l1c,GRD/2026/9/13/IW/DV/S1D_IW_GRDH_1SDV_20260913T222319_20260913T222344_004565_0087FC_6C56,14864.9,0.004,2026-07-04,2026-10-02
S1D_IW_GRDH_1SDV_20260913T222344_20260913T222409_004565_0087FC_1925,SENTINEL-1D,S1D,IW,DV,VV+VH,2026-09-13 22:23:44,2026-09-13 22:24:09,4565,149,DESCENDING,aws:sentinel-s1-l1c,GRD/2026/9/13/IW/DV/S1D_IW_GRDH_1SDV_20260913T222344_20260913T222409_004565_0087FC_1925,35871.5,0.01,2026-07-04,2026-10-02
S1D_IW_GRDH_1SDV_20260913T222409_20260913T222434_004565_0087FC_7E44,SENTINEL-1D,S1D,IW,DV,VV+VH,2026-09-13 22:24:09,2026-09-13 22:24:34,4565,149,DESCENDING,aws:sentinel-s1-l1c,GRD/2026/9/13/IW/DV/S1D_IW_GRDH_1SDV_20260913T222409_20260913T222434_004565_0087FC_7E44,1940.4,0.001,2026-07-04,2026-10-02
S1C_IW_GRDH_1SDV_20260914T095846_20260914T095911_009442_012C7E_A5DA,SENTINEL-1C,S1C,IW,DV,VV+VH,2026-09-14 09:58:46,2026-09-14 09:59:11,9442,69,ASCENDING,aws:sentinel-s1-l1c,GRD/2026/9/14/IW/DV/S1C_IW_GRDH_1SDV_20260914T095846_20260914T095911_009442_012C7E_A5DA,8414.1,0.002,2026-07-04,2026-10-02
S1C_IW_GRDH_1SDV_20260914T095911_20260914T095925_009442_012C7E_435D,SENTINEL-1C,S1C,IW,DV,VV+VH,2026-09-14 09:59:11,2026-09-14 09:59:25,9442,69,ASCENDING,aws:sentinel-s1-l1c,GRD/2026/9/14/IW/DV/S1C_IW_GRDH_1SDV_20260914T095911_20260914T095925_009442_012C7E_435D,12665.1,0.003,2026-07-04,2026-10-02
S1C_IW_GRDH_1SDV_20260914T095951_20260914T100020_009442_012C7F_82A5,SENTINEL-1C,S1C,IW,DV,VV+VH,2026-09-14 09:59:51,2026-09-14 10:00:20,9442,69,ASCENDING,aws:sentinel-s1-l1c,GRD/2026/9/14/IW/DV/S1C_IW_GRDH_1SDV_20260914T095951_20260914T100020_009442_012C7F_82A5,6062.8,0.002,2026-07-04,2026-10-02
S1D_IW_GRDH_1SDV_20260914T104832_20260914T104901_004573_008842_7ACD,SENTINEL-1D,S1D,IW,DV,VV+VH,2026-09-14 10:48:32,2026-09-14 10:49:01,4573,157,ASCENDING,aws:sentinel-s1-l1c,GRD/2026/9/14/IW/DV/S1D_IW_GRDH_1SDV_20260914T104832_20260914T104901_004573_008842_7ACD,12835.9,0.004,2026-07-04,2026-10-02
S1D_IW_GRDH_1SDV_20260914T104901_20260914T104926_004573_008842_81D4,SENTINEL-1D,S1D,IW,DV,VV+VH,2026-09-14 10:49:01,2026-09-14 10:49:26,4573,157,ASCENDING,aws:sentinel-s1-l1c,GRD/2026/9/14/IW/DV/S1D_IW_GRDH_1SDV_20260914T104901_20260914T104926_004573_008842_81D4,31208.9,0.009,2026-07-04,2026-10-02
S1D_IW_GRDH_1SDV_20260914T104926_20260914T104951_004573_008842_2DA8,SENTINEL-1D,S1D,IW,DV,VV+VH,2026-09-14 10:49:26,2026-09-14 10:49:51,4573,157,ASCENDING,aws:sentinel-s1-l1c,GRD/2026/9/14/IW/DV/S1D_IW_GRDH_1SDV_20260914T104926_20260914T104951_004573_008842_2DA8,3773.3,0.001,2026-07-04,2026-10-02
S1D_IW_GRDH_1SDV_20260914T230042_20260914T230107_004580_00887A_4D8C,SENTINEL-1D,S1D,IW,DV,VV+VH,2026-09-14 23:00:42,2026-09-14 23:01:07,4580,164,DESCENDING,aws:sentinel-s1-l1c,GRD/2026/9/14/IW/DV/S1D_IW_GRDH_1SDV_20260914T230042_20260914T230107_004580_00887A_4D8C,3701.8,0.001,2026-07-04,2026-10-02
S1D_IW_GRDH_1SDV_20260914T230107_20260914T230132_004580_00887A_991D,SENTINEL-1D,S1D,IW,DV,VV+VH,2026-09-14 23:01:07,2026-09-14 23:01:32,4580,164,DESCENDING,aws:sentinel-s1-l1c,GRD/2026/9/14/IW/DV/S1D_IW_GRDH_1SDV_20260914T230107_20260914T230132_004580_00887A_991D,40947.1,0.011,2026-07-04,2026-10-02
S1D_IW_GRDH_1SDV_20260914T230132_20260914T230157_004580_00887A_86D1,SENTINEL-1D,S1D,IW,DV,VV+VH,2026-09-14 23:01:32,2026-09-14 23:01:57,4580,164,DESCENDING,aws:sentinel-s1-l1c,GRD/2026/9/14/IW/DV/S1D_IW_GRDH_1SDV_20260914T230132_20260914T230157_004580_00887A_86D1,42868.5,0.012,2026-07-04,2026-10-02
S1D_IW_GRDH_1SDV_20260914T230157_20260914T230222_004580_00887A_8300,SENTINEL-1D,S1D,IW,DV,VV+VH,2026-09-14 23:01:57,2026-09-14 23:02:22,4580,164,DESCENDING,aws:sentinel-s1-l1c,GRD/2026/9/14/IW/DV/S1D_IW_GRDH_1SDV_20260914T230157_20260914T230222_004580_00887A_8300,41381.4,0.011,2026-07-04,2026-10-02
S1D_IW_GRDH_1SDV_20260914T230222_20260914T230247_004580_00887A_A83D,SENTINEL-1D,S1D,IW,DV,VV+VH,2026-09-14 23:02:22,2026-09-14 23:02:47,4580,164,DESCENDING,aws:sentinel-s1-l1c,GRD/2026/9/14/IW/DV/S1D_IW_GRDH_1SDV_20260914T230222_20260914T230247_004580_00887A_A83D,19691.1,0.005,2026-07-04,2026-10-02
S1D_IW_GRDH_1SDV_20260915T112330_20260915T112355_004587_0088BA_37FC,SENTINEL-1D,S1D,IW,DV,VV+VH,2026-09-15 11:23:30,2026-09-15 11:23:55,4587,171,ASCENDING,aws:sentinel-s1-l1c,GRD/2026/9/15/IW/DV/S1D_IW_GRDH_1SDV_20260915T112330_20260915T112355_004587_0088BA_37FC,149.1,0.0,2026-07-04,2026-10-02
S1D_IW_GRDH_1SDV_20260915T112355_20260915T112420_004587_0088BA_6A0F,SENTINEL-1D,S1D,IW,DV,VV+VH,2026-09-15 11:23:55,2026-09-15 11:24:20,4587,171,ASCENDING,aws:sentinel-s1-l1c,GRD/2026/9/15/IW/DV/S1D_IW_GRDH_1SDV_20260915T112355_20260915T112420_004587_0088BA_6A0F,7032.7,0.002,2026-07-04,2026-10-02
S1D_IW_GRDH_1SDV_20260915T112420_20260915T112445_004587_0088BA_0EF0,SENTINEL-1D,S1D,IW,DV,VV+VH,2026-09-15 11:24:20,2026-09-15 11:24:45,4587,171,ASCENDING,aws:sentinel-s1-l1c,GRD/2026/9/15/IW/DV/S1D_IW_GRDH_1SDV_20260915T112420_20260915T112445_004587_0088BA_0EF0,17723.0,0.005,2026-07-04,2026-10-02
S1D_IW_GRDH_1SDV_20260915T112445_20260915T112510_004587_0088BA_D513,SENTINEL-1D,S1D,IW,DV,VV+VH,2026-09-15 11:24:45,2026-09-15 11:25:10,4587,171,ASCENDING,aws:sentinel-s1-l1c,GRD/2026/9/15/IW/DV/S1D_IW_GRDH_1SDV_20260915T112445_20260915T112510_004587_0088BA_D513,10228.9,0.003,2026-07-04,2026-10-02
S1D_IW_GRDH_1SDV_20260915T112510_20260915T112535_004588_0088BA_E7AC,SENTINEL-1D,S1D,IW,DV,VV+VH,2026-09-15 11:25:10,2026-09-15 11:25:35,4588,172,ASCENDING,aws:sentinel-s1-l1c,GRD/2026/9/15/IW/DV/S1D_IW_GRDH_1SDV_20260915T112510_20260915T112535_004588_0088BA_E7AC,6383.8,0.002,2026-07-04,2026-10-02
S1D_IW_GRDH_1SDV_20260915T112535_20260915T112600_004588_0088BA_5333,SENTINEL-1D,S1D,IW,DV,VV+VH,2026-09-15 11:25:35,2026-09-15 11:26:00,4588,172,ASCENDING,aws:sentinel-s1-l1c,GRD/2026/9/15/IW/DV/S1D_IW_GRDH_1SDV_20260915T112535_20260915T112600_004588_0088BA_5333,4856.1,0.001,2026-07-04,2026-10-02
S1D_IW_GRDH_1SDV_20260915T112600_20260915T112625_004588_0088BA_1FEC,SENTINEL-1D,S1D,IW,DV,VV+VH,2026-09-15 11:26:00,2026-09-15 11:26:25,4588,172,ASCENDING,aws:sentinel-s1-l1c,GRD/2026/9/15/IW/DV/S1D_IW_GRDH_1SDV_20260915T112600_20260915T112625_004588_0088BA_1FEC,12814.5,0.004,2026-07-04,2026-10-02
S1D_IW_GRDH_1SDV_20260915T112625_20260915T112650_004588_0088BA_924D,SENTINEL-1D,S1D,IW,DV,VV+VH,2026-09-15 11:26:25,2026-09-15 11:26:50,4588,172,ASCENDING,aws:sentinel-s1-l1c,GRD/2026/9/15/IW/DV/S1D_IW_GRDH_1SDV_20260915T112625_20260915T112650_004588_0088BA_924D,36505.5,0.01,2026-07-04,2026-10-02
S1D_IW_GRDH_1SDV_20260915T112650_20260915T112715_004588_0088BA_9B0A,SENTINEL-1D,S1D,IW,DV,VV+VH,2026-09-15 11:26:50,2026-09-15 11:27:15,4588,172,ASCENDING,aws:sentinel-s1-l1c,GRD/2026/9/15/IW/DV/S1D_IW_GRDH_1SDV_20260915T112650_20260915T112715_004588_0088BA_9B0A,42877.3,0.012,2026-07-04,2026-10-02
S1D_IW_GRDH_1SDV_20260915T112715_20260915T112740_004588_0088BA_C576,SENTINEL-1D,S1D,IW,DV,VV+VH,2026-09-15 11:27:15,2026-09-15 11:27:40,4588,172,ASCENDING,aws:sentinel-s1-l1c,GRD/2026/9/15/IW/DV/S1D_IW_GRDH_1SDV_20260915T112715_20260915T112740_004588_0088BA_C576,42911.2,0.012,2026-07-04,2026-10-02
S1D_IW_GRDH_1SDV_20260915T112740_20260915T112805_004588_0088BA_B8DC,SENTINEL-1D,S1D,IW,DV,VV+VH,2026-09-15 11:27:40,2026-09-15 11:28:05,4588,172,ASCENDING,aws:sentinel-s1-l1c,GRD/2026/9/15/IW/DV/S1D_IW_GRDH_1SDV_20260915T112740_20260915T112805_004588_0088BA_B8DC,42097.7,0.012,2026-07-04,2026-10-02
S1D_IW_GRDH_1SDV_20260915T112805_20260915T112830_004588_0088BA_FE1B,SENTINEL-1D,S1D,IW,DV,VV+VH,2026-09-15 11:28:05,2026-09-15 11:28:30,4588,172,ASCENDING,aws:sentinel-s1-l1c,GRD/2026/9/15/IW/DV/S1D_IW_GRDH_1SDV_20260915T112805_20260915T112830_004588_0088BA_FE1B,13388.5,0.004,2026-07-04,2026-10-02
S1D_IW_GRDH_1SDV_20260915T220501_20260915T220530_004594_0088F5_9F84,SENTINEL-1D,S1D,IW,DV,VV+VH,2026-09-15 22:05:01,2026-09-15 22:05:30,4594,3,DESCENDING,aws:sentinel-s1-l1c,GRD/2026/9/15/IW/DV/S1D_IW_GRDH_1SDV_20260915T220501_20260915T220530_004594_0088F5_9F84,40610.6,0.011,2026-07-04,2026-10-02
S1D_IW_GRDH_1SDV_20260915T220530_20260915T220555_004594_0088F5_C9AB,SENTINEL-1D,S1D,IW,DV,VV+VH,2026-09-15 22:05:30,2026-09-15 22:05:55,4594,3,DESCENDING,aws:sentinel-s1-l1c,GRD/2026/9/15/IW/DV/S1D_IW_GRDH_1SDV_20260915T220530_20260915T220555_004594_0088F5_C9AB,10703.4,0.003,2026-07-04,2026-10-02
S1D_IW_GRDH_1SDV_20260916T103247_20260916T103316_004602_008941_D025,SENTINEL-1D,S1D,IW,DV,VV+VH,2026-09-16 10:32:47,2026-09-16 10:33:16,4602,11,ASCENDING,aws:sentinel-s1-l1c,GRD/2026/9/16/IW/DV/S1D_IW_GRDH_1SDV_20260916T103247_20260916T103316_004602_008941_D025,36888.8,0.01,2026-07-04,2026-10-02
S1D_IW_GRDH_1SDV_20260916T103316_20260916T103341_004602_008941_19E1,SENTINEL-1D,S1D,IW,DV,VV+VH,2026-09-16 10:33:16,2026-09-16 10:33:41,4602,11,ASCENDING,aws:sentinel-s1-l1c,GRD/2026/9/16/IW/DV/S1D_IW_GRDH_1SDV_20260916T103316_20260916T103341_004602_008941_19E1,1280.1,0.0,2026-07-04,2026-10-02
S1C_IW_GRDH_1SDV_20260916T111903_20260916T111933_009472_012D77_9092,SENTINEL-1C,S1C,IW,DV,VV+VH,2026-09-16 11:19:03,2026-09-16 11:19:33,9472,99,ASCENDING,aws:sentinel-s1-l1c,GRD/2026/9/16/IW/DV/S1C_IW_GRDH_1SDV_20260916T111903_20260916T111933_009472_012D77_9092,24061.6,0.007,2026-07-04,2026-10-02
S1C_IW_GRDH_1SDV_20260916T111933_20260916T111958_009472_012D77_BF7F,SENTINEL-1C,S1C,IW,DV,VV+VH,2026-09-16 11:19:33,2026-09-16 11:19:58,9472,99,ASCENDING,aws:sentinel-s1-l1c,GRD/2026/9/16/IW/DV/S1C_IW_GRDH_1SDV_20260916T111933_20260916T111958_009472_012D77_BF7F,4403.9,0.001,2026-07-04,2026-10-02
S1C_IW_GRDH_1SDV_20260916T215153_20260916T215218_009478_012DA9_EEA8,SENTINEL-1C,S1C,IW,DV,VV+VH,2026-09-16 21:51:53,2026-09-16 21:52:18,9478,105,DESCENDING,aws:sentinel-s1-l1c,GRD/2026/9/16/IW/DV/S1C_IW_GRDH_1SDV_20260916T215153_20260916T215218_009478_012DA9_EEA8,6758.5,0.002,2026-07-04,2026-10-02
S1C_IW_GRDH_1SDV_20260916T215218_20260916T215232_009478_012DA9_303C,SENTINEL-1C,S1C,IW,DV,VV+VH,2026-09-16 21:52:18,2026-09-16 21:52:32,9478,105,DESCENDING,aws:sentinel-s1-l1c,GRD/2026/9/16/IW/DV/S1C_IW_GRDH_1SDV_20260916T215218_20260916T215232_009478_012DA9_303C,14464.7,0.004,2026-07-04,2026-10-02
S1C_IW_GRDH_1SDV_20260916T215314_20260916T215343_009478_012DAA_5D92,SENTINEL-1C,S1C,IW,DV,VV+VH,2026-09-16 21:53:14,2026-09-16 21:53:43,9478,105,DESCENDING,aws:sentinel-s1-l1c,GRD/2026/9/16/IW/DV/S1C_IW_GRDH_1SDV_20260916T215314_20260916T215343_009478_012DAA_5D92,42785.4,0.012,2026-07-04,2026-10-02
S1C_IW_GRDH_1SDV_20260916T215343_20260916T215408_009478_012DAA_2B66,SENTINEL-1C,S1C,IW,DV,VV+VH,2026-09-16 21:53:43,2026-09-16 21:54:08,9478,105,DESCENDING,aws:sentinel-s1-l1c,GRD/2026/9/16/IW/DV/S1C_IW_GRDH_1SDV_20260916T215343_20260916T215408_009478_012DAA_2B66,38707.9,0.011,2026-07-04,2026-10-02
S1C_IW_GRDH_1SDV_20260916T215408_20260916T215422_009478_012DAA_4FB2,SENTINEL-1C,S1C,IW,DV,VV+VH,2026-09-16 21:54:08,2026-09-16 21:54:22,9478,105,DESCENDING,aws:sentinel-s1-l1c,GRD/2026/9/16/IW/DV/S1C_IW_GRDH_1SDV_20260916T215408_20260916T215422_009478_012DAA_4FB2,19544.5,0.005,2026-07-04,2026-10-02
S1D_IW_GRDH_1SDV_20260916T224257_20260916T224326_004609_00897C_AC48,SENTINEL-1D,S1D,IW,DV,VV+VH,2026-09-16 22:42:57,2026-09-16 22:43:26,4609,18,DESCENDING,aws:sentinel-s1-l1c,GRD/2026/9/16/IW/DV/S1D_IW_GRDH_1SDV_20260916T224257_20260916T224326_004609_00897C_AC48,35183.9,0.01,2026-07-04,2026-10-02
S1D_IW_GRDH_1SDV_20260916T224326_20260916T224351_004609_00897C_A1EF,SENTINEL-1D,S1D,IW,DV,VV+VH,2026-09-16 22:43:26,2026-09-16 22:43:51,4609,18,DESCENDING,aws:sentinel-s1-l1c,GRD/2026/9/16/IW/DV/S1D_IW_GRDH_1SDV_20260916T224326_20260916T224351_004609_00897C_A1EF,1661.9,0.0,2026-07-04,2026-10-02
S1D_IW_GRDH_1SDV_20260916T224506_20260916T224531_004609_00897C_72C9,SENTINEL-1D,S1D,IW,DV,VV+VH,2026-09-16 22:45:06,2026-09-16 22:45:31,4609,18,DESCENDING,aws:sentinel-s1-l1c,GRD/2026/9/16/IW/DV/S1D_IW_GRDH_1SDV_20260916T224506_20260916T224531_004609_00897C_72C9,11567.0,0.003,2026-07-04,2026-10-02
S1D_IW_GRDH_1SDV_20260916T224531_20260916T224550_004609_00897C_6C04,SENTINEL-1D,S1D,IW,DV,VV+VH,2026-09-16 22:45:31,2026-09-16 22:45:50,4609,18,DESCENDING,aws:sentinel-s1-l1c,GRD/2026/9/16/IW/DV/S1D_IW_GRDH_1SDV_20260916T224531_20260916T224550_004609_00897C_6C04,24176.9,0.007,2026-07-04,2026-10-02
S1D_IW_GRDH_1SDV_20260916T224626_20260916T224656_004609_00897D_5891,SENTINEL-1D,S1D,IW,DV,VV+VH,2026-09-16 22:46:26,2026-09-16 22:46:56,4609,18,DESCENDING,aws:sentinel-s1-l1c,GRD/2026/9/16/IW/DV/S1D_IW_GRDH_1SDV_20260916T224626_20260916T224656_004609_00897D_5891,46301.8,0.013,2026-07-04,2026-10-02
S1D_IW_GRDH_1SDV_20260916T224656_20260916T224721_004609_00897D_8FFD,SENTINEL-1D,S1D,IW,DV,VV+VH,2026-09-16 22:46:56,2026-09-16 22:47:21,4609,18,DESCENDING,aws:sentinel-s1-l1c,GRD/2026/9/16/IW/DV/S1D_IW_GRDH_1SDV_20260916T224656_20260916T224721_004609_00897D_8FFD,38520.5,0.011,2026-07-04,2026-10-02
S1D_IW_GRDH_1SDV_20260916T224721_20260916T224746_004609_00897D_C2A3,SENTINEL-1D,S1D,IW,DV,VV+VH,2026-09-16 22:47:21,2026-09-16 22:47:46,4609,18,DESCENDING,aws:sentinel-s1-l1c,GRD/2026/9/16/IW/DV/S1D_IW_GRDH_1SDV_20260916T224721_20260916T224746_004609_00897D_C2A3,18265.4,0.005,2026-07-04,2026-10-02
S1D_IW_GRDH_1SDV_20260916T224746_20260916T224811_004609_00897D_DFFF,SENTINEL-1D,S1D,IW,DV,VV+VH,2026-09-16 22:47:46,2026-09-16 22:48:11,4609,18,DESCENDING,aws:sentinel-s1-l1c,GRD/2026/9/16/IW/DV/S1D_IW_GRDH_1SDV_20260916T224746_20260916T224811_004609_00897D_DFFF,25472.2,0.007,2026-07-04,2026-10-02
S1D_IW_GRDH_1SDV_20260916T224811_20260916T224836_004609_00897D_8EB1,SENTINEL-1D,S1D,IW,DV,VV+VH,2026-09-16 22:48:11,2026-09-16 22:48:36,4609,18,DESCENDING,aws:sentinel-s1-l1c,GRD/2026/9/16/IW/DV/S1D_IW_GRDH_1SDV_20260916T224811_20260916T224836_004609_00897D_8EB1,6290.7,0.002,2026-07-04,2026-10-02
S1D_IW_GRDH_1SDV_20260917T110710_20260917T110737_004616_0089BB_1B98,SENTINEL-1D,S1D,IW,DV,VV+VH,2026-09-17 11:07:10,2026-09-17 11:07:37,4616,25,ASCENDING,aws:sentinel-s1-l1c,GRD/2026/9/17/IW/DV/S1D_IW_GRDH_1SDV_20260917T110710_20260917T110737_004616_0089BB_1B98,14631.5,0.004,2026-07-04,2026-10-02
S1D_IW_GRDH_1SDV_20260917T111023_20260917T111053_004617_0089BE_C1F7,SENTINEL-1D,S1D,IW,DV,VV+VH,2026-09-17 11:10:23,2026-09-17 11:10:53,4617,26,ASCENDING,aws:sentinel-s1-l1c,GRD/2026/9/17/IW/DV/S1D_IW_GRDH_1SDV_20260917T111023_20260917T111053_004617_0089BE_C1F7,33431.2,0.009,2026-07-04,2026-10-02
S1D_IW_GRDH_1SDV_20260917T111053_20260917T111118_004617_0089BE_7507,SENTINEL-1D,S1D,IW,DV,VV+VH,2026-09-17 11:10:53,2026-09-17 11:11:18,4617,26,ASCENDING,aws:sentinel-s1-l1c,GRD/2026/9/17/IW/DV/S1D_IW_GRDH_1SDV_20260917T111053_20260917T111118_004617_0089BE_7507,6029.9,0.002,2026-07-04,2026-10-02
S1D_IW_GRDH_1SDV_20260917T214439_20260917T214509_004623_0089EF_C55C,SENTINEL-1D,S1D,IW,DV,VV+VH,2026-09-17 21:44:39,2026-09-17 21:45:09,4623,32,DESCENDING,aws:sentinel-s1-l1c,GRD/2026/9/17/IW/DV/S1D_IW_GRDH_1SDV_20260917T214439_20260917T214509_004623_0089EF_C55C,24833.2,0.007,2026-07-04,2026-10-02
S1D_IW_GRDH_1SDV_20260917T214509_20260917T214534_004623_0089EF_39A4,SENTINEL-1D,S1D,IW,DV,VV+VH,2026-09-17 21:45:09,2026-09-17 21:45:34,4623,32,DESCENDING,aws:sentinel-s1-l1c,GRD/2026/9/17/IW/DV/S1D_IW_GRDH_1SDV_20260917T214509_20260917T214534_004623_0089EF_39A4,17336.9,0.005,2026-07-04,2026-10-02
S1D_IW_GRDH_1SDV_20260917T214534_20260917T214559_004623_0089EF_2EBB,SENTINEL-1D,S1D,IW,DV,VV+VH,2026-09-17 21:45:34,2026-09-17 21:45:59,4623,32,DESCENDING,aws:sentinel-s1-l1c,GRD/2026/9/17/IW/DV/S1D_IW_GRDH_1SDV_20260917T214534_20260917T214559_004623_0089EF_2EBB,1186.9,0.0,2026-07-04,2026-10-02
S1D_IW_GRDH_1SDV_20260917T214559_20260917T214624_004623_0089EF_1195,SENTINEL-1D,S1D,IW,DV,VV+VH,2026-09-17 21:45:59,2026-09-17 21:46:24,4623,32,DESCENDING,aws:sentinel-s1-l1c,GRD/2026/9/17/IW/DV/S1D_IW_GRDH_1SDV_20260917T214559_20260917T214624_004623_0089EF_1195,1566.6,0.0,2026-07-04,2026-10-02
S1D_IW_GRDH_1SDV_20260917T214624_20260917T214649_004623_0089EF_0B55,SENTINEL-1D,S1D,IW,DV,VV+VH,2026-09-17 21:46:24,2026-09-17 21:46:49,4623,32,DESCENDING,aws:sentinel-s1-l1c,GRD/2026/9/17/IW/DV/S1D_IW_GRDH_1SDV_20260917T214624_20260917T214649_004623_0089EF_0B55,18551.7,0.005,2026-07-04,2026-10-02
S1D_IW_GRDH_1SDV_20260917T214649_20260917T214714_004623_0089EF_E035,SENTINEL-1D,S1D,IW,DV,VV+VH,2026-09-17 21:46:49,2026-09-17 21:47:14,4623,32,DESCENDING,aws:sentinel-s1-l1c,GRD/2026/9/17/IW/DV/S1D_IW_GRDH_1SDV_20260917T214649_20260917T214714_004623_0089EF_E035,18077.0,0.005,2026-07-04,2026-10-02
S1D_IW_GRDH_1SDV_20260917T214714_20260917T214739_004623_0089EF_5BD2,SENTINEL-1D,S1D,IW,DV,VV+VH,2026-09-17 21:47:14,2026-09-17 21:47:39,4623,32,DESCENDING,aws:sentinel-s1-l1c,GRD/2026/9/17/IW/DV/S1D_IW_GRDH_1SDV_20260917T214714_20260917T214739_004623_0089EF_5BD2,5482.0,0.002,2026-07-04,2026-10-02
S1D_IW_GRDH_1SDV_20260917T214739_20260917T214804_004623_0089EF_B795,SENTINEL-1D,S1D,IW,DV,VV+VH,2026-09-17 21:47:39,2026-09-17 21:48:04,4623,32,DESCENDING,aws:sentinel-s1-l1c,GRD/2026/9/17/IW/DV/S1D_IW_GRDH_1SDV_20260917T214739_20260917T214804_004623_0089EF_B795,81.2,0.0,2026-07-04,2026-10-02
S1C_IW_GRDH_1SDV_20260917T223509_20260917T223539_009493_012E33_C3DA,SENTINEL-1C,S1C,IW,DV,VV+VH,2026-09-17 22:35:09,2026-09-17 22:35:39,9493,120,DESCENDING,aws:sentinel-s1-l1c,GRD/2026/9/17/IW/DV/S1C_IW_GRDH_1SDV_20260917T223509_20260917T223539_009493_012E33_C3DA,23261.0,0.006,2026-07-04,2026-10-02
S1C_IW_GRDH_1SDV_20260917T223539_20260917T223604_009493_012E33_3D94,SENTINEL-1C,S1C,IW,DV,VV+VH,2026-09-17 22:35:39,2026-09-17 22:36:04,9493,120,DESCENDING,aws:sentinel-s1-l1c,GRD/2026/9/17/IW/DV/S1C_IW_GRDH_1SDV_20260917T223539_20260917T223604_009493_012E33_3D94,5744.6,0.002,2026-07-04,2026-10-02
S1C_IW_GRDH_1SDV_20260917T223604_20260917T223629_009493_012E33_A856,SENTINEL-1C,S1C,IW,DV,VV+VH,2026-09-17 22:36:04,2026-09-17 22:36:29,9493,120,DESCENDING,aws:sentinel-s1-l1c,GRD/2026/9/17/IW/DV/S1C_IW_GRDH_1SDV_20260917T223604_20260917T223629_009493_012E33_A856,3075.4,0.001,2026-07-04,2026-10-02
S1C_IW_GRDH_1SDV_20260917T223629_20260917T223645_009493_012E33_B765,SENTINEL-1C,S1C,IW,DV,VV+VH,2026-09-17 22:36:29,2026-09-17 22:36:45,9493,120,DESCENDING,aws:sentinel-s1-l1c,GRD/2026/9/17/IW/DV/S1C_IW_GRDH_1SDV_20260917T223629_20260917T223645_009493_012E33_B765,10318.0,0.003,2026-07-04,2026-10-02
S1D_IW_GRDH_1SDV_20260918T101650_20260918T101719_004631_008A32_F2C5,SENTINEL-1D,S1D,IW,DV,VV+VH,2026-09-18 10:16:50,2026-09-18 10:17:19,4631,40,ASCENDING,aws:sentinel-s1-l1c,GRD/2026/9/18/IW/DV/S1D_IW_GRDH_1SDV_20260918T101650_20260918T101719_004631_008A32_F2C5,20300.3,0.006,2026-07-04,2026-10-02
S1D_IW_GRDH_1SDV_20260918T223016_20260918T223045_004638_008A7B_81DC,SENTINEL-1D,S1D,IW,DV,VV+VH,2026-09-18 22:30:16,2026-09-18 22:30:45,4638,47,DESCENDING,aws:sentinel-s1-l1c,GRD/2026/9/18/IW/DV/S1D_IW_GRDH_1SDV_20260918T223016_20260918T223045_004638_008A7B_81DC,45124.0,0.012,2026-07-04,2026-10-02
S1D_IW_GRDH_1SDV_20260918T223045_20260918T223110_004638_008A7B_AE18,SENTINEL-1D,S1D,IW,DV,VV+VH,2026-09-18 22:30:45,2026-09-18 22:31:10,4638,47,DESCENDING,aws:sentinel-s1-l1c,GRD/2026/9/18/IW/DV/S1D_IW_GRDH_1SDV_20260918T223045_20260918T223110_004638_008A7B_AE18,42509.5,0.012,2026-07-04,2026-10-02
S1D_IW_GRDH_1SDV_20260918T223110_20260918T223135_004638_008A7B_1945,SENTINEL-1D,S1D,IW,DV,VV+VH,2026-09-18 22:31:10,2026-09-18 22:31:35,4638,47,DESCENDING,aws:sentinel-s1-l1c,GRD/2026/9/18/IW/DV/S1D_IW_GRDH_1SDV_20260918T223110_20260918T223135_004638_008A7B_1945,41393.7,0.011,2026-07-04,2026-10-02
S1D_IW_GRDH_1SDV_20260918T223135_20260918T223200_004638_008A7B_3892,SENTINEL-1D,S1D,IW,DV,VV+VH,2026-09-18 22:31:35,2026-09-18 22:32:00,4638,47,DESCENDING,aws:sentinel-s1-l1c,GRD/2026/9/18/IW/DV/S1D_IW_GRDH_1SDV_20260918T223135_20260918T223200_004638_008A7B_3892,42851.2,0.012,2026-07-04,2026-10-02
S1D_IW_GRDH_1SDV_20260918T223200_20260918T223225_004638_008A7B_BAE0,SENTINEL-1D,S1D,IW,DV,VV+VH,2026-09-18 22:32:00,2026-09-18 22:32:25,4638,47,DESCENDING,aws:sentinel-s1-l1c,GRD/2026/9/18/IW/DV/S1D_IW_GRDH_1SDV_20260918T223200_20260918T223225_004638_008A7B_BAE0,30593.8,0.008,2026-07-04,2026-10-02
S1D_IW_GRDH_1SDV_20260918T223225_20260918T223250_004638_008A7B_D47A,SENTINEL-1D,S1D,IW,DV,VV+VH,2026-09-18 22:32:25,2026-09-18 22:32:50,4638,47,DESCENDING,aws:sentinel-s1-l1c,GRD/2026/9/18/IW/DV/S1D_IW_GRDH_1SDV_20260918T223225_20260918T223250_004638_008A7B_D47A,1665.8,0.0,2026-07-04,2026-10-02
S1C_IW_GRDH_1SDV_20260919T100535_20260919T100600_009515_012EE9_DE55,SENTINEL-1C,S1C,IW,DV,VV+VH,2026-09-19 10:05:35,2026-09-19 10:06:00,9515,142,ASCENDING,aws:sentinel-s1-l1c,GRD/2026/9/19/IW/DV/S1C_IW_GRDH_1SDV_20260919T100535_20260919T100600_009515_012EE9_DE55,10139.4,0.003,2026-07-04,2026-10-02
S1C_IW_GRDH_1SDV_20260919T100600_20260919T100625_009515_012EE9_D39C,SENTINEL-1C,S1C,IW,DV,VV+VH,2026-09-19 10:06:00,2026-09-19 10:06:25,9515,142,ASCENDING,aws:sentinel-s1-l1c,GRD/2026/9/19/IW/DV/S1C_IW_GRDH_1SDV_20260919T100600_20260919T100625_009515_012EE9_D39C,11628.7,0.003,2026-07-04,2026-10-02
S1C_IW_GRDH_1SDV_20260919T100625_20260919T100650_009515_012EE9_B326,SENTINEL-1C,S1C,IW,DV,VV+VH,2026-09-19 10:06:25,2026-09-19 10:06:50,9515,142,ASCENDING,aws:sentinel-s1-l1c,GRD/2026/9/19/IW/DV/S1C_IW_GRDH_1SDV_20260919T100625_20260919T100650_009515_012EE9_B326,11506.9,0.003,2026-07-04,2026-10-02
S1C_IW_GRDH_1SDV_20260919T100650_20260919T100723_009515_012EE9_C7E0,SENTINEL-1C,S1C,IW,DV,VV+VH,2026-09-19 10:06:50,2026-09-19 10:07:23,9515,142,ASCENDING,aws:sentinel-s1-l1c,GRD/2026/9/19/IW/DV/S1C_IW_GRDH_1SDV_20260919T100650_20260919T100723_009515_012EE9_C7E0,35457.4,0.01,2026-07-04,2026-10-02
S1D_IW_GRDH_1SDV_20260919T105438_20260919T105507_004646_008AC1_4CCE,SENTINEL-1D,S1D,IW,DV,VV+VH,2026-09-19 10:54:38,2026-09-19 10:55:07,4646,55,ASCENDING,aws:sentinel-s1-l1c,GRD/2026/9/19/IW/DV/S1D_IW_GRDH_1SDV_20260919T105438_20260919T105507_004646_008AC1_4CCE,34573.5,0.009,2026-07-04,2026-10-02
S1D_IW_GRDH_1SDV_20260919T105507_20260919T105532_004646_008AC1_B4DC,SENTINEL-1D,S1D,IW,DV,VV+VH,2026-09-19 10:55:07,2026-09-19 10:55:32,4646,55,ASCENDING,aws:sentinel-s1-l1c,GRD/2026/9/19/IW/DV/S1D_IW_GRDH_1SDV_20260919T105507_20260919T105532_004646_008AC1_B4DC,15545.8,0.004,2026-07-04,2026-10-02
S1D_IW_GRDH_1SDV_20260919T105532_20260919T105557_004646_008AC1_E142,SENTINEL-1D,S1D,IW,DV,VV+VH,2026-09-19 10:55:32,2026-09-19 10:55:57,4646,55,ASCENDING,aws:sentinel-s1-l1c,GRD/2026/9/19/IW/DV/S1D_IW_GRDH_1SDV_20260919T105532_20260919T105557_004646_008AC1_E142,14008.9,0.004,2026-07-04,2026-10-02
S1D_IW_GRDH_1SDV_20260919T105557_20260919T105622_004646_008AC1_2695,SENTINEL-1D,S1D,IW,DV,VV+VH,2026-09-19 10:55:57,2026-09-19 10:56:22,4646,55,ASCENDING,aws:sentinel-s1-l1c,GRD/2026/9/19/IW/DV/S1D_IW_GRDH_1SDV_20260919T105557_20260919T105622_004646_008AC1_2695,24101.2,0.007,2026-07-04,2026-10-02
S1D_IW_GRDH_1SDV_20260919T105622_20260919T105647_004646_008AC1_B77A,SENTINEL-1D,S1D,IW,DV,VV+VH,2026-09-19 10:56:22,2026-09-19 10:56:47,4646,55,ASCENDING,aws:sentinel-s1-l1c,GRD/2026/9/19/IW/DV/S1D_IW_GRDH_1SDV_20260919T105622_20260919T105647_004646_008AC1_B77A,40871.1,0.011,2026-07-04,2026-10-02
S1D_IW_GRDH_1SDV_20260919T105647_20260919T105712_004646_008AC1_3179,SENTINEL-1D,S1D,IW,DV,VV+VH,2026-09-19 10:56:47,2026-09-19 10:57:12,4646,55,ASCENDING,aws:sentinel-s1-l1c,GRD/2026/9/19/IW/DV/S1D_IW_GRDH_1SDV_20260919T105647_20260919T105712_004646_008AC1_3179,38995.9,0.011,2026-07-04,2026-10-02
S1D_IW_GRDH_1SDV_20260919T105712_20260919T105737_004646_008AC1_B240,SENTINEL-1D,S1D,IW,DV,VV+VH,2026-09-19 10:57:12,2026-09-19 10:57:37,4646,55,ASCENDING,aws:sentinel-s1-l1c,GRD/2026/9/19/IW/DV/S1D_IW_GRDH_1SDV_20260919T105712_20260919T105737_004646_008AC1_B240,36136.2,0.01,2026-07-04,2026-10-02
S1D_IW_GRDH_1SDV_20260919T105737_20260919T105802_004646_008AC1_3A57,SENTINEL-1D,S1D,IW,DV,VV+VH,2026-09-19 10:57:37,2026-09-19 10:58:02,4646,55,ASCENDING,aws:sentinel-s1-l1c,GRD/2026/9/19/IW/DV/S1D_IW_GRDH_1SDV_20260919T105737_20260919T105802_004646_008AC1_3A57,1040.8,0.0,2026-07-04,2026-10-02
S1D_IW_GRDH_1SDV_20260919T230840_20260919T230905_004653_008B05_85E0,SENTINEL-1D,S1D,IW,DV,VV+VH,2026-09-19 23:08:40,2026-09-19 23:09:05,4653,62,DESCENDING,aws:sentinel-s1-l1c,GRD/2026/9/19/IW/DV/S1D_IW_GRDH_1SDV_20260919T230840_20260919T230905_004653_008B05_85E0,3324.7,0.001,2026-07-04,2026-10-02
S1D_IW_GRDH_1SDV_20260919T230905_20260919T230930_004653_008B05_E340,SENTINEL-1D,S1D,IW,DV,VV+VH,2026-09-19 23:09:05,2026-09-19 23:09:30,4653,62,DESCENDING,aws:sentinel-s1-l1c,GRD/2026/9/19/IW/DV/S1D_IW_GRDH_1SDV_20260919T230905_20260919T230930_004653_008B05_E340,20457.6,0.006,2026-07-04,2026-10-02
S1D_IW_GRDH_1SDV_20260919T230930_20260919T230955_004653_008B05_24FB,SENTINEL-1D,S1D,IW,DV,VV+VH,2026-09-19 23:09:30,2026-09-19 23:09:55,4653,62,DESCENDING,aws:sentinel-s1-l1c,GRD/2026/9/19/IW/DV/S1D_IW_GRDH_1SDV_20260919T230930_20260919T230955_004653_008B05_24FB,25829.3,0.007,2026-07-04,2026-10-02
S1D_IW_GRDH_1SDV_20260919T230955_20260919T231020_004653_008B05_EFD7,SENTINEL-1D,S1D,IW,DV,VV+VH,2026-09-19 23:09:55,2026-09-19 23:10:20,4653,62,DESCENDING,aws:sentinel-s1-l1c,GRD/2026/9/19/IW/DV/S1D_IW_GRDH_1SDV_20260919T230955_20260919T231020_004653_008B05_EFD7,20015.0,0.005,2026-07-04,2026-10-02
S1D_IW_GRDH_1SDV_20260919T231020_20260919T231045_004653_008B05_8899,SENTINEL-1D,S1D,IW,DV,VV+VH,2026-09-19 23:10:20,2026-09-19 23:10:45,4653,62,DESCENDING,aws:sentinel-s1-l1c,GRD/2026/9/19/IW/DV/S1D_IW_GRDH_1SDV_20260919T231020_20260919T231045_004653_008B05_8899,568.5,0.0,2026-07-04,2026-10-02
S1D_IW_GRDH_1SDV_20260920T100028_20260920T100058_004660_008B41_E4B4,SENTINEL-1D,S1D,IW,DV,VV+VH,2026-09-20 10:00:28,2026-09-20 10:00:58,4660,69,ASCENDING,aws:sentinel-s1-l1c,GRD/2026/9/20/IW/DV/S1D_IW_GRDH_1SDV_20260920T100028_20260920T100058_004660_008B41_E4B4,15.6,0.0,2026-07-04,2026-10-02
S1C_IW_GRDH_1SDV_20260920T104816_20260920T104845_009530_012F70_2DA4,SENTINEL-1C,S1C,IW,DV,VV+VH,2026-09-20 10:48:16,2026-09-20 10:48:45,9530,157,ASCENDING,aws:sentinel-s1-l1c,GRD/2026/9/20/IW/DV/S1C_IW_GRDH_1SDV_20260920T104816_20260920T104845_009530_012F70_2DA4,15655.0,0.004,2026-07-04,2026-10-02
S1C_IW_GRDH_1SDV_20260920T104845_20260920T104919_009530_012F70_A595,SENTINEL-1C,S1C,IW,DV,VV+VH,2026-09-20 10:48:45,2026-09-20 10:49:19,9530,157,ASCENDING,aws:sentinel-s1-l1c,GRD/2026/9/20/IW/DV/S1C_IW_GRDH_1SDV_20260920T104845_20260920T104919_009530_012F70_A595,35854.7,0.01,2026-07-04,2026-10-02
S1D_IW_GRDH_1SDV_20260920T113435_20260920T113500_004661_008B4A_3FFC,SENTINEL-1D,S1D,IW,DV,VV+VH,2026-09-20 11:34:35,2026-09-20 11:35:00,4661,70,ASCENDING,aws:sentinel-s1-l1c,GRD/2026/9/20/IW/DV/S1D_IW_GRDH_1SDV_20260920T113435_20260920T113500_004661_008B4A_3FFC,6447.9,0.002,2026-07-04,2026-10-02
S1D_IW_GRDH_1SDV_20260920T113500_20260920T113525_004661_008B4A_7273,SENTINEL-1D,S1D,IW,DV,VV+VH,2026-09-20 11:35:00,2026-09-20 11:35:25,4661,70,ASCENDING,aws:sentinel-s1-l1c,GRD/2026/9/20/IW/DV/S1D_IW_GRDH_1SDV_20260920T113500_20260920T113525_004661_008B4A_7273,12222.0,0.003,2026-07-04,2026-10-02
S1D_IW_GRDH_1SDV_20260920T113525_20260920T113550_004661_008B4A_7B3A,SENTINEL-1D,S1D,IW,DV,VV+VH,2026-09-20 11:35:25,2026-09-20 11:35:50,4661,70,ASCENDING,aws:sentinel-s1-l1c,GRD/2026/9/20/IW/DV/S1D_IW_GRDH_1SDV_20260920T113525_20260920T113550_004661_008B4A_7B3A,22886.2,0.006,2026-07-04,2026-10-02
S1D_IW_GRDH_1SDV_20260920T113550_20260920T113615_004661_008B4A_BF5D,SENTINEL-1D,S1D,IW,DV,VV+VH,2026-09-20 11:35:50,2026-09-20 11:36:15,4661,70,ASCENDING,aws:sentinel-s1-l1c,GRD/2026/9/20/IW/DV/S1D_IW_GRDH_1SDV_20260920T113550_20260920T113615_004661_008B4A_BF5D,8135.7,0.002,2026-07-04,2026-10-02
S1D_IW_GRDH_1SDV_20260920T221343_20260920T221412_004667_008B85_2DF9,SENTINEL-1D,S1D,IW,DV,VV+VH,2026-09-20 22:13:43,2026-09-20 22:14:12,4667,76,DESCENDING,aws:sentinel-s1-l1c,GRD/2026/9/20/IW/DV/S1D_IW_GRDH_1SDV_20260920T221343_20260920T221412_004667_008B85_2DF9,43497.5,0.012,2026-07-04,2026-10-02
S1D_IW_GRDH_1SDV_20260920T221412_20260920T221437_004667_008B85_05E3,SENTINEL-1D,S1D,IW,DV,VV+VH,2026-09-20 22:14:12,2026-09-20 22:14:37,4667,76,DESCENDING,aws:sentinel-s1-l1c,GRD/2026/9/20/IW/DV/S1D_IW_GRDH_1SDV_20260920T221412_20260920T221437_004667_008B85_05E3,12334.7,0.003,2026-07-04,2026-10-02
S1D_IW_GRDH_1SDV_20260920T221437_20260920T221502_004667_008B85_0E9A,SENTINEL-1D,S1D,IW,DV,VV+VH,2026-09-20 22:14:37,2026-09-20 22:15:02,4667,76,DESCENDING,aws:sentinel-s1-l1c,GRD/2026/9/20/IW/DV/S1D_IW_GRDH_1SDV_20260920T221437_20260920T221502_004667_008B85_0E9A,633.9,0.0,2026-07-04,2026-10-02
S1D_IW_GRDH_1SDV_20260920T221552_20260920T221617_004667_008B85_054E,SENTINEL-1D,S1D,IW,DV,VV+VH,2026-09-20 22:15:52,2026-09-20 22:16:17,4667,76,DESCENDING,aws:sentinel-s1-l1c,GRD/2026/9/20/IW/DV/S1D_IW_GRDH_1SDV_20260920T221552_20260920T221617_004667_008B85_054E,519.0,0.0,2026-07-04,2026-10-02
S1C_IW_GRDH_1SDV_20260920T230037_20260920T230102_009537_012FAC_2F96,SENTINEL-1C,S1C,IW,DV,VV+VH,2026-09-20 23:00:37,2026-09-20 23:01:02,9537,164,DESCENDING,aws:sentinel-s1-l1c,GRD/2026/9/20/IW/DV/S1C_IW_GRDH_1SDV_20260920T230037_20260920T230102_009537_012FAC_2F96,12018.2,0.003,2026-07-04,2026-10-02
S1D_IW_GRDH_1SDV_20260921T104031_20260921T104100_004675_008BC0_0834,SENTINEL-1D,S1D,IW,DV,VV+VH,2026-09-21 10:40:31,2026-09-21 10:41:00,4675,84,ASCENDING,aws:sentinel-s1-l1c,GRD/2026/9/21/IW/DV/S1D_IW_GRDH_1SDV_20260921T104031_20260921T104100_004675_008BC0_0834,43133.7,0.012,2026-07-04,2026-10-02
S1D_IW_GRDH_1SDV_20260921T104100_20260921T104125_004675_008BC0_1993,SENTINEL-1D,S1D,IW,DV,VV+VH,2026-09-21 10:41:00,2026-09-21 10:41:25,4675,84,ASCENDING,aws:sentinel-s1-l1c,GRD/2026/9/21/IW/DV/S1D_IW_GRDH_1SDV_20260921T104100_20260921T104125_004675_008BC0_1993,22282.6,0.006,2026-07-04,2026-10-02
S1D_IW_GRDH_1SDV_20260921T225018_20260921T225043_004682_008BFD_3573,SENTINEL-1D,S1D,IW,DV,VV+VH,2026-09-21 22:50:18,2026-09-21 22:50:43,4682,91,DESCENDING,aws:sentinel-s1-l1c,GRD/2026/9/21/IW/DV/S1D_IW_GRDH_1SDV_20260921T225018_20260921T225043_004682_008BFD_3573,4220.8,0.001,2026-07-04,2026-10-02
S1D_IW_GRDH_1SDV_20260921T225043_20260921T225108_004682_008BFD_19F3,SENTINEL-1D,S1D,IW,DV,VV+VH,2026-09-21 22:50:43,2026-09-21 22:51:08,4682,91,DESCENDING,aws:sentinel-s1-l1c,GRD/2026/9/21/IW/DV/S1D_IW_GRDH_1SDV_20260921T225043_20260921T225108_004682_008BFD_19F3,15728.9,0.004,2026-07-04,2026-10-02
S1D_IW_GRDH_1SDV_20260921T225108_20260921T225133_004682_008BFD_D652,SENTINEL-1D,S1D,IW,DV,VV+VH,2026-09-21 22:51:08,2026-09-21 22:51:33,4682,91,DESCENDING,aws:sentinel-s1-l1c,GRD/2026/9/21/IW/DV/S1D_IW_GRDH_1SDV_20260921T225108_20260921T225133_004682_008BFD_D652,2277.7,0.001,2026-07-04,2026-10-02
S1D_IW_GRDH_1SDV_20260921T225248_20260921T225313_004682_008BFD_8205,SENTINEL-1D,S1D,IW,DV,VV+VH,2026-09-21 22:52:48,2026-09-21 22:53:13,4682,91,DESCENDING,aws:sentinel-s1-l1c,GRD/2026/9/21/IW/DV/S1D_IW_GRDH_1SDV_20260921T225248_20260921T225313_004682_008BFD_8205,1499.0,0.0,2026-07-04,2026-10-02
S1D_IW_GRDH_1SDV_20260921T225313_20260921T225337_004682_008BFD_52D4,SENTINEL-1D,S1D,IW,DV,VV+VH,2026-09-21 22:53:13,2026-09-21 22:53:37,4682,91,DESCENDING,aws:sentinel-s1-l1c,GRD/2026/9/21/IW/DV/S1D_IW_GRDH_1SDV_20260921T225313_20260921T225337_004682_008BFD_52D4,25827.6,0.007,2026-07-04,2026-10-02
S1D_IW_GRDH_1SDV_20260921T225424_20260921T225454_004682_008BFE_BA70,SENTINEL-1D,S1D,IW,DV,VV+VH,2026-09-21 22:54:24,2026-09-21 22:54:54,4682,91,DESCENDING,aws:sentinel-s1-l1c,GRD/2026/9/21/IW/DV/S1D_IW_GRDH_1SDV_20260921T225424_20260921T225454_004682_008BFE_BA70,29306.7,0.008,2026-07-04,2026-10-02
S1D_IW_GRDH_1SDV_20260921T225454_20260921T225519_004682_008BFE_E765,SENTINEL-1D,S1D,IW,DV,VV+VH,2026-09-21 22:54:54,2026-09-21 22:55:19,4682,91,DESCENDING,aws:sentinel-s1-l1c,GRD/2026/9/21/IW/DV/S1D_IW_GRDH_1SDV_20260921T225454_20260921T225519_004682_008BFE_E765,2716.3,0.001,2026-07-04,2026-10-02
S1D_IW_GRDH_1SDV_20260921T225544_20260921T225609_004682_008BFE_FAF9,SENTINEL-1D,S1D,IW,DV,VV+VH,2026-09-21 22:55:44,2026-09-21 22:56:09,4682,91,DESCENDING,aws:sentinel-s1-l1c,GRD/2026/9/21/IW/DV/S1D_IW_GRDH_1SDV_20260921T225544_20260921T225609_004682_008BFE_FAF9,0.2,0.0,2026-07-04,2026-10-02
S1D_IW_GRDH_1SDV_20260921T225609_20260921T225634_004682_008BFE_AF5F,SENTINEL-1D,S1D,IW,DV,VV+VH,2026-09-21 22:56:09,2026-09-21 22:56:34,4682,91,DESCENDING,aws:sentinel-s1-l1c,GRD/2026/9/21/IW/DV/S1D_IW_GRDH_1SDV_20260921T225609_20260921T225634_004682_008BFE_AF5F,67.1,0.0,2026-07-04,2026-10-02
S1D_IW_GRDH_1SDV_20260922T111530_20260922T111555_004689_008C3D_EA8F,SENTINEL-1D,S1D,IW,DV,VV+VH,2026-09-22 11:15:30,2026-09-22 11:15:55,4689,98,ASCENDING,aws:sentinel-s1-l1c,GRD/2026/9/22/IW/DV/S1D_IW_GRDH_1SDV_20260922T111530_20260922T111555_004689_008C3D_EA8F,15471.1,0.004,2026-07-04,2026-10-02
S1D_IW_GRDH_1SDV_20260922T111555_20260922T111620_004689_008C3D_7893,SENTINEL-1D,S1D,IW,DV,VV+VH,2026-09-22 11:15:55,2026-09-22 11:16:20,4689,98,ASCENDING,aws:sentinel-s1-l1c,GRD/2026/9/22/IW/DV/S1D_IW_GRDH_1SDV_20260922T111555_20260922T111620_004689_008C3D_7893,39652.4,0.011,2026-07-04,2026-10-02
S1D_IW_GRDH_1SDV_20260922T111620_20260922T111645_004689_008C3D_D54C,SENTINEL-1D,S1D,IW,DV,VV+VH,2026-09-22 11:16:20,2026-09-22 11:16:45,4689,98,ASCENDING,aws:sentinel-s1-l1c,GRD/2026/9/22/IW/DV/S1D_IW_GRDH_1SDV_20260922T111620_20260922T111645_004689_008C3D_D54C,41314.4,0.011,2026-07-04,2026-10-02
S1D_IW_GRDH_1SDV_20260922T111645_20260922T111710_004690_008C3D_3B1E,SENTINEL-1D,S1D,IW,DV,VV+VH,2026-09-22 11:16:45,2026-09-22 11:17:10,4690,99,ASCENDING,aws:sentinel-s1-l1c,GRD/2026/9/22/IW/DV/S1D_IW_GRDH_1SDV_20260922T111645_20260922T111710_004690_008C3D_3B1E,38437.9,0.011,2026-07-04,2026-10-02
S1D_IW_GRDH_1SDV_20260922T111710_20260922T111735_004690_008C3D_93C3,SENTINEL-1D,S1D,IW,DV,VV+VH,2026-09-22 11:17:10,2026-09-22 11:17:35,4690,99,ASCENDING,aws:sentinel-s1-l1c,GRD/2026/9/22/IW/DV/S1D_IW_GRDH_1SDV_20260922T111710_20260922T111735_004690_008C3D_93C3,42734.9,0.012,2026-07-04,2026-10-02
S1D_IW_GRDH_1SDV_20260922T111735_20260922T111800_004690_008C3D_2412,SENTINEL-1D,S1D,IW,DV,VV+VH,2026-09-22 11:17:35,2026-09-22 11:18:00,4690,99,ASCENDING,aws:sentinel-s1-l1c,GRD/2026/9/22/IW/DV/S1D_IW_GRDH_1SDV_20260922T111735_20260922T111800_004690_008C3D_2412,42051.8,0.012,2026-07-04,2026-10-02
S1D_IW_GRDH_1SDV_20260922T111800_20260922T111825_004690_008C3D_2466,SENTINEL-1D,S1D,IW,DV,VV+VH,2026-09-22 11:18:00,2026-09-22 11:18:25,4690,99,ASCENDING,aws:sentinel-s1-l1c,GRD/2026/9/22/IW/DV/S1D_IW_GRDH_1SDV_20260922T111800_20260922T111825_004690_008C3D_2466,42780.0,0.012,2026-07-04,2026-10-02
S1D_IW_GRDH_1SDV_20260922T111825_20260922T111850_004690_008C3D_1624,SENTINEL-1D,S1D,IW,DV,VV+VH,2026-09-22 11:18:25,2026-09-22 11:18:50,4690,99,ASCENDING,aws:sentinel-s1-l1c,GRD/2026/9/22/IW/DV/S1D_IW_GRDH_1SDV_20260922T111825_20260922T111850_004690_008C3D_1624,42705.5,0.012,2026-07-04,2026-10-02
S1D_IW_GRDH_1SDV_20260922T111850_20260922T111915_004690_008C3D_11BF,SENTINEL-1D,S1D,IW,DV,VV+VH,2026-09-22 11:18:50,2026-09-22 11:19:15,4690,99,ASCENDING,aws:sentinel-s1-l1c,GRD/2026/9/22/IW/DV/S1D_IW_GRDH_1SDV_20260922T111850_20260922T111915_004690_008C3D_11BF,42328.4,0.012,2026-07-04,2026-10-02
S1D_IW_GRDH_1SDV_20260922T111915_20260922T111940_004690_008C3D_7C41,SENTINEL-1D,S1D,IW,DV,VV+VH,2026-09-22 11:19:15,2026-09-22 11:19:40,4690,99,ASCENDING,aws:sentinel-s1-l1c,GRD/2026/9/22/IW/DV/S1D_IW_GRDH_1SDV_20260922T111915_20260922T111940_004690_008C3D_7C41,25626.7,0.007,2026-07-04,2026-10-02
S1D_IW_GRDH_1SDV_20260922T111940_20260922T112005_004690_008C3D_1CF5,SENTINEL-1D,S1D,IW,DV,VV+VH,2026-09-22 11:19:40,2026-09-22 11:20:05,4690,99,ASCENDING,aws:sentinel-s1-l1c,GRD/2026/9/22/IW/DV/S1D_IW_GRDH_1SDV_20260922T111940_20260922T112005_004690_008C3D_1CF5,8703.6,0.002,2026-07-04,2026-10-02
S1D_IW_GRDH_1SDV_20260922T215324_20260922T215354_004696_008C73_62CF,SENTINEL-1D,S1D,IW,DV,VV+VH,2026-09-22 21:53:24,2026-09-22 21:53:54,4696,105,DESCENDING,aws:sentinel-s1-l1c,GRD/2026/9/22/IW/DV/S1D_IW_GRDH_1SDV_20260922T215324_20260922T215354_004696_008C73_62CF,43310.3,0.012,2026-07-04,2026-10-02
S1D_IW_GRDH_1SDV_20260922T215354_20260922T215419_004696_008C73_6A24,SENTINEL-1D,S1D,IW,DV,VV+VH,2026-09-22 21:53:54,2026-09-22 21:54:19,4696,105,DESCENDING,aws:sentinel-s1-l1c,GRD/2026/9/22/IW/DV/S1D_IW_GRDH_1SDV_20260922T215354_20260922T215419_004696_008C73_6A24,39185.2,0.011,2026-07-04,2026-10-02
S1D_IW_GRDH_1SDV_20260922T215419_20260922T215433_004696_008C73_642E,SENTINEL-1D,S1D,IW,DV,VV+VH,2026-09-22 21:54:19,2026-09-22 21:54:33,4696,105,DESCENDING,aws:sentinel-s1-l1c,GRD/2026/9/22/IW/DV/S1D_IW_GRDH_1SDV_20260922T215419_20260922T215433_004696_008C73_642E,18810.3,0.005,2026-07-04,2026-10-02
S1D_IW_GRDH_1SDV_20260922T215517_20260922T215547_004696_008C74_B407,SENTINEL-1D,S1D,IW,DV,VV+VH,2026-09-22 21:55:17,2026-09-22 21:55:47,4696,105,DESCENDING,aws:sentinel-s1-l1c,GRD/2026/9/22/IW/DV/S1D_IW_GRDH_1SDV_20260922T215517_20260922T215547_004696_008C74_B407,48293.5,0.013,2026-07-04,2026-10-02
S1D_IW_GRDH_1SDV_20260922T215547_20260922T215612_004696_008C74_EE44,SENTINEL-1D,S1D,IW,DV,VV+VH,2026-09-22 21:55:47,2026-09-22 21:56:12,4696,105,DESCENDING,aws:sentinel-s1-l1c,GRD/2026/9/22/IW/DV/S1D_IW_GRDH_1SDV_20260922T215547_20260922T215612_004696_008C74_EE44,31203.6,0.009,2026-07-04,2026-10-02
S1D_IW_GRDH_1SDV_20260922T215612_20260922T215637_004696_008C74_12C7,SENTINEL-1D,S1D,IW,DV,VV+VH,2026-09-22 21:56:12,2026-09-22 21:56:37,4696,105,DESCENDING,aws:sentinel-s1-l1c,GRD/2026/9/22/IW/DV/S1D_IW_GRDH_1SDV_20260922T215612_20260922T215637_004696_008C74_12C7,13308.0,0.004,2026-07-04,2026-10-02
S1D_IW_GRDH_1SDV_20260922T215637_20260922T215702_004696_008C74_876B,SENTINEL-1D,S1D,IW,DV,VV+VH,2026-09-22 21:56:37,2026-09-22 21:57:02,4696,105,DESCENDING,aws:sentinel-s1-l1c,GRD/2026/9/22/IW/DV/S1D_IW_GRDH_1SDV_20260922T215637_20260922T215702_004696_008C74_876B,7643.6,0.002,2026-07-04,2026-10-02
S1D_IW_GRDH_1SDV_20260922T215702_20260922T215727_004696_008C74_71F3,SENTINEL-1D,S1D,IW,DV,VV+VH,2026-09-22 21:57:02,2026-09-22 21:57:27,4696,105,DESCENDING,aws:sentinel-s1-l1c,GRD/2026/9/22/IW/DV/S1D_IW_GRDH_1SDV_20260922T215702_20260922T215727_004696_008C74_71F3,287.0,0.0,2026-07-04,2026-10-02
S1C_IW_GRDH_1SDV_20260922T224255_20260922T224324_009566_013094_A985,SENTINEL-1C,S1C,IW,DV,VV+VH,2026-09-22 22:42:55,2026-09-22 22:43:24,9566,18,DESCENDING,aws:sentinel-s1-l1c,GRD/2026/9/22/IW/DV/S1C_IW_GRDH_1SDV_20260922T224255_20260922T224324_009566_013094_A985,19019.2,0.005,2026-07-04,2026-10-02
S1C_IW_GRDH_1SDV_20260922T224439_20260922T224504_009566_013094_1542,SENTINEL-1C,S1C,IW,DV,VV+VH,2026-09-22 22:44:39,2026-09-22 22:45:04,9566,18,DESCENDING,aws:sentinel-s1-l1c,GRD/2026/9/22/IW/DV/S1C_IW_GRDH_1SDV_20260922T224439_20260922T224504_009566_013094_1542,1103.6,0.0,2026-07-04,2026-10-02
S1D_IW_GRDH_1SDV_20260923T102451_20260923T102520_004704_008CB9_0199,SENTINEL-1D,S1D,IW,DV,VV+VH,2026-09-23 10:24:51,2026-09-23 10:25:20,4704,113,ASCENDING,aws:sentinel-s1-l1c,GRD/2026/9/23/IW/DV/S1D_IW_GRDH_1SDV_20260923T102451_20260923T102520_004704_008CB9_0199,22403.0,0.006,2026-07-04,2026-10-02
S1C_IW_GRDH_1SDV_20260923T111046_20260923T111116_009574_0130D7_9EC9,SENTINEL-1C,S1C,IW,DV,VV+VH,2026-09-23 11:10:46,2026-09-23 11:11:16,9574,26,ASCENDING,aws:sentinel-s1-l1c,GRD/2026/9/23/IW/DV/S1C_IW_GRDH_1SDV_20260923T111046_20260923T111116_009574_0130D7_9EC9,1742.2,0.0,2026-07-04,2026-10-02
S1D_IW_GRDH_1SDV_20260923T223520_20260923T223549_004711_008CFD_4986,SENTINEL-1D,S1D,IW,DV,VV+VH,2026-09-23 22:35:20,2026-09-23 22:35:49,4711,120,DESCENDING,aws:sentinel-s1-l1c,GRD/2026/9/23/IW/DV/S1D_IW_GRDH_1SDV_20260923T223520_20260923T223549_004711_008CFD_4986,26263.2,0.007,2026-07-04,2026-10-02
S1D_IW_GRDH_1SDV_20260923T223549_20260923T223614_004711_008CFD_0562,SENTINEL-1D,S1D,IW,DV,VV+VH,2026-09-23 22:35:49,2026-09-23 22:36:14,4711,120,DESCENDING,aws:sentinel-s1-l1c,GRD/2026/9/23/IW/DV/S1D_IW_GRDH_1SDV_20260923T223549_20260923T223614_004711_008CFD_0562,6870.1,0.002,2026-07-04,2026-10-02
S1D_IW_GRDH_1SDV_20260923T223614_20260923T223639_004711_008CFD_2484,SENTINEL-1D,S1D,IW,DV,VV+VH,2026-09-23 22:36:14,2026-09-23 22:36:39,4711,120,DESCENDING,aws:sentinel-s1-l1c,GRD/2026/9/23/IW/DV/S1D_IW_GRDH_1SDV_20260923T223614_20260923T223639_004711_008CFD_2484,2503.8,0.001,2026-07-04,2026-10-02
S1D_IW_GRDH_1SDV_20260923T223639_20260923T223707_004711_008CFD_E278,SENTINEL-1D,S1D,IW,DV,VV+VH,2026-09-23 22:36:39,2026-09-23 22:37:07,4711,120,DESCENDING,aws:sentinel-s1-l1c,GRD/2026/9/23/IW/DV/S1D_IW_GRDH_1SDV_20260923T223639_20260923T223707_004711_008CFD_E278,23501.7,0.006,2026-07-04,2026-10-02
S1D_IW_GRDH_1SDV_20260923T223836_20260923T223905_004711_008CFE_E3E5,SENTINEL-1D,S1D,IW,DV,VV+VH,2026-09-23 22:38:36,2026-09-23 22:39:05,4711,120,DESCENDING,aws:sentinel-s1-l1c,GRD/2026/9/23/IW/DV/S1D_IW_GRDH_1SDV_20260923T223836_20260923T223905_004711_008CFE_E3E5,46593.8,0.013,2026-07-04,2026-10-02
S1D_IW_GRDH_1SDV_20260923T223905_20260923T223930_004711_008CFE_5A70,SENTINEL-1D,S1D,IW,DV,VV+VH,2026-09-23 22:39:05,2026-09-23 22:39:30,4711,120,DESCENDING,aws:sentinel-s1-l1c,GRD/2026/9/23/IW/DV/S1D_IW_GRDH_1SDV_20260923T223905_20260923T223930_004711_008CFE_5A70,42739.1,0.012,2026-07-04,2026-10-02
S1D_IW_GRDH_1SDV_20260923T223930_20260923T223955_004711_008CFE_CCBA,SENTINEL-1D,S1D,IW,DV,VV+VH,2026-09-23 22:39:30,2026-09-23 22:39:55,4711,120,DESCENDING,aws:sentinel-s1-l1c,GRD/2026/9/23/IW/DV/S1D_IW_GRDH_1SDV_20260923T223930_20260923T223955_004711_008CFE_CCBA,42580.1,0.012,2026-07-04,2026-10-02
S1D_IW_GRDH_1SDV_20260923T223955_20260923T224020_004711_008CFE_5C4B,SENTINEL-1D,S1D,IW,DV,VV+VH,2026-09-23 22:39:55,2026-09-23 22:40:20,4711,120,DESCENDING,aws:sentinel-s1-l1c,GRD/2026/9/23/IW/DV/S1D_IW_GRDH_1SDV_20260923T223955_20260923T224020_004711_008CFE_5C4B,37221.4,0.01,2026-07-04,2026-10-02
S1D_IW_GRDH_1SDV_20260923T224020_20260923T224045_004711_008CFE_8806,SENTINEL-1D,S1D,IW,DV,VV+VH,2026-09-23 22:40:20,2026-09-23 22:40:45,4711,120,DESCENDING,aws:sentinel-s1-l1c,GRD/2026/9/23/IW/DV/S1D_IW_GRDH_1SDV_20260923T224020_20260923T224045_004711_008CFE_8806,9299.7,0.003,2026-07-04,2026-10-02
S1D_IW_GRDH_1SDV_20260924T110238_20260924T110308_004719_008D42_3047,SENTINEL-1D,S1D,IW,DV,VV+VH,2026-09-24 11:02:38,2026-09-24 11:03:08,4719,128,ASCENDING,aws:sentinel-s1-l1c,GRD/2026/9/24/IW/DV/S1D_IW_GRDH_1SDV_20260924T110238_20260924T110308_004719_008D42_3047,20130.3,0.006,2026-07-04,2026-10-02
S1D_IW_GRDH_1SDV_20260924T110423_20260924T110448_004719_008D42_2D57,SENTINEL-1D,S1D,IW,DV,VV+VH,2026-09-24 11:04:23,2026-09-24 11:04:48,4719,128,ASCENDING,aws:sentinel-s1-l1c,GRD/2026/9/24/IW/DV/S1D_IW_GRDH_1SDV_20260924T110423_20260924T110448_004719_008D42_2D57,3776.1,0.001,2026-07-04,2026-10-02
S1D_IW_GRDH_1SDV_20260924T110448_20260924T110513_004719_008D42_F063,SENTINEL-1D,S1D,IW,DV,VV+VH,2026-09-24 11:04:48,2026-09-24 11:05:13,4719,128,ASCENDING,aws:sentinel-s1-l1c,GRD/2026/9/24/IW/DV/S1D_IW_GRDH_1SDV_20260924T110448_20260924T110513_004719_008D42_F063,17062.4,0.005,2026-07-04,2026-10-02
S1D_IW_GRDH_1SDV_20260924T110513_20260924T110538_004719_008D42_00E0,SENTINEL-1D,S1D,IW,DV,VV+VH,2026-09-24 11:05:13,2026-09-24 11:05:38,4719,128,ASCENDING,aws:sentinel-s1-l1c,GRD/2026/9/24/IW/DV/S1D_IW_GRDH_1SDV_20260924T110513_20260924T110538_004719_008D42_00E0,11948.8,0.003,2026-07-04,2026-10-02
S1C_IW_GRDH_1SDV_20260926T095846_20260926T095911_009617_01323A_4EB3,SENTINEL-1C,S1C,IW,DV,VV+VH,2026-09-26 09:58:46,2026-09-26 09:59:11,9617,69,ASCENDING,aws:sentinel-s1-l1c,GRD/2026/9/26/IW/DV/S1C_IW_GRDH_1SDV_20260926T095846_20260926T095911_009617_01323A_4EB3,8414.4,0.002,2026-07-04,2026-10-02
S1C_IW_GRDH_1SDV_20260926T095911_20260926T095925_009617_01323A_DDFA,SENTINEL-1C,S1C,IW,DV,VV+VH,2026-09-26 09:59:11,2026-09-26 09:59:25,9617,69,ASCENDING,aws:sentinel-s1-l1c,GRD/2026/9/26/IW/DV/S1C_IW_GRDH_1SDV_20260926T095911_20260926T095925_009617_01323A_DDFA,12649.5,0.003,2026-07-04,2026-10-02
S1C_IW_GRDH_1SDV_20260926T095951_20260926T100021_009617_01323B_FA65,SENTINEL-1C,S1C,IW,DV,VV+VH,2026-09-26 09:59:51,2026-09-26 10:00:21,9617,69,ASCENDING,aws:sentinel-s1-l1c,GRD/2026/9/26/IW/DV/S1C_IW_GRDH_1SDV_20260926T095951_20260926T100021_009617_01323B_FA65,6075.8,0.002,2026-07-04,2026-10-02
S1D_IW_GRDH_1SDV_20260926T104832_20260926T104901_004748_008E3C_D104,SENTINEL-1D,S1D,IW,DV,VV+VH,2026-09-26 10:48:32,2026-09-26 10:49:01,4748,157,ASCENDING,aws:sentinel-s1-l1c,GRD/2026/9/26/IW/DV/S1D_IW_GRDH_1SDV_20260926T104832_20260926T104901_004748_008E3C_D104,12852.1,0.004,2026-07-04,2026-10-02
S1D_IW_GRDH_1SDV_20260926T104901_20260926T104926_004748_008E3C_BD90,SENTINEL-1D,S1D,IW,DV,VV+VH,2026-09-26 10:49:01,2026-09-26 10:49:26,4748,157,ASCENDING,aws:sentinel-s1-l1c,GRD/2026/9/26/IW/DV/S1D_IW_GRDH_1SDV_20260926T104901_20260926T104926_004748_008E3C_BD90,31205.5,0.009,2026-07-04,2026-10-02
S1D_IW_GRDH_1SDV_20260926T104926_20260926T104951_004748_008E3C_C6B2,SENTINEL-1D,S1D,IW,DV,VV+VH,2026-09-26 10:49:26,2026-09-26 10:49:51,4748,157,ASCENDING,aws:sentinel-s1-l1c,GRD/2026/9/26/IW/DV/S1D_IW_GRDH_1SDV_20260926T104926_20260926T104951_004748_008E3C_C6B2,3773.2,0.001,2026-07-04,2026-10-02
S1D_IW_GRDH_1SDV_20260926T230043_20260926T230108_004755_008E7F_C94D,SENTINEL-1D,S1D,IW,DV,VV+VH,2026-09-26 23:00:43,2026-09-26 23:01:08,4755,164,DESCENDING,aws:sentinel-s1-l1c,GRD/2026/9/26/IW/DV/S1D_IW_GRDH_1SDV_20260926T230043_20260926T230108_004755_008E7F_C94D,3698.0,0.001,2026-07-04,2026-10-02
S1D_IW_GRDH_1SDV_20260926T230108_20260926T230133_004755_008E7F_7BEE,SENTINEL-1D,S1D,IW,DV,VV+VH,2026-09-26 23:01:08,2026-09-26 23:01:33,4755,164,DESCENDING,aws:sentinel-s1-l1c,GRD/2026/9/26/IW/DV/S1D_IW_GRDH_1SDV_20260926T230108_20260926T230133_004755_008E7F_7BEE,40943.8,0.011,2026-07-04,2026-10-02
S1D_IW_GRDH_1SDV_20260926T230133_20260926T230158_004755_008E7F_B97B,SENTINEL-1D,S1D,IW,DV,VV+VH,2026-09-26 23:01:33,2026-09-26 23:01:58,4755,164,DESCENDING,aws:sentinel-s1-l1c,GRD/2026/9/26/IW/DV/S1D_IW_GRDH_1SDV_20260926T230133_20260926T230158_004755_008E7F_B97B,42867.5,0.012,2026-07-04,2026-10-02
S1D_IW_GRDH_1SDV_20260926T230158_20260926T230223_004755_008E7F_7D69,SENTINEL-1D,S1D,IW,DV,VV+VH,2026-09-26 23:01:58,2026-09-26 23:02:23,4755,164,DESCENDING,aws:sentinel-s1-l1c,GRD/2026/9/26/IW/DV/S1D_IW_GRDH_1SDV_20260926T230158_20260926T230223_004755_008E7F_7D69,41398.6,0.011,2026-07-04,2026-10-02
S1D_IW_GRDH_1SDV_20260926T230223_20260926T230248_004755_008E7F_1019,SENTINEL-1D,S1D,IW,DV,VV+VH,2026-09-26 23:02:23,2026-09-26 23:02:48,4755,164,DESCENDING,aws:sentinel-s1-l1c,GRD/2026/9/26/IW/DV/S1D_IW_GRDH_1SDV_20260926T230223_20260926T230248_004755_008E7F_1019,19705.3,0.005,2026-07-04,2026-10-02
S1D_IW_GRDH_1SDV_20260927T112330_20260927T112355_004762_008EC4_8FD8,SENTINEL-1D,S1D,IW,DV,VV+VH,2026-09-27 11:23:30,2026-09-27 11:23:55,4762,171,ASCENDING,aws:sentinel-s1-l1c,GRD/2026/9/27/IW/DV/S1D_IW_GRDH_1SDV_20260927T112330_20260927T112355_004762_008EC4_8FD8,148.6,0.0,2026-07-04,2026-10-02
S1D_IW_GRDH_1SDV_20260927T112355_20260927T112420_004762_008EC4_EC7B,SENTINEL-1D,S1D,IW,DV,VV+VH,2026-09-27 11:23:55,2026-09-27 11:24:20,4762,171,ASCENDING,aws:sentinel-s1-l1c,GRD/2026/9/27/IW/DV/S1D_IW_GRDH_1SDV_20260927T112355_20260927T112420_004762_008EC4_EC7B,7051.5,0.002,2026-07-04,2026-10-02
S1D_IW_GRDH_1SDV_20260927T112420_20260927T112445_004762_008EC4_9A11,SENTINEL-1D,S1D,IW,DV,VV+VH,2026-09-27 11:24:20,2026-09-27 11:24:45,4762,171,ASCENDING,aws:sentinel-s1-l1c,GRD/2026/9/27/IW/DV/S1D_IW_GRDH_1SDV_20260927T112420_20260927T112445_004762_008EC4_9A11,17737.6,0.005,2026-07-04,2026-10-02
S1D_IW_GRDH_1SDV_20260927T112445_20260927T112510_004762_008EC4_D69E,SENTINEL-1D,S1D,IW,DV,VV+VH,2026-09-27 11:24:45,2026-09-27 11:25:10,4762,171,ASCENDING,aws:sentinel-s1-l1c,GRD/2026/9/27/IW/DV/S1D_IW_GRDH_1SDV_20260927T112445_20260927T112510_004762_008EC4_D69E,10244.6,0.003,2026-07-04,2026-10-02
S1D_IW_GRDH_1SDV_20260927T112510_20260927T112535_004763_008EC4_72BF,SENTINEL-1D,S1D,IW,DV,VV+VH,2026-09-27 11:25:10,2026-09-27 11:25:35,4763,172,ASCENDING,aws:sentinel-s1-l1c,GRD/2026/9/27/IW/DV/S1D_IW_GRDH_1SDV_20260927T112510_20260927T112535_004763_008EC4_72BF,6402.7,0.002,2026-07-04,2026-10-02
S1D_IW_GRDH_1SDV_20260927T112535_20260927T112600_004763_008EC4_9F09,SENTINEL-1D,S1D,IW,DV,VV+VH,2026-09-27 11:25:35,2026-09-27 11:26:00,4763,172,ASCENDING,aws:sentinel-s1-l1c,GRD/2026/9/27/IW/DV/S1D_IW_GRDH_1SDV_20260927T112535_20260927T112600_004763_008EC4_9F09,4876.7,0.001,2026-07-04,2026-10-02
S1D_IW_GRDH_1SDV_20260927T112600_20260927T112625_004763_008EC4_F25E,SENTINEL-1D,S1D,IW,DV,VV+VH,2026-09-27 11:26:00,2026-09-27 11:26:25,4763,172,ASCENDING,aws:sentinel-s1-l1c,GRD/2026/9/27/IW/DV/S1D_IW_GRDH_1SDV_20260927T112600_20260927T112625_004763_008EC4_F25E,12828.7,0.004,2026-07-04,2026-10-02
S1D_IW_GRDH_1SDV_20260927T112625_20260927T112650_004763_008EC4_BED5,SENTINEL-1D,S1D,IW,DV,VV+VH,2026-09-27 11:26:25,2026-09-27 11:26:50,4763,172,ASCENDING,aws:sentinel-s1-l1c,GRD/2026/9/27/IW/DV/S1D_IW_GRDH_1SDV_20260927T112625_20260927T112650_004763_008EC4_BED5,36528.5,0.01,2026-07-04,2026-10-02
S1D_IW_GRDH_1SDV_20260927T112650_20260927T112715_004763_008EC4_2223,SENTINEL-1D,S1D,IW,DV,VV+VH,2026-09-27 11:26:50,2026-09-27 11:27:15,4763,172,ASCENDING,aws:sentinel-s1-l1c,GRD/2026/9/27/IW/DV/S1D_IW_GRDH_1SDV_20260927T112650_20260927T112715_004763_008EC4_2223,42899.5,0.012,2026-07-04,2026-10-02
S1D_IW_GRDH_1SDV_20260927T112715_20260927T112740_004763_008EC4_D849,SENTINEL-1D,S1D,IW,DV,VV+VH,2026-09-27 11:27:15,2026-09-27 11:27:40,4763,172,ASCENDING,aws:sentinel-s1-l1c,GRD/2026/9/27/IW/DV/S1D_IW_GRDH_1SDV_20260927T112715_20260927T112740_004763_008EC4_D849,42914.7,0.012,2026-07-04,2026-10-02
S1D_IW_GRDH_1SDV_20260927T112740_20260927T112805_004763_008EC4_B5BE,SENTINEL-1D,S1D,IW,DV,VV+VH,2026-09-27 11:27:40,2026-09-27 11:28:05,4763,172,ASCENDING,aws:sentinel-s1-l1c,GRD/2026/9/27/IW/DV/S1D_IW_GRDH_1SDV_20260927T112740_20260927T112805_004763_008EC4_B5BE,42102.3,0.012,2026-07-04,2026-10-02
S1D_IW_GRDH_1SDV_20260927T112805_20260927T112830_004763_008EC4_1F47,SENTINEL-1D,S1D,IW,DV,VV+VH,2026-09-27 11:28:05,2026-09-27 11:28:30,4763,172,ASCENDING,aws:sentinel-s1-l1c,GRD/2026/9/27/IW/DV/S1D_IW_GRDH_1SDV_20260927T112805_20260927T112830_004763_008EC4_1F47,13393.9,0.004,2026-07-04,2026-10-02
S1D_IW_GRDH_1SDV_20260927T220501_20260927T220530_004769_008EFE_A7BB,SENTINEL-1D,S1D,IW,DV,VV+VH,2026-09-27 22:05:01,2026-09-27 22:05:30,4769,3,DESCENDING,aws:sentinel-s1-l1c,GRD/2026/9/27/IW/DV/S1D_IW_GRDH_1SDV_20260927T220501_20260927T220530_004769_008EFE_A7BB,40607.1,0.011,2026-07-04,2026-10-02
S1D_IW_GRDH_1SDV_20260927T220530_20260927T220555_004769_008EFE_153D,SENTINEL-1D,S1D,IW,DV,VV+VH,2026-09-27 22:05:30,2026-09-27 22:05:55,4769,3,DESCENDING,aws:sentinel-s1-l1c,GRD/2026/9/27/IW/DV/S1D_IW_GRDH_1SDV_20260927T220530_20260927T220555_004769_008EFE_153D,10686.7,0.003,2026-07-04,2026-10-02
S1C_IW_GRDH_1SDV_20260927T225047_20260927T225116_009639_0132F9_A4BB,SENTINEL-1C,S1C,IW,DV,VV+VH,2026-09-27 22:50:47,2026-09-27 22:51:16,9639,91,DESCENDING,aws:sentinel-s1-l1c,GRD/2026/9/27/IW/DV/S1C_IW_GRDH_1SDV_20260927T225047_20260927T225116_009639_0132F9_A4BB,5770.2,0.002,2026-07-04,2026-10-02
S1C_IW_GRDH_1SDV_20260927T225231_20260927T225307_009639_0132F9_E342,SENTINEL-1C,S1C,IW,DV,VV+VH,2026-09-27 22:52:31,2026-09-27 22:53:07,9639,91,DESCENDING,aws:sentinel-s1-l1c,GRD/2026/9/27/IW/DV/S1C_IW_GRDH_1SDV_20260927T225231_20260927T225307_009639_0132F9_E342,4001.1,0.001,2026-07-04,2026-10-02
S1D_IW_GRDH_1SDV_20260928T103247_20260928T103316_004777_008F4D_3671,SENTINEL-1D,S1D,IW,DV,VV+VH,2026-09-28 10:32:47,2026-09-28 10:33:16,4777,11,ASCENDING,aws:sentinel-s1-l1c,GRD/2026/9/28/IW/DV/S1D_IW_GRDH_1SDV_20260928T103247_20260928T103316_004777_008F4D_3671,36942.1,0.01,2026-07-04,2026-10-02
S1D_IW_GRDH_1SDV_20260928T103316_20260928T103341_004777_008F4D_782E,SENTINEL-1D,S1D,IW,DV,VV+VH,2026-09-28 10:33:16,2026-09-28 10:33:41,4777,11,ASCENDING,aws:sentinel-s1-l1c,GRD/2026/9/28/IW/DV/S1D_IW_GRDH_1SDV_20260928T103316_20260928T103341_004777_008F4D_782E,1280.9,0.0,2026-07-04,2026-10-02
S1C_IW_GRDH_1SDV_20260928T111904_20260928T111933_009647_01333F_7FE0,SENTINEL-1C,S1C,IW,DV,VV+VH,2026-09-28 11:19:04,2026-09-28 11:19:33,9647,99,ASCENDING,aws:sentinel-s1-l1c,GRD/2026/9/28/IW/DV/S1C_IW_GRDH_1SDV_20260928T111904_20260928T111933_009647_01333F_7FE0,24066.0,0.007,2026-07-04,2026-10-02
S1C_IW_GRDH_1SDV_20260928T111933_20260928T111958_009647_01333F_51CB,SENTINEL-1C,S1C,IW,DV,VV+VH,2026-09-28 11:19:33,2026-09-28 11:19:58,9647,99,ASCENDING,aws:sentinel-s1-l1c,GRD/2026/9/28/IW/DV/S1C_IW_GRDH_1SDV_20260928T111933_20260928T111958_009647_01333F_51CB,4402.6,0.001,2026-07-04,2026-10-02
S1C_IW_GRDH_1SDV_20260928T215153_20260928T215218_009653_01336F_1AB0,SENTINEL-1C,S1C,IW,DV,VV+VH,2026-09-28 21:51:53,2026-09-28 21:52:18,9653,105,DESCENDING,aws:sentinel-s1-l1c,GRD/2026/9/28/IW/DV/S1C_IW_GRDH_1SDV_20260928T215153_20260928T215218_009653_01336F_1AB0,6761.9,0.002,2026-07-04,2026-10-02
S1C_IW_GRDH_1SDV_20260928T215218_20260928T215232_009653_01336F_1287,SENTINEL-1C,S1C,IW,DV,VV+VH,2026-09-28 21:52:18,2026-09-28 21:52:32,9653,105,DESCENDING,aws:sentinel-s1-l1c,GRD/2026/9/28/IW/DV/S1C_IW_GRDH_1SDV_20260928T215218_20260928T215232_009653_01336F_1287,14490.4,0.004,2026-07-04,2026-10-02
S1C_IW_GRDH_1SDV_20260928T215314_20260928T215343_009653_013370_B1BF,SENTINEL-1C,S1C,IW,DV,VV+VH,2026-09-28 21:53:14,2026-09-28 21:53:43,9653,105,DESCENDING,aws:sentinel-s1-l1c,GRD/2026/9/28/IW/DV/S1C_IW_GRDH_1SDV_20260928T215314_20260928T215343_009653_013370_B1BF,42711.3,0.012,2026-07-04,2026-10-02
S1C_IW_GRDH_1SDV_20260928T215343_20260928T215408_009653_013370_4EC5,SENTINEL-1C,S1C,IW,DV,VV+VH,2026-09-28 21:53:43,2026-09-28 21:54:08,9653,105,DESCENDING,aws:sentinel-s1-l1c,GRD/2026/9/28/IW/DV/S1C_IW_GRDH_1SDV_20260928T215343_20260928T215408_009653_013370_4EC5,38685.7,0.011,2026-07-04,2026-10-02
S1C_IW_GRDH_1SDV_20260928T215408_20260928T215422_009653_013370_A8DF,SENTINEL-1C,S1C,IW,DV,VV+VH,2026-09-28 21:54:08,2026-09-28 21:54:22,9653,105,DESCENDING,aws:sentinel-s1-l1c,GRD/2026/9/28/IW/DV/S1C_IW_GRDH_1SDV_20260928T215408_20260928T215422_009653_013370_A8DF,19532.9,0.005,2026-07-04,2026-10-02
S1D_IW_GRDH_1SDV_20260928T224257_20260928T224326_004784_008F8A_65C3,SENTINEL-1D,S1D,IW,DV,VV+VH,2026-09-28 22:42:57,2026-09-28 22:43:26,4784,18,DESCENDING,aws:sentinel-s1-l1c,GRD/2026/9/28/IW/DV/S1D_IW_GRDH_1SDV_20260928T224257_20260928T224326_004784_008F8A_65C3,35201.4,0.01,2026-07-04,2026-10-02
S1D_IW_GRDH_1SDV_20260928T224326_20260928T224351_004784_008F8A_7100,SENTINEL-1D,S1D,IW,DV,VV+VH,2026-09-28 22:43:26,2026-09-28 22:43:51,4784,18,DESCENDING,aws:sentinel-s1-l1c,GRD/2026/9/28/IW/DV/S1D_IW_GRDH_1SDV_20260928T224326_20260928T224351_004784_008F8A_7100,1666.6,0.0,2026-07-04,2026-10-02
S1D_IW_GRDH_1SDV_20260928T224506_20260928T224531_004784_008F8A_9B63,SENTINEL-1D,S1D,IW,DV,VV+VH,2026-09-28 22:45:06,2026-09-28 22:45:31,4784,18,DESCENDING,aws:sentinel-s1-l1c,GRD/2026/9/28/IW/DV/S1D_IW_GRDH_1SDV_20260928T224506_20260928T224531_004784_008F8A_9B63,11569.7,0.003,2026-07-04,2026-10-02
S1D_IW_GRDH_1SDV_20260928T224531_20260928T224550_004784_008F8A_C300,SENTINEL-1D,S1D,IW,DV,VV+VH,2026-09-28 22:45:31,2026-09-28 22:45:50,4784,18,DESCENDING,aws:sentinel-s1-l1c,GRD/2026/9/28/IW/DV/S1D_IW_GRDH_1SDV_20260928T224531_20260928T224550_004784_008F8A_C300,24149.5,0.007,2026-07-04,2026-10-02
S1D_IW_GRDH_1SDV_20260929T110710_20260929T110737_004791_008FC5_6E0D,SENTINEL-1D,S1D,IW,DV,VV+VH,2026-09-29 11:07:10,2026-09-29 11:07:37,4791,25,ASCENDING,aws:sentinel-s1-l1c,GRD/2026/9/29/IW/DV/S1D_IW_GRDH_1SDV_20260929T110710_20260929T110737_004791_008FC5_6E0D,14634.2,0.004,2026-07-04,2026-10-02
S1D_IW_GRDH_1SDV_20260929T111023_20260929T111053_004792_008FC8_A5CA,SENTINEL-1D,S1D,IW,DV,VV+VH,2026-09-29 11:10:23,2026-09-29 11:10:53,4792,26,ASCENDING,aws:sentinel-s1-l1c,GRD/2026/9/29/IW/DV/S1D_IW_GRDH_1SDV_20260929T111023_20260929T111053_004792_008FC8_A5CA,33423.6,0.009,2026-07-04,2026-10-02
S1D_IW_GRDH_1SDV_20260929T111053_20260929T111118_004792_008FC8_6B16,SENTINEL-1D,S1D,IW,DV,VV+VH,2026-09-29 11:10:53,2026-09-29 11:11:18,4792,26,ASCENDING,aws:sentinel-s1-l1c,GRD/2026/9/29/IW/DV/S1D_IW_GRDH_1SDV_20260929T111053_20260929T111118_004792_008FC8_6B16,6020.1,0.002,2026-07-04,2026-10-02
S1C_IW_GRDH_1SDV_20260929T223510_20260929T223539_009668_0133F9_A9A9,SENTINEL-1C,S1C,IW,DV,VV+VH,2026-09-29 22:35:10,2026-09-29 22:35:39,9668,120,DESCENDING,aws:sentinel-s1-l1c,GRD/2026/9/29/IW/DV/S1C_IW_GRDH_1SDV_20260929T223510_20260929T223539_009668_0133F9_A9A9,23253.9,0.006,2026-07-04,2026-10-02
S1C_IW_GRDH_1SDV_20260929T223539_20260929T223604_009668_0133F9_6407,SENTINEL-1C,S1C,IW,DV,VV+VH,2026-09-29 22:35:39,2026-09-29 22:36:04,9668,120,DESCENDING,aws:sentinel-s1-l1c,GRD/2026/9/29/IW/DV/S1C_IW_GRDH_1SDV_20260929T223539_20260929T223604_009668_0133F9_6407,5737.5,0.002,2026-07-04,2026-10-02
S1C_IW_GRDH_1SDV_20260929T223604_20260929T223629_009668_0133F9_DB47,SENTINEL-1C,S1C,IW,DV,VV+VH,2026-09-29 22:36:04,2026-09-29 22:36:29,9668,120,DESCENDING,aws:sentinel-s1-l1c,GRD/2026/9/29/IW/DV/S1C_IW_GRDH_1SDV_20260929T223604_20260929T223629_009668_0133F9_DB47,3069.2,0.001,2026-07-04,2026-10-02
S1C_IW_GRDH_1SDV_20260929T223629_20260929T223646_009668_0133F9_826B,SENTINEL-1C,S1C,IW,DV,VV+VH,2026-09-29 22:36:29,2026-09-29 22:36:46,9668,120,DESCENDING,aws:sentinel-s1-l1c,GRD/2026/9/29/IW/DV/S1C_IW_GRDH_1SDV_20260929T223629_20260929T223646_009668_0133F9_826B,10300.3,0.003,2026-07-04,2026-10-02
S1D_IW_GRDH_1SDV_20260930T101650_20260930T101719_004806_00904A_0D14,SENTINEL-1D,S1D,IW,DV,VV+VH,2026-09-30 10:16:50,2026-09-30 10:17:19,4806,40,ASCENDING,aws:sentinel-s1-l1c,GRD/2026/9/30/IW/DV/S1D_IW_GRDH_1SDV_20260930T101650_20260930T101719_004806_00904A_0D14,20331.2,0.006,2026-07-04,2026-10-02
S1C_IW_GRDH_1SDV_20261001T100536_20261001T100601_009690_0134BE_6097,SENTINEL-1C,S1C,IW,DV,VV+VH,2026-10-01 10:05:36,2026-10-01 10:06:01,9690,142,ASCENDING,aws:sentinel-s1-l1c,GRD/2026/10/1/IW/DV/S1C_IW_GRDH_1SDV_20261001T100536_20261001T100601_009690_0134BE_6097,10145.2,0.003,2026-07-04,2026-10-02
S1C_IW_GRDH_1SDV_20261001T100601_20261001T100626_009690_0134BE_3FEA,SENTINEL-1C,S1C,IW,DV,VV+VH,2026-10-01 10:06:01,2026-10-01 10:06:26,9690,142,ASCENDING,aws:sentinel-s1-l1c,GRD/2026/10/1/IW/DV/S1C_IW_GRDH_1SDV_20261001T100601_20261001T100626_009690_0134BE_3FEA,11625.1,0.003,2026-07-04,2026-10-02
S1C_IW_GRDH_1SDV_20261001T100626_20261001T100651_009690_0134BE_5B95,SENTINEL-1C,S1C,IW,DV,VV+VH,2026-10-01 10:06:26,2026-10-01 10:06:51,9690,142,ASCENDING,aws:sentinel-s1-l1c,GRD/2026/10/1/IW/DV/S1C_IW_GRDH_1SDV_20261001T100626_20261001T100651_009690_0134BE_5B95,11510.3,0.003,2026-07-04,2026-10-02
S1C_IW_GRDH_1SDV_20261001T100651_20261001T100723_009690_0134BE_AF99,SENTINEL-1C,S1C,IW,DV,VV+VH,2026-10-01 10:06:51,2026-10-01 10:07:23,9690,142,ASCENDING,aws:sentinel-s1-l1c,GRD/2026/10/1/IW/DV/S1C_IW_GRDH_1SDV_20261001T100651_20261001T100723_009690_0134BE_AF99,35455.5,0.01,2026-07-04,2026-10-02
S1D_IW_GRDH_1SDV_20261001T105438_20261001T105507_004821_0090D7_F6D0,SENTINEL-1D,S1D,IW,DV,VV+VH,2026-10-01 10:54:38,2026-10-01 10:55:07,4821,55,ASCENDING,aws:sentinel-s1-l1c,GRD/2026/10/1/IW/DV/S1D_IW_GRDH_1SDV_20261001T105438_20261001T105507_004821_0090D7_F6D0,34568.6,0.009,2026-07-04,2026-10-02
S1D_IW_GRDH_1SDV_20261001T105507_20261001T105532_004821_0090D7_7FB9,SENTINEL-1D,S1D,IW,DV,VV+VH,2026-10-01 10:55:07,2026-10-01 10:55:32,4821,55,ASCENDING,aws:sentinel-s1-l1c,GRD/2026/10/1/IW/DV/S1D_IW_GRDH_1SDV_20261001T105507_20261001T105532_004821_0090D7_7FB9,15549.9,0.004,2026-07-04,2026-10-02
S1D_IW_GRDH_1SDV_20261001T105532_20261001T105557_004821_0090D7_9C64,SENTINEL-1D,S1D,IW,DV,VV+VH,2026-10-01 10:55:32,2026-10-01 10:55:57,4821,55,ASCENDING,aws:sentinel-s1-l1c,GRD/2026/10/1/IW/DV/S1D_IW_GRDH_1SDV_20261001T105532_20261001T105557_004821_0090D7_9C64,14007.0,0.004,2026-07-04,2026-10-02
S1D_IW_GRDH_1SDV_20261001T105557_20261001T105622_004821_0090D7_352A,SENTINEL-1D,S1D,IW,DV,VV+VH,2026-10-01 10:55:57,2026-10-01 10:56:22,4821,55,ASCENDING,aws:sentinel-s1-l1c,GRD/2026/10/1/IW/DV/S1D_IW_GRDH_1SDV_20261001T105557_20261001T105622_004821_0090D7_352A,24101.4,0.007,2026-07-04,2026-10-02
S1D_IW_GRDH_1SDV_20261001T105622_20261001T105647_004821_0090D7_9C29,SENTINEL-1D,S1D,IW,DV,VV+VH,2026-10-01 10:56:22,2026-10-01 10:56:47,4821,55,ASCENDING,aws:sentinel-s1-l1c,GRD/2026/10/1/IW/DV/S1D_IW_GRDH_1SDV_20261001T105622_20261001T105647_004821_0090D7_9C29,40848.8,0.011,2026-07-04,2026-10-02
S1D_IW_GRDH_1SDV_20261001T105647_20261001T105712_004821_0090D7_6478,SENTINEL-1D,S1D,IW,DV,VV+VH,2026-10-01 10:56:47,2026-10-01 10:57:12,4821,55,ASCENDING,aws:sentinel-s1-l1c,GRD/2026/10/1/IW/DV/S1D_IW_GRDH_1SDV_20261001T105647_20261001T105712_004821_0090D7_6478,38961.5,0.011,2026-07-04,2026-10-02
S1D_IW_GRDH_1SDV_20261001T105712_20261001T105737_004821_0090D7_F932,SENTINEL-1D,S1D,IW,DV,VV+VH,2026-10-01 10:57:12,2026-10-01 10:57:37,4821,55,ASCENDING,aws:sentinel-s1-l1c,GRD/2026/10/1/IW/DV/S1D_IW_GRDH_1SDV_20261001T105712_20261001T105737_004821_0090D7_F932,36114.1,0.01,2026-07-04,2026-10-02
S1D_IW_GRDH_1SDV_20261001T105737_20261001T105802_004821_0090D7_4AF3,SENTINEL-1D,S1D,IW,DV,VV+VH,2026-10-01 10:57:37,2026-10-01 10:58:02,4821,55,ASCENDING,aws:sentinel-s1-l1c,GRD/2026/10/1/IW/DV/S1D_IW_GRDH_1SDV_20261001T105737_20261001T105802_004821_0090D7_4AF3,1042.8,0.0,2026-07-04,2026-10-02
S1D_IW_GRDH_1SDV_20261001T230840_20261001T230905_004828_00911A_9B80,SENTINEL-1D,S1D,IW,DV,VV+VH,2026-10-01 23:08:40,2026-10-01 23:09:05,4828,62,DESCENDING,aws:sentinel-s1-l1c,GRD/2026/10/1/IW/DV/S1D_IW_GRDH_1SDV_20261001T230840_20261001T230905_004828_00911A_9B80,3325.3,0.001,2026-07-04,2026-10-02
S1D_IW_GRDH_1SDV_20261001T230905_20261001T230930_004828_00911A_F685,SENTINEL-1D,S1D,IW,DV,VV+VH,2026-10-01 23:09:05,2026-10-01 23:09:30,4828,62,DESCENDING,aws:sentinel-s1-l1c,GRD/2026/10/1/IW/DV/S1D_IW_GRDH_1SDV_20261001T230905_20261001T230930_004828_00911A_F685,20455.3,0.006,2026-07-04,2026-10-02
S1D_IW_GRDH_1SDV_20261001T230930_20261001T230955_004828_00911A_9C8F,SENTINEL-1D,S1D,IW,DV,VV+VH,2026-10-01 23:09:30,2026-10-01 23:09:55,4828,62,DESCENDING,aws:sentinel-s1-l1c,GRD/2026/10/1/IW/DV/S1D_IW_GRDH_1SDV_20261001T230930_20261001T230955_004828_00911A_9C8F,25826.2,0.007,2026-07-04,2026-10-02
S1D_IW_GRDH_1SDV_20261001T230955_20261001T231020_004828_00911A_6240,SENTINEL-1D,S1D,IW,DV,VV+VH,2026-10-01 23:09:55,2026-10-01 23:10:20,4828,62,DESCENDING,aws:sentinel-s1-l1c,GRD/2026/10/1/IW/DV/S1D_IW_GRDH_1SDV_20261001T230955_20261001T231020_004828_00911A_6240,20013.1,0.005,2026-07-04,2026-10-02
S1D_IW_GRDH_1SDV_20261001T231020_20261001T231045_004828_00911A_31B0,SENTINEL-1D,S1D,IW,DV,VV+VH,2026-10-01 23:10:20,2026-10-01 23:10:45,4828,62,DESCENDING,aws:sentinel-s1-l1c,GRD/2026/10/1/IW/DV/S1D_IW_GRDH_1SDV_20261001T231020_20261001T231045_004828_00911A_31B0,567.4,0.0,2026-07-04,2026-10-02
